generation,molecule_rank,smiles,score,mean_score,max_score,min_score,std_score,total_oracle_calls,is_offspring,parent_info,explanation,prompt
0,1,O=C(CCn1nnc2cc(-c3noc(Cc4ccc(Cl)cc4)n3)ccc21)N1CCCC1,0.0,0.016583333333333335,0.19,0.0,0.024065737516690035,120,,,,
0,2,O=C1N[C@@H](c2ccccc2F)c2c1oc1ccccc1c2=O,0.01,0.016583333333333335,0.19,0.0,0.024065737516690035,120,,,,
0,3,Cc1nonc1CC(=O)N1CCC[C@H](C(=O)Nc2ccc(-c3ccn[nH]3)cc2)C1,0.06,0.016583333333333335,0.19,0.0,0.024065737516690035,120,,,,
0,4,CS(=O)(=O)N[C@H]1CCN(c2ccc(Cl)c(F)c2)C1=O,0.01,0.016583333333333335,0.19,0.0,0.024065737516690035,120,,,,
0,5,C[C@H]([NH2+][C@H]1CCOC1)c1ccnc(Cl)c1,0.03,0.016583333333333335,0.19,0.0,0.024065737516690035,120,,,,
0,6,CCC(C)(C)NC(=O)c1ccc(NC(=O)N[C@@H](C)[C@H]2CCCO2)cc1,0.01,0.016583333333333335,0.19,0.0,0.024065737516690035,120,,,,
0,7,CSCC[C@H](NC(=O)N[C@@H]1CCCCC1(C)C)C(=O)[O-],0.01,0.016583333333333335,0.19,0.0,0.024065737516690035,120,,,,
0,8,COc1cc(-c2noc(C3C[C@@H](C)O[C@@H](C)C3)n2)ccn1,0.03,0.016583333333333335,0.19,0.0,0.024065737516690035,120,,,,
0,9,CCS(=O)(=O)c1ccc(C(=O)Nc2cc(C)nn2-c2nc3c(Cl)cccc3s2)cc1,0.0,0.016583333333333335,0.19,0.0,0.024065737516690035,120,,,,
0,10,CCCCO[C@@H]1C[C@H](NC(=O)c2occc2Br)C1(C)C,0.02,0.016583333333333335,0.19,0.0,0.024065737516690035,120,,,,
0,11,CC(C)C(=O)Nc1nc2ccc(CCC(=O)NCc3ccccc3Cl)cc2s1,0.01,0.016583333333333335,0.19,0.0,0.024065737516690035,120,,,,
0,12,NC(=O)c1cccc(CNC(=O)CSc2nc3ccccc3o2)c1,0.02,0.016583333333333335,0.19,0.0,0.024065737516690035,120,,,,
0,13,O=C(N1CCOCC1)C12C[C@H]3C[C@@H](C1)CC(c1ccc([N+](=O)[O-])cc1)(C3)C2,0.07,0.016583333333333335,0.19,0.0,0.024065737516690035,120,,,,
0,14,Cc1nn(-c2ccccc2)c(C)c1NC(=O)CN1CCc2cc(F)ccc2C1,0.01,0.016583333333333335,0.19,0.0,0.024065737516690035,120,,,,
0,15,CC[NH2+][C@@H](C)[C@@H]1CCCC(C)(C)CC1,0.0,0.016583333333333335,0.19,0.0,0.024065737516690035,120,,,,
0,16,C/C=C/C(=O)NCC(=O)Nc1cccc(C)c1C,0.0,0.016583333333333335,0.19,0.0,0.024065737516690035,120,,,,
0,17,COc1ccc(CNC(=O)c2cc(OC)c(OC)cc2[N+](=O)[O-])cn1,0.05,0.016583333333333335,0.19,0.0,0.024065737516690035,120,,,,
0,18,CC(C)OCCS(=O)(=O)N1CC(N2CC[NH2+]CC2)C1,0.0,0.016583333333333335,0.19,0.0,0.024065737516690035,120,,,,
0,19,COc1ccc(C[C@H](C)C[NH+](C)Cc2cn3cccnc3n2)cc1,0.01,0.016583333333333335,0.19,0.0,0.024065737516690035,120,,,,
0,20,COc1ccc(CNC(=O)Nc2ccc(CC(N)=O)cc2)cc1OC,0.0,0.016583333333333335,0.19,0.0,0.024065737516690035,120,,,,
0,21,CCC[C@@H](C(=O)N1CCN(CC(=O)Nc2c(C)cccc2C)CC1)c1ccccc1,0.02,0.016583333333333335,0.19,0.0,0.024065737516690035,120,,,,
0,22,Cc1nc2ccc(NC(=O)N3CCC[C@@H](C)CC3)cc2o1,0.0,0.016583333333333335,0.19,0.0,0.024065737516690035,120,,,,
0,23,COc1cc(C)c(CN2CCN(C(=O)c3ccc(N4CCCCC4)c([N+](=O)[O-])c3)CC2)cc1OC,0.03,0.016583333333333335,0.19,0.0,0.024065737516690035,120,,,,
0,24,CCN(Cc1ccc(OC)cc1)C(=O)[C@H](C)Cc1ccccc1F,0.0,0.016583333333333335,0.19,0.0,0.024065737516690035,120,,,,
0,25,CCc1nsc(NCC(=O)NC(C)(C)C)n1,0.01,0.016583333333333335,0.19,0.0,0.024065737516690035,120,,,,
0,26,Cc1ccc2nc(N3CCC(C(=O)NCC(C)(C)CO)CC3)nc(C)c2c1,0.03,0.016583333333333335,0.19,0.0,0.024065737516690035,120,,,,
0,27,COc1ccc(Oc2ccc(Cl)nn2)cc1,0.0,0.016583333333333335,0.19,0.0,0.024065737516690035,120,,,,
0,28,O=C(NCc1ccccc1)c1cccc(S(=O)(=O)N2CCCCCC2)c1,0.0,0.016583333333333335,0.19,0.0,0.024065737516690035,120,,,,
0,29,COc1ccc([C@H](NC(=O)c2ccc3nccnc3c2)C2CCOCC2)cc1,0.02,0.016583333333333335,0.19,0.0,0.024065737516690035,120,,,,
0,30,CCc1ccc(C(=O)OCC(=O)C2=c3ccccc3=[NH+]C2)cc1,0.0,0.016583333333333335,0.19,0.0,0.024065737516690035,120,,,,
0,31,Cc1ccc(C(=O)CCC(=O)NCc2ccncc2)cc1,0.0,0.016583333333333335,0.19,0.0,0.024065737516690035,120,,,,
0,32,COc1cc(-c2ccccc2)sc1C(=O)NC[C@@H](O)C(C)(C)C,0.02,0.016583333333333335,0.19,0.0,0.024065737516690035,120,,,,
0,33,C[C@@H]1COCCN1Cc1ccc(C(=O)NN)cn1,0.03,0.016583333333333335,0.19,0.0,0.024065737516690035,120,,,,
0,34,CC(C)CN1CCO[C@@H](CNC(=O)c2ccc3[nH]nnc3c2)C1,0.0,0.016583333333333335,0.19,0.0,0.024065737516690035,120,,,,
0,35,CCC(=O)Nc1ccc(C)c(NC(=O)C[C@@H]2CCCO2)c1,0.0,0.016583333333333335,0.19,0.0,0.024065737516690035,120,,,,
0,36,CS[C@@H](C)c1cccc(NC(=O)c2cn(C)nc2-c2ccccc2)c1,0.05,0.016583333333333335,0.19,0.0,0.024065737516690035,120,,,,
0,37,Cc1ccccc1C(=O)Nc1ccc2c(N3CCCC3)ncnc2c1,0.19,0.016583333333333335,0.19,0.0,0.024065737516690035,120,,,,
0,38,Cc1ccc(NC(=O)CN2C(=O)S/C(=C/c3c(F)cccc3Cl)C2=O)cc1,0.04,0.016583333333333335,0.19,0.0,0.024065737516690035,120,,,,
0,39,CCCN(C)c1nccn2c(=O)n(CC(=O)Nc3cccc(SC)c3)nc12,0.01,0.016583333333333335,0.19,0.0,0.024065737516690035,120,,,,
0,40,O=C(Nc1ccc(-c2nnc3n2CCCCC3)cc1)c1ccccc1C(F)(F)F,0.01,0.016583333333333335,0.19,0.0,0.024065737516690035,120,,,,
0,41,CC(C)c1cccc(C(C)C)c1NC(=O)CCN1C(=O)[C@H]2CC[C@@](C)(C1=O)C2(C)C,0.01,0.016583333333333335,0.19,0.0,0.024065737516690035,120,,,,
0,42,C[C@H](SCCN1C(=O)NC(C)(C)C1=O)C(=O)NC1CCCCC1,0.0,0.016583333333333335,0.19,0.0,0.024065737516690035,120,,,,
0,43,CC[C@@H](C)[C@H](C)[NH+](Cc1ccccc1NC(C)=O)C1CC1,0.0,0.016583333333333335,0.19,0.0,0.024065737516690035,120,,,,
0,44,Cc1nn(C)cc1CNC(=O)c1ccc(Cn2cc(Cl)c([N+](=O)[O-])n2)cc1,0.05,0.016583333333333335,0.19,0.0,0.024065737516690035,120,,,,
0,45,Cc1cccc(CN(C(=O)c2cccc(N3CCNC3=O)c2)C(C)C)c1,0.01,0.016583333333333335,0.19,0.0,0.024065737516690035,120,,,,
0,46,O=C(NCCC(F)(F)F)N1CCOc2ccccc2C1,0.0,0.016583333333333335,0.19,0.0,0.024065737516690035,120,,,,
0,47,COc1ccc(C(=O)N2C[C@@H](C)[NH2+]C[C@H]2C)cc1O,0.01,0.016583333333333335,0.19,0.0,0.024065737516690035,120,,,,
0,48,Cc1nn(C)cc1CN1C[C@H](CO)OC[C@@H]1C,0.02,0.016583333333333335,0.19,0.0,0.024065737516690035,120,,,,
0,49,CC(=O)Nc1ccc(NCc2ccccc2F)c(C(F)(F)F)c1,0.08,0.016583333333333335,0.19,0.0,0.024065737516690035,120,,,,
0,50,CCC(=O)Oc1ccc2cc(C(=O)NCCc3ccccc3)c(=O)oc2c1,0.0,0.016583333333333335,0.19,0.0,0.024065737516690035,120,,,,
0,51,CCc1ccccc1NC(=O)CN(C)c1cnn(C)c(=O)c1Cl,0.0,0.016583333333333335,0.19,0.0,0.024065737516690035,120,,,,
0,52,C[C@@](O)(CNC(=O)N[C@@H](c1ccccc1)C1CCCC1)CN1CCOCC1,0.0,0.016583333333333335,0.19,0.0,0.024065737516690035,120,,,,
0,53,[NH3+]C[C@H](CO)Cc1cc(F)cc(Br)c1,0.03,0.016583333333333335,0.19,0.0,0.024065737516690035,120,,,,
0,54,Cc1cc(NC(=O)Nc2cccc(Cl)c2)ncc1Br,0.02,0.016583333333333335,0.19,0.0,0.024065737516690035,120,,,,
0,55,CCOC(=O)c1ccc(NS(=O)(=O)c2ccc3c(c2)N(C(C)=O)CCO3)cc1,0.0,0.016583333333333335,0.19,0.0,0.024065737516690035,120,,,,
0,56,COc1ccc(C[C@H](C)CNC(=O)Cc2c(C)noc2C)cc1,0.0,0.016583333333333335,0.19,0.0,0.024065737516690035,120,,,,
0,57,O=C(NC(=S)Nc1c(O)ccc2ccccc12)c1cccc(F)c1,0.01,0.016583333333333335,0.19,0.0,0.024065737516690035,120,,,,
0,58,CCSC[C@@H](C)N(C)C(=O)NCc1ccc(C)cc1N(C)C,0.02,0.016583333333333335,0.19,0.0,0.024065737516690035,120,,,,
0,59,C=C(C)CN(C)C(=O)CN1CC2=C(C1=O)[C@@H](c1ccc(Cl)cc1Cl)NC(=O)N2CC,0.02,0.016583333333333335,0.19,0.0,0.024065737516690035,120,,,,
0,60,CC(=O)Nc1ccc(NC(=O)CCc2cnn(-c3ccccc3)c2)cc1,0.01,0.016583333333333335,0.19,0.0,0.024065737516690035,120,,,,
0,61,COc1ccc2c(c1)C[C@@H](C(=O)Nc1ccc(C(C)=O)c(C)c1)CO2,0.02,0.016583333333333335,0.19,0.0,0.024065737516690035,120,,,,
0,62,C#CCN(CC(=O)[O-])C(=O)c1nc(CC)n[n-]1,0.0,0.016583333333333335,0.19,0.0,0.024065737516690035,120,,,,
0,63,COc1cccc(/C=C2\SC(=S)N=C2[O-])c1OCc1ccc(Cl)cc1Cl,0.0,0.016583333333333335,0.19,0.0,0.024065737516690035,120,,,,
0,64,C[C@@H](CO)CSC[C@@H]([NH3+])c1ccc2c(c1)OCCCO2,0.03,0.016583333333333335,0.19,0.0,0.024065737516690035,120,,,,
0,65,O=C(Cc1ccc(Br)cc1)N/N=C/c1ccccc1O,0.0,0.016583333333333335,0.19,0.0,0.024065737516690035,120,,,,
0,66,COc1cc(F)c(NC(=O)C=C2CN(C(=O)OC(C)(C)C)C2)cc1F,0.01,0.016583333333333335,0.19,0.0,0.024065737516690035,120,,,,
0,67,Cc1ccc(CCC(=O)Nc2cc(S(C)(=O)=O)ccc2Cl)cc1,0.0,0.016583333333333335,0.19,0.0,0.024065737516690035,120,,,,
0,68,COc1ccc(C[NH+]2CCC(CNC(=O)c3c[nH]nc3-c3ccc(Cl)cc3)CC2)cc1,0.05,0.016583333333333335,0.19,0.0,0.024065737516690035,120,,,,
0,69,Fc1ccc2oc(C[NH2+]C[C@@H]3CN4CCCC[C@@H]4CO3)cc2c1,0.06,0.016583333333333335,0.19,0.0,0.024065737516690035,120,,,,
0,70,Cc1ccc(-c2ncco2)cc1NC(=O)c1nc(Cl)ccc1Cl,0.03,0.016583333333333335,0.19,0.0,0.024065737516690035,120,,,,
0,71,Cc1cccc(C)c1C[NH2+]CC(C)(C)C(N)=O,0.0,0.016583333333333335,0.19,0.0,0.024065737516690035,120,,,,
0,72,C[C@H](NC(=O)CSc1nc2ccccc2c(=O)n1C[C@H]1CCCO1)c1ccc(F)cc1,0.0,0.016583333333333335,0.19,0.0,0.024065737516690035,120,,,,
0,73,O=C(Nc1ccc2c(c1)CCO2)N1CCC[C@H]1c1nc2ccccc2[nH]1,0.03,0.016583333333333335,0.19,0.0,0.024065737516690035,120,,,,
0,74,C[C@@H](Nc1ccc([N-]S(C)(=O)=O)cc1)C(=O)Nc1ccc2c(c1)OCO2,0.01,0.016583333333333335,0.19,0.0,0.024065737516690035,120,,,,
0,75,Cc1[nH+]ccn1Cc1nnc([C@@H]2CCC[NH+](Cc3cccnc3)C2)n1C,0.02,0.016583333333333335,0.19,0.0,0.024065737516690035,120,,,,
0,76,CC[C@H](OC(=O)c1cccc(C(F)(F)F)c1)C(=O)Nc1cc(C)on1,0.0,0.016583333333333335,0.19,0.0,0.024065737516690035,120,,,,
0,77,CCOc1ccc(-n2c(N)c(C(=O)OC(C)(C)C)c3nc4ccccc4nc32)cc1,0.0,0.016583333333333335,0.19,0.0,0.024065737516690035,120,,,,
0,78,C[C@H](NC(=O)NCc1cccc2cccnc12)c1cnn(C)c1,0.04,0.016583333333333335,0.19,0.0,0.024065737516690035,120,,,,
0,79,COC[C@H](C)NC(=O)c1ccc(C(=O)OC)cc1,0.0,0.016583333333333335,0.19,0.0,0.024065737516690035,120,,,,
0,80,CCC[C@@H]1C[C@@H](Nc2cc(OC)ccc2F)CCO1,0.01,0.016583333333333335,0.19,0.0,0.024065737516690035,120,,,,
0,81,CC(=O)c1ccc(N[C@H]2CC(=O)N(CC(F)(F)F)C2)c([N+](=O)[O-])c1,0.04,0.016583333333333335,0.19,0.0,0.024065737516690035,120,,,,
0,82,O=C(NCc1ccc(COCC(F)(F)F)cc1)c1cc(=O)c2ccccc2o1,0.0,0.016583333333333335,0.19,0.0,0.024065737516690035,120,,,,
0,83,Cc1ccc(S(=O)(=O)CCC(=O)Oc2ccc(Cl)cc2Cl)cc1,0.01,0.016583333333333335,0.19,0.0,0.024065737516690035,120,,,,
0,84,CCN(CC(=O)Nc1cccc(OC)c1)C(=O)c1ccc(F)cc1Br,0.01,0.016583333333333335,0.19,0.0,0.024065737516690035,120,,,,
0,85,CCC1(CNC(=O)C(=O)Nc2ccc(OC)nc2Br)CC1,0.0,0.016583333333333335,0.19,0.0,0.024065737516690035,120,,,,
0,86,CN(C(=O)N1CCCC1)C1CCC([NH3+])CC1,0.0,0.016583333333333335,0.19,0.0,0.024065737516690035,120,,,,
0,87,C[C@@H](NC(=O)N[C@H]1C[C@@H]1c1cccc(Cl)c1)c1nnc2ccccn12,0.0,0.016583333333333335,0.19,0.0,0.024065737516690035,120,,,,
0,88,COc1ccc([C@@H]2CC(=O)C3=C(C2)N[C@@H]2N=NC(O)=C2[C@H]3c2ccc(Cl)c(Cl)c2)cc1OC,0.02,0.016583333333333335,0.19,0.0,0.024065737516690035,120,,,,
0,89,COC(=O)[C@@H]1CCCN(C(=O)NC2CCC([NH+]3CCCCC3)CC2)C1,0.01,0.016583333333333335,0.19,0.0,0.024065737516690035,120,,,,
0,90,O=C(C[NH+]1CCN(c2ccc(C(F)(F)F)cn2)CC1)N1CCC[C@H]1c1ccc2c(c1)OCCO2,0.01,0.016583333333333335,0.19,0.0,0.024065737516690035,120,,,,
0,91,CC(C)C[C@H]1C[NH2+]CC[C@@H]1c1cccc2c1OC(C)(C)C2,0.01,0.016583333333333335,0.19,0.0,0.024065737516690035,120,,,,
0,92,Cc1noc(CC[NH2+][C@@H](C)CC(=O)Nc2ccc(Br)cc2)n1,0.0,0.016583333333333335,0.19,0.0,0.024065737516690035,120,,,,
0,93,Cc1ccc([C@H](C)NC(=O)N[C@H]2CC(=O)N(C3CC3)C2)cc1[N+](=O)[O-],0.06,0.016583333333333335,0.19,0.0,0.024065737516690035,120,,,,
0,94,CCOC(=O)N1CCN(C(=O)COc2ccc(S(=O)(=O)N3CCCCC3)cc2)CC1,0.0,0.016583333333333335,0.19,0.0,0.024065737516690035,120,,,,
0,95,C[C@H]1Cc2cc([C@@H](Cl)C3(C)CCCC3)ccc2O1,0.02,0.016583333333333335,0.19,0.0,0.024065737516690035,120,,,,
0,96,Cc1cccc(C[NH+]2CCC[C@@]3(CC[NH+](Cc4cnn(C(C)C)c4)C3)C2)c1,0.01,0.016583333333333335,0.19,0.0,0.024065737516690035,120,,,,
0,97,C[NH+]1CCC(NC(=O)Nc2ncc(Cc3cccc(Cl)c3)s2)CC1,0.02,0.016583333333333335,0.19,0.0,0.024065737516690035,120,,,,
0,98,CC[S@](=O)[C@@H]1CCCC[C@@H]1NC(=O)N[C@@H]1CCC[C@H](C(F)(F)F)C1,0.0,0.016583333333333335,0.19,0.0,0.024065737516690035,120,,,,
0,99,N#CCSC1[NH+]=c2ccccc2=[NH+]1,0.0,0.016583333333333335,0.19,0.0,0.024065737516690035,120,,,,
0,100,O=C(NCC1CCN(C(=O)c2ccccn2)CC1)C(=O)NC1CCCC1,0.02,0.016583333333333335,0.19,0.0,0.024065737516690035,120,,,,
0,101,COc1ccc(N2CCN(C(=O)[C@@H](NC(N)=O)C(C)C)CC2)cc1,0.0,0.016583333333333335,0.19,0.0,0.024065737516690035,120,,,,
0,102,C[C@H](Cc1ccsc1)[NH+](C)Cc1cnc(N2CC[NH+](C)CC2)nc1,0.02,0.016583333333333335,0.19,0.0,0.024065737516690035,120,,,,
0,103,COc1ccc(NC(=O)C[NH+]2CCCN(Cc3cccc(Cl)c3)S2(=O)=O)cc1,0.02,0.016583333333333335,0.19,0.0,0.024065737516690035,120,,,,
0,104,Cc1nn(C)c(C)c1NC(=O)CS[C@H]1CCCc2ccccc21,0.01,0.016583333333333335,0.19,0.0,0.024065737516690035,120,,,,
0,105,Cn1nc(C2CCC2)cc1NC(=O)N[C@H](C(N)=O)C(C)(C)C,0.0,0.016583333333333335,0.19,0.0,0.024065737516690035,120,,,,
0,106,COc1nc(N[C@@H]2C[NH+]3CCC2CC3)ccc1N,0.06,0.016583333333333335,0.19,0.0,0.024065737516690035,120,,,,
0,107,OCc1ccc(OCCC2OCCCO2)cc1,0.0,0.016583333333333335,0.19,0.0,0.024065737516690035,120,,,,
0,108,Cc1ccc(S(=O)(=O)/N=C([O-])/C=C/c2cccs2)cc1C,0.0,0.016583333333333335,0.19,0.0,0.024065737516690035,120,,,,
0,109,Cc1cnc(C[NH+](C)CCCc2cc(-c3ccc(F)cc3)[nH]n2)o1,0.04,0.016583333333333335,0.19,0.0,0.024065737516690035,120,,,,
0,110,COc1ccc(S(=O)(=O)N(C)CC(=O)NC2CCCCC2)cc1C,0.0,0.016583333333333335,0.19,0.0,0.024065737516690035,120,,,,
0,111,C[C@H](Oc1ccc(Cl)c(Cl)c1)C(=O)NC[C@H]1CCC[C@@H]1O,0.0,0.016583333333333335,0.19,0.0,0.024065737516690035,120,,,,
0,112,CC1(C)CN(CCOc2ccc(S(C)(=O)=O)cc2)CC[S@@]1=O,0.01,0.016583333333333335,0.19,0.0,0.024065737516690035,120,,,,
0,113,N#CCc1ccc2[nH]ccc2n1,0.03,0.016583333333333335,0.19,0.0,0.024065737516690035,120,,,,
0,114,O=C(NC[C@H]1CCC[NH+](Cc2cc(O)ccc2[N+](=O)[O-])C1)c1ccccc1,0.05,0.016583333333333335,0.19,0.0,0.024065737516690035,120,,,,
0,115,CCC(CC)C(=O)N1CCC(NC(=O)Nc2cc(Cl)ccc2N2CCOCC2)CC1,0.0,0.016583333333333335,0.19,0.0,0.024065737516690035,120,,,,
0,116,CCOC(=O)[C@@H]1CCCN(C(=O)c2oc3ccccc3c2C)C1,0.0,0.016583333333333335,0.19,0.0,0.024065737516690035,120,,,,
0,117,CC(=O)N[C@H](C)c1ccc(-c2csc(NC(=O)[C@@H](C)Oc3cc(C)ccc3Cl)n2)cc1,0.04,0.016583333333333335,0.19,0.0,0.024065737516690035,120,,,,
0,118,O=C(NCc1ccc(N2CCC(O)CC2)c(F)c1)c1ccn(-c2ccc(F)cc2)n1,0.01,0.016583333333333335,0.19,0.0,0.024065737516690035,120,,,,
0,119,CC(C)n1ccc(CCNCc2cnc(-c3ccsc3)s2)n1,0.04,0.016583333333333335,0.19,0.0,0.024065737516690035,120,,,,
0,120,Cc1cc(/C=C(\C#N)C(=O)Nc2ccccc2)c(C)n1-c1ccc(I)cc1,0.01,0.016583333333333335,0.19,0.0,0.024065737516690035,120,,,,
1,1,Cc1ccccc1C(=O)Nc1ccc2c(N3CCCC3)ncnc2c1,0.19,0.017833333333333333,0.19,0.0,0.025006110364380055,125,False,,,
1,2,CCSCC(C)N(C)C(=O)NCc1ccc(Nc2ccccc2OC)cc1N(C)C,0.09,0.017833333333333333,0.19,0.0,0.025006110364380055,125,False,,"Both given molecules have very low JNK3 scores (0.02 and 0.01), indicating weak activity. The first molecule features a peptide-like backbone with an amide linkage and aromatic substitution, while the second has a bicyclic system with a positively charged amine and a bulky tert-butyl ether group. To improve JNK3 activity, it is often beneficial to combine features that enhance binding affinity, such as maintaining the amide linkage for hydrogen bonding and incorporating aromatic or heteroaromatic rings for π-π stacking interactions. Additionally, reducing steric hindrance and optimizing the basic amine groups can improve binding. I propose a molecule that merges the amide backbone and aromatic substitution from the first molecule with a less bulky, more planar bicyclic aromatic system inspired by the second molecule, replacing the bulky tert-butyl group with a simpler methoxy group to reduce steric hindrance and maintain polarity. This hybrid molecule should have improved binding potential and thus a higher JNK3 score.","I have two molecules and their JNK3 scores. The JNK3 score measures a molecular's biological activity against JNK3.


[CCSC[C@@H](C)N(C)C(=O)NCc1ccc(C)cc1N(C)C,0.02]
[CC(C)C[C@H]1C[NH2+]CC[C@@H]1c1cccc2c1OC(C)(C)C2,0.01]Please propose a new molecule that has a higher JNK3 score. You can either make crossover and mutations based on the given molecules or just propose a new molecule based on your knowledge.



Your output should follow the format: {<<<Explaination>>>: $EXPLANATION, <<<Molecule>>>: \box{$Molecule}}. Here are the requirements:

        

1. $EXPLANATION should be your analysis.
2. The $Molecule should be the smiles of your propsosed molecule.
3. The molecule should be valid.
        "
1,3,CC(=O)Nc1ccc(NCc2ccccc2F)c(C(F)(F)F)c1,0.08,0.017833333333333333,0.19,0.0,0.025006110364380055,125,False,,,
1,4,O=C(N1CCOCC1)C12C[C@H]3C[C@@H](C1)CC(c1ccc([N+](=O)[O-])cc1)(C3)C2,0.07,0.017833333333333333,0.19,0.0,0.025006110364380055,125,False,,,
1,5,Cc1nonc1CC(=O)N1CCC[C@H](C(=O)Nc2ccc(-c3ccn[nH]3)cc2)C1,0.06,0.017833333333333333,0.19,0.0,0.025006110364380055,125,False,,,
1,6,Fc1ccc2oc(C[NH2+]C[C@@H]3CN4CCCC[C@@H]4CO3)cc2c1,0.06,0.017833333333333333,0.19,0.0,0.025006110364380055,125,False,,,
1,7,Cc1ccc([C@H](C)NC(=O)N[C@H]2CC(=O)N(C3CC3)C2)cc1[N+](=O)[O-],0.06,0.017833333333333333,0.19,0.0,0.025006110364380055,125,False,,,
1,8,COc1nc(N[C@@H]2C[NH+]3CCC2CC3)ccc1N,0.06,0.017833333333333333,0.19,0.0,0.025006110364380055,125,False,,,
1,9,COc1ccc(CNC(=O)c2cc(OC)c(OC)cc2[N+](=O)[O-])cn1,0.05,0.017833333333333333,0.19,0.0,0.025006110364380055,125,False,,,
1,10,CS[C@@H](C)c1cccc(NC(=O)c2cn(C)nc2-c2ccccc2)c1,0.05,0.017833333333333333,0.19,0.0,0.025006110364380055,125,False,,,
1,11,Cc1nn(C)cc1CNC(=O)c1ccc(Cn2cc(Cl)c([N+](=O)[O-])n2)cc1,0.05,0.017833333333333333,0.19,0.0,0.025006110364380055,125,False,,,
1,12,COc1ccc(C[NH+]2CCC(CNC(=O)c3c[nH]nc3-c3ccc(Cl)cc3)CC2)cc1,0.05,0.017833333333333333,0.19,0.0,0.025006110364380055,125,False,,,
1,13,O=C(NC[C@H]1CCC[NH+](Cc2cc(O)ccc2[N+](=O)[O-])C1)c1ccccc1,0.05,0.017833333333333333,0.19,0.0,0.025006110364380055,125,False,,,
1,14,Cc1ccccc1C(=O)Nc1ccc2c(N3CCCC3)ncnc2c1-c1cc(Cl)cc(Cl)c1,0.05,0.017833333333333333,0.19,0.0,0.025006110364380055,125,False,,"The first molecule has a very low JNK3 score (0.02), while the second molecule has a higher score (0.19). The second molecule contains a fused bicyclic system with a purine-like scaffold and a piperidine ring, which might contribute to better binding affinity. The first molecule has a different scaffold with a bicyclic lactam and dichlorophenyl group but lower activity. To design a molecule with potentially higher JNK3 activity, I propose combining the purine-like bicyclic core and the piperidine ring from the second molecule with the dichlorophenyl substituent from the first molecule, as halogenated aromatic rings often enhance binding through hydrophobic and halogen bonding interactions. Additionally, I will keep the amide linkage to maintain hydrogen bonding potential. This hybrid molecule might improve binding affinity and thus increase the JNK3 score.","I have two molecules and their JNK3 scores. The JNK3 score measures a molecular's biological activity against JNK3.


[C=C(C)CN(C)C(=O)CN1CC2=C(C1=O)[C@@H](c1ccc(Cl)cc1Cl)NC(=O)N2CC,0.02]
[Cc1ccccc1C(=O)Nc1ccc2c(N3CCCC3)ncnc2c1,0.19]Please propose a new molecule that has a higher JNK3 score. You can either make crossover and mutations based on the given molecules or just propose a new molecule based on your knowledge.



Your output should follow the format: {<<<Explaination>>>: $EXPLANATION, <<<Molecule>>>: \box{$Molecule}}. Here are the requirements:

        

1. $EXPLANATION should be your analysis.
2. The $Molecule should be the smiles of your propsosed molecule.
3. The molecule should be valid.
        "
1,15,CC1=CC=C(NC(=O)CN2C(=O)S/C(=C/C3=C(F)C=CC=C3Cl)C2=O)C=C1,0.04,0.017833333333333333,0.19,0.0,0.025006110364380055,125,False,,,
1,16,C[C@H](NC(=O)NCc1cccc2cccnc12)c1cnn(C)c1,0.04,0.017833333333333333,0.19,0.0,0.025006110364380055,125,False,,,
1,17,CC(=O)c1ccc(N[C@H]2CC(=O)N(CC(F)(F)F)C2)c([N+](=O)[O-])c1,0.04,0.017833333333333333,0.19,0.0,0.025006110364380055,125,False,,,
1,18,Cc1cnc(C[NH+](C)CCCc2cc(-c3ccc(F)cc3)[nH]n2)o1,0.04,0.017833333333333333,0.19,0.0,0.025006110364380055,125,False,,,
1,19,CC(=O)N[C@H](C)c1ccc(-c2csc(NC(=O)[C@@H](C)Oc3cc(C)ccc3Cl)n2)cc1,0.04,0.017833333333333333,0.19,0.0,0.025006110364380055,125,False,,,
1,20,CC(C)n1ccc(CCNCc2cnc(-c3ccsc3)s2)n1,0.04,0.017833333333333333,0.19,0.0,0.025006110364380055,125,False,,,
1,21,C[C@H]([NH2+][C@H]1CCOC1)c1ccnc(Cl)c1,0.03,0.017833333333333333,0.19,0.0,0.025006110364380055,125,False,,,
1,22,COc1cc(-c2noc(C3C[C@@H](C)O[C@@H](C)C3)n2)ccn1,0.03,0.017833333333333333,0.19,0.0,0.025006110364380055,125,False,,,
1,23,COc1cc(C)c(CN2CCN(C(=O)c3ccc(N4CCCCC4)c([N+](=O)[O-])c3)CC2)cc1OC,0.03,0.017833333333333333,0.19,0.0,0.025006110364380055,125,False,,,
1,24,Cc1ccc2nc(N3CCC(C(=O)NCC(C)(C)CO)CC3)nc(C)c2c1,0.03,0.017833333333333333,0.19,0.0,0.025006110364380055,125,False,,,
1,25,C[C@@H]1COCCN1Cc1ccc(C(=O)NN)cn1,0.03,0.017833333333333333,0.19,0.0,0.025006110364380055,125,False,,,
1,26,[NH3+]C[C@H](CO)Cc1cc(F)cc(Br)c1,0.03,0.017833333333333333,0.19,0.0,0.025006110364380055,125,False,,,
1,27,C[C@@H](CO)CSC[C@@H]([NH3+])C1=CC=C2OCCCOC2=C1,0.03,0.017833333333333333,0.19,0.0,0.025006110364380055,125,False,,,
1,28,Cc1ccc(-c2ncco2)cc1NC(=O)c1nc(Cl)ccc1Cl,0.03,0.017833333333333333,0.19,0.0,0.025006110364380055,125,False,,,
1,29,O=C(Nc1ccc2c(c1)CCO2)N1CCC[C@H]1c1nc2ccccc2[nH]1,0.03,0.017833333333333333,0.19,0.0,0.025006110364380055,125,False,,,
1,30,N#CCc1ccc2[nH]ccc2n1,0.03,0.017833333333333333,0.19,0.0,0.025006110364380055,125,False,,,
1,31,CCCCO[C@@H]1C[C@H](NC(=O)c2occc2Br)C1(C)C,0.02,0.017833333333333333,0.19,0.0,0.025006110364380055,125,False,,,
1,32,NC(=O)c1cccc(CNC(=O)CSc2nc3ccccc3o2)c1,0.02,0.017833333333333333,0.19,0.0,0.025006110364380055,125,False,,,
1,33,CCC[C@@H](C(=O)N1CCN(CC(=O)Nc2c(C)cccc2C)CC1)c1ccccc1,0.02,0.017833333333333333,0.19,0.0,0.025006110364380055,125,False,,,
1,34,COc1ccc([C@H](NC(=O)c2ccc3nccnc3c2)C2CCOCC2)cc1,0.02,0.017833333333333333,0.19,0.0,0.025006110364380055,125,False,,,
1,35,COc1cc(-c2ccccc2)sc1C(=O)NC[C@@H](O)C(C)(C)C,0.02,0.017833333333333333,0.19,0.0,0.025006110364380055,125,False,,,
1,36,Cc1nn(C)cc1CN1C[C@H](CO)OC[C@@H]1C,0.02,0.017833333333333333,0.19,0.0,0.025006110364380055,125,False,,,
1,37,Cc1cc(NC(=O)Nc2cccc(Cl)c2)ncc1Br,0.02,0.017833333333333333,0.19,0.0,0.025006110364380055,125,False,,,
1,38,CCSC[C@@H](C)N(C)C(=O)NCc1ccc(C)cc1N(C)C,0.02,0.017833333333333333,0.19,0.0,0.025006110364380055,125,False,,,
1,39,C=C(C)CN(C)C(=O)CN1CC2=C(C1=O)[C@@H](c1ccc(Cl)cc1Cl)NC(=O)N2CC,0.02,0.017833333333333333,0.19,0.0,0.025006110364380055,125,False,,,
1,40,COc1ccc2c(c1)C[C@@H](C(=O)Nc1ccc(C(C)=O)c(C)c1)CO2,0.02,0.017833333333333333,0.19,0.0,0.025006110364380055,125,False,,,
1,41,Cc1[nH+]ccn1Cc1nnc([C@@H]2CCC[NH+](Cc3cccnc3)C2)n1C,0.02,0.017833333333333333,0.19,0.0,0.025006110364380055,125,False,,,
1,42,COc1ccc([C@@H]2CC(=O)C3=C(C2)N[C@@H]2N=NC(O)=C2[C@H]3c2ccc(Cl)c(Cl)c2)cc1OC,0.02,0.017833333333333333,0.19,0.0,0.025006110364380055,125,False,,,
1,43,C[C@H]1Cc2cc([C@@H](Cl)C3(C)CCCC3)ccc2O1,0.02,0.017833333333333333,0.19,0.0,0.025006110364380055,125,False,,,
1,44,C[NH+]1CCC(NC(=O)Nc2ncc(Cc3cccc(Cl)c3)s2)CC1,0.02,0.017833333333333333,0.19,0.0,0.025006110364380055,125,False,,,
1,45,O=C(NCC1CCN(C(=O)c2ccccn2)CC1)C(=O)NC1CCCC1,0.02,0.017833333333333333,0.19,0.0,0.025006110364380055,125,False,,,
1,46,C[C@H](Cc1ccsc1)[NH+](C)Cc1cnc(N2CC[NH+](C)CC2)nc1,0.02,0.017833333333333333,0.19,0.0,0.025006110364380055,125,False,,,
1,47,COc1ccc(NC(=O)C[NH+]2CCCN(Cc3cccc(Cl)c3)S2(=O)=O)cc1,0.02,0.017833333333333333,0.19,0.0,0.025006110364380055,125,False,,,
1,48,O=C1N[C@@H](c2ccccc2F)c2c1oc1ccccc1c2=O,0.01,0.017833333333333333,0.19,0.0,0.025006110364380055,125,False,,,
1,49,CS(=O)(=O)N[C@H]1CCN(c2ccc(Cl)c(F)c2)C1=O,0.01,0.017833333333333333,0.19,0.0,0.025006110364380055,125,False,,,
1,50,CCC(C)(C)NC(=O)c1ccc(NC(=O)N[C@@H](C)[C@H]2CCCO2)cc1,0.01,0.017833333333333333,0.19,0.0,0.025006110364380055,125,False,,,
1,51,CSCC[C@H](NC(=O)N[C@@H]1CCCCC1(C)C)C(=O)[O-],0.01,0.017833333333333333,0.19,0.0,0.025006110364380055,125,False,,,
1,52,CC(C)C(=O)Nc1nc2ccc(CCC(=O)NCc3ccccc3Cl)cc2s1,0.01,0.017833333333333333,0.19,0.0,0.025006110364380055,125,False,,,
1,53,Cc1nn(-c2ccccc2)c(C)c1NC(=O)CN1CCc2cc(F)ccc2C1,0.01,0.017833333333333333,0.19,0.0,0.025006110364380055,125,False,,,
1,54,COc1ccc(C[C@H](C)C[NH+](C)Cc2cn3cccnc3n2)cc1,0.01,0.017833333333333333,0.19,0.0,0.025006110364380055,125,False,,,
1,55,CCc1nsc(NCC(=O)NC(C)(C)C)n1,0.01,0.017833333333333333,0.19,0.0,0.025006110364380055,125,False,,,
1,56,CCCN(C)c1nccn2c(=O)n(CC(=O)Nc3cccc(SC)c3)nc12,0.01,0.017833333333333333,0.19,0.0,0.025006110364380055,125,False,,,
1,57,O=C(Nc1ccc(-c2nnc3n2CCCCC3)cc1)c1ccccc1C(F)(F)F,0.01,0.017833333333333333,0.19,0.0,0.025006110364380055,125,False,,,
1,58,CC(C)c1cccc(C(C)C)c1NC(=O)CCN1C(=O)[C@H]2CC[C@@](C)(C1=O)C2(C)C,0.01,0.017833333333333333,0.19,0.0,0.025006110364380055,125,False,,,
1,59,Cc1cccc(CN(C(=O)c2cccc(N3CCNC3=O)c2)C(C)C)c1,0.01,0.017833333333333333,0.19,0.0,0.025006110364380055,125,False,,,
1,60,COc1ccc(C(=O)N2C[C@@H](C)[NH2+]C[C@H]2C)cc1O,0.01,0.017833333333333333,0.19,0.0,0.025006110364380055,125,False,,,
1,61,O=C(NC(=S)Nc1c(O)ccc2ccccc12)c1cccc(F)c1,0.01,0.017833333333333333,0.19,0.0,0.025006110364380055,125,False,,,
1,62,CC(=O)Nc1ccc(NC(=O)CCc2cnn(-c3ccccc3)c2)cc1,0.01,0.017833333333333333,0.19,0.0,0.025006110364380055,125,False,,,
1,63,COc1cc(F)c(NC(=O)C=C2CN(C(=O)OC(C)(C)C)C2)cc1F,0.01,0.017833333333333333,0.19,0.0,0.025006110364380055,125,False,,,
1,64,C[C@@H](Nc1ccc([N-]S(C)(=O)=O)cc1)C(=O)Nc1ccc2c(c1)OCO2,0.01,0.017833333333333333,0.19,0.0,0.025006110364380055,125,False,,,
1,65,CCC[C@@H]1C[C@@H](Nc2cc(OC)ccc2F)CCO1,0.01,0.017833333333333333,0.19,0.0,0.025006110364380055,125,False,,,
1,66,Cc1ccc(S(=O)(=O)CCC(=O)Oc2ccc(Cl)cc2Cl)cc1,0.01,0.017833333333333333,0.19,0.0,0.025006110364380055,125,False,,,
1,67,CCN(CC(=O)Nc1cccc(OC)c1)C(=O)c1ccc(F)cc1Br,0.01,0.017833333333333333,0.19,0.0,0.025006110364380055,125,False,,,
1,68,COC(=O)[C@@H]1CCCN(C(=O)NC2CCC([NH+]3CCCCC3)CC2)C1,0.01,0.017833333333333333,0.19,0.0,0.025006110364380055,125,False,,,
1,69,O=C(C[NH+]1CCN(c2ccc(C(F)(F)F)cn2)CC1)N1CCC[C@H]1c1ccc2c(c1)OCCO2,0.01,0.017833333333333333,0.19,0.0,0.025006110364380055,125,False,,,
1,70,CC(C)C[C@H]1C[NH2+]CC[C@@H]1c1cccc2c1OC(C)(C)C2,0.01,0.017833333333333333,0.19,0.0,0.025006110364380055,125,False,,,
1,71,Cc1cccc(C[NH+]2CCC[C@@]3(CC[NH+](Cc4cnn(C(C)C)c4)C3)C2)c1,0.01,0.017833333333333333,0.19,0.0,0.025006110364380055,125,False,,,
1,72,Cc1nn(C)c(C)c1NC(=O)CS[C@H]1CCCc2ccccc21,0.01,0.017833333333333333,0.19,0.0,0.025006110364380055,125,False,,,
1,73,CC1(C)CN(CCOc2ccc(S(C)(=O)=O)cc2)CC[S@@]1=O,0.01,0.017833333333333333,0.19,0.0,0.025006110364380055,125,False,,,
1,74,O=C(NCc1ccc(N2CCC(O)CC2)c(F)c1)c1ccn(-c2ccc(F)cc2)n1,0.01,0.017833333333333333,0.19,0.0,0.025006110364380055,125,False,,,
1,75,Cc1cc(/C=C(\C#N)C(=O)Nc2ccccc2)c(C)n1-c1ccc(I)cc1,0.01,0.017833333333333333,0.19,0.0,0.025006110364380055,125,False,,,
1,76,COc1ccc(C2CC(=O)N3NC(=O)N(C=C(C)CN)C3C2c2ccc(Cl)cc2Cl)cc1OC,0.01,0.017833333333333333,0.19,0.0,0.025006110364380055,125,False,,"Both given molecules have the same JNK3 score of 0.02, indicating low activity. To improve the JNK3 score, I will combine favorable features from both molecules: the bicyclic core with nitrogen heterocycles from the first molecule, which may provide good binding interactions, and the amide-linked chlorophenyl group from the second molecule, which could enhance binding affinity through hydrophobic and halogen bonding interactions. Additionally, I will introduce a small alkene side chain (from the second molecule) to increase molecular flexibility and potential interactions. This hybrid molecule maintains key pharmacophores and adds diversity to improve activity.","I have two molecules and their JNK3 scores. The JNK3 score measures a molecular's biological activity against JNK3.


[COc1ccc([C@@H]2CC(=O)C3=C(C2)N[C@@H]2N=NC(O)=C2[C@H]3c2ccc(Cl)c(Cl)c2)cc1OC,0.02]
[C=C(C)CN(C)C(=O)CN1CC2=C(C1=O)[C@@H](c1ccc(Cl)cc1Cl)NC(=O)N2CC,0.02]Please propose a new molecule that has a higher JNK3 score. You can either make crossover and mutations based on the given molecules or just propose a new molecule based on your knowledge.



Your output should follow the format: {<<<Explaination>>>: $EXPLANATION, <<<Molecule>>>: \box{$Molecule}}. Here are the requirements:

        

1. $EXPLANATION should be your analysis.
2. The $Molecule should be the smiles of your propsosed molecule.
3. The molecule should be valid.
        "
1,77,O=C(CCn1nnc2cc(-c3noc(Cc4ccc(Cl)cc4)n3)ccc21)N1CCCC1,0.0,0.017833333333333333,0.19,0.0,0.025006110364380055,125,False,,,
1,78,CCS(=O)(=O)c1ccc(C(=O)Nc2cc(C)nn2-c2nc3c(Cl)cccc3s2)cc1,0.0,0.017833333333333333,0.19,0.0,0.025006110364380055,125,False,,,
1,79,CC[NH2+][C@@H](C)[C@@H]1CCCC(C)(C)CC1,0.0,0.017833333333333333,0.19,0.0,0.025006110364380055,125,False,,,
1,80,C/C=C/C(=O)NCC(=O)Nc1cccc(C)c1C,0.0,0.017833333333333333,0.19,0.0,0.025006110364380055,125,False,,,
1,81,CC(C)OCCS(=O)(=O)N1CC(N2CC[NH2+]CC2)C1,0.0,0.017833333333333333,0.19,0.0,0.025006110364380055,125,False,,,
1,82,COc1ccc(CNC(=O)Nc2ccc(CC(N)=O)cc2)cc1OC,0.0,0.017833333333333333,0.19,0.0,0.025006110364380055,125,False,,,
1,83,Cc1nc2ccc(NC(=O)N3CCC[C@@H](C)CC3)cc2o1,0.0,0.017833333333333333,0.19,0.0,0.025006110364380055,125,False,,,
1,84,CCN(Cc1ccc(OC)cc1)C(=O)[C@H](C)Cc1ccccc1F,0.0,0.017833333333333333,0.19,0.0,0.025006110364380055,125,False,,,
1,85,COc1ccc(Oc2ccc(Cl)nn2)cc1,0.0,0.017833333333333333,0.19,0.0,0.025006110364380055,125,False,,,
1,86,O=C(NCc1ccccc1)c1cccc(S(=O)(=O)N2CCCCCC2)c1,0.0,0.017833333333333333,0.19,0.0,0.025006110364380055,125,False,,,
1,87,CCc1ccc(C(=O)OCC(=O)C2=c3ccccc3=[NH+]C2)cc1,0.0,0.017833333333333333,0.19,0.0,0.025006110364380055,125,False,,,
1,88,Cc1ccc(C(=O)CCC(=O)NCc2ccncc2)cc1,0.0,0.017833333333333333,0.19,0.0,0.025006110364380055,125,False,,,
1,89,CC(C)CN1CCO[C@@H](CNC(=O)c2ccc3[nH]nnc3c2)C1,0.0,0.017833333333333333,0.19,0.0,0.025006110364380055,125,False,,,
1,90,CCC(=O)Nc1ccc(C)c(NC(=O)C[C@@H]2CCCO2)c1,0.0,0.017833333333333333,0.19,0.0,0.025006110364380055,125,False,,,
1,91,C[C@H](SCCN1C(=O)NC(C)(C)C1=O)C(=O)NC1CCCCC1,0.0,0.017833333333333333,0.19,0.0,0.025006110364380055,125,False,,,
1,92,CC[C@@H](C)[C@H](C)[NH+](Cc1ccccc1NC(C)=O)C1CC1,0.0,0.017833333333333333,0.19,0.0,0.025006110364380055,125,False,,,
1,93,O=C(NCCC(F)(F)F)N1CCOc2ccccc2C1,0.0,0.017833333333333333,0.19,0.0,0.025006110364380055,125,False,,,
1,94,CCC(=O)Oc1ccc2cc(C(=O)NCCc3ccccc3)c(=O)oc2c1,0.0,0.017833333333333333,0.19,0.0,0.025006110364380055,125,False,,,
1,95,CCc1ccccc1NC(=O)CN(C)c1cnn(C)c(=O)c1Cl,0.0,0.017833333333333333,0.19,0.0,0.025006110364380055,125,False,,,
1,96,C[C@@](O)(CNC(=O)N[C@@H](c1ccccc1)C1CCCC1)CN1CCOCC1,0.0,0.017833333333333333,0.19,0.0,0.025006110364380055,125,False,,,
1,97,CCOC(=O)c1ccc(NS(=O)(=O)c2ccc3c(c2)N(C(C)=O)CCO3)cc1,0.0,0.017833333333333333,0.19,0.0,0.025006110364380055,125,False,,,
1,98,COc1ccc(C[C@H](C)CNC(=O)Cc2c(C)noc2C)cc1,0.0,0.017833333333333333,0.19,0.0,0.025006110364380055,125,False,,,
1,99,C#CCN(CC(=O)[O-])C(=O)c1nc(CC)n[n-]1,0.0,0.017833333333333333,0.19,0.0,0.025006110364380055,125,False,,,
1,100,COc1cccc(/C=C2\SC(=S)N=C2[O-])c1OCc1ccc(Cl)cc1Cl,0.0,0.017833333333333333,0.19,0.0,0.025006110364380055,125,False,,,
1,101,O=C(Cc1ccc(Br)cc1)N/N=C/c1ccccc1O,0.0,0.017833333333333333,0.19,0.0,0.025006110364380055,125,False,,,
1,102,Cc1ccc(CCC(=O)Nc2cc(S(C)(=O)=O)ccc2Cl)cc1,0.0,0.017833333333333333,0.19,0.0,0.025006110364380055,125,False,,,
1,103,Cc1cccc(C)c1C[NH2+]CC(C)(C)C(N)=O,0.0,0.017833333333333333,0.19,0.0,0.025006110364380055,125,False,,,
1,104,C[C@H](NC(=O)CSc1nc2ccccc2c(=O)n1C[C@H]1CCCO1)c1ccc(F)cc1,0.0,0.017833333333333333,0.19,0.0,0.025006110364380055,125,False,,,
1,105,CC[C@H](OC(=O)c1cccc(C(F)(F)F)c1)C(=O)Nc1cc(C)on1,0.0,0.017833333333333333,0.19,0.0,0.025006110364380055,125,False,,,
1,106,CCOc1ccc(-n2c(N)c(C(=O)OC(C)(C)C)c3nc4ccccc4nc32)cc1,0.0,0.017833333333333333,0.19,0.0,0.025006110364380055,125,False,,,
1,107,COC[C@H](C)NC(=O)c1ccc(C(=O)OC)cc1,0.0,0.017833333333333333,0.19,0.0,0.025006110364380055,125,False,,,
1,108,O=C(NCc1ccc(COCC(F)(F)F)cc1)c1cc(=O)c2ccccc2o1,0.0,0.017833333333333333,0.19,0.0,0.025006110364380055,125,False,,,
1,109,CCC1(CNC(=O)C(=O)Nc2ccc(OC)nc2Br)CC1,0.0,0.017833333333333333,0.19,0.0,0.025006110364380055,125,False,,,
1,110,CN(C(=O)N1CCCC1)C1CCC([NH3+])CC1,0.0,0.017833333333333333,0.19,0.0,0.025006110364380055,125,False,,,
1,111,C[C@@H](NC(=O)N[C@H]1C[C@@H]1c1cccc(Cl)c1)c1nnc2ccccn12,0.0,0.017833333333333333,0.19,0.0,0.025006110364380055,125,False,,,
1,112,Cc1noc(CC[NH2+][C@@H](C)CC(=O)Nc2ccc(Br)cc2)n1,0.0,0.017833333333333333,0.19,0.0,0.025006110364380055,125,False,,,
1,113,CCOC(=O)N1CCN(C(=O)COc2ccc(S(=O)(=O)N3CCCCC3)cc2)CC1,0.0,0.017833333333333333,0.19,0.0,0.025006110364380055,125,False,,,
1,114,CC[S@](=O)[C@@H]1CCCC[C@@H]1NC(=O)N[C@@H]1CCC[C@H](C(F)(F)F)C1,0.0,0.017833333333333333,0.19,0.0,0.025006110364380055,125,False,,,
1,115,N#CCSC1[NH+]=c2ccccc2=[NH+]1,0.0,0.017833333333333333,0.19,0.0,0.025006110364380055,125,False,,,
1,116,COc1ccc(N2CCN(C(=O)[C@@H](NC(N)=O)C(C)C)CC2)cc1,0.0,0.017833333333333333,0.19,0.0,0.025006110364380055,125,False,,,
1,117,Cn1nc(C2CCC2)cc1NC(=O)N[C@H](C(N)=O)C(C)(C)C,0.0,0.017833333333333333,0.19,0.0,0.025006110364380055,125,False,,,
1,118,OCc1ccc(OCCC2OCCCO2)cc1,0.0,0.017833333333333333,0.19,0.0,0.025006110364380055,125,False,,,
1,119,Cc1ccc(S(=O)(=O)/N=C([O-])/C=C/c2cccs2)cc1C,0.0,0.017833333333333333,0.19,0.0,0.025006110364380055,125,False,,,
1,120,COc1ccc(S(=O)(=O)N(C)CC(=O)NC2CCCCC2)cc1C,0.0,0.017833333333333333,0.19,0.0,0.025006110364380055,125,False,,,
2,1,COc1ccccc1C(=O)Nc1ccc2c(N3CCCC3)ncnc2c1,0.2,0.020583333333333335,0.2,0.0,0.02992478998348285,130,False,,"The first molecule has a JNK3 score of 0.19, which is higher than the second molecule's 0.05. The main difference is that the second molecule has an additional dichlorophenyl group attached, which seems to reduce activity. To improve the JNK3 score, I propose to keep the core structure of the first molecule (which has better activity) and introduce a small, less bulky, and potentially beneficial substituent that can enhance binding without steric hindrance. For example, replacing the methyl group on the phenyl ring with a methoxy group (-OCH3) might improve interactions through hydrogen bonding or electronic effects, potentially increasing activity. This is a common strategy in medicinal chemistry to improve potency. Therefore, I propose the molecule: COC1=CC=CC=C1C(=O)Nc2ccc3c(N4CCCC4)ncnc3c2, which is the first molecule but with the methyl group replaced by a methoxy group. This molecule is valid and may have a higher JNK3 score. ,","I have two molecules and their JNK3 scores. The JNK3 score measures a molecular's biological activity against JNK3.


[Cc1ccccc1C(=O)Nc1ccc2c(N3CCCC3)ncnc2c1,0.19]
[Cc1ccccc1C(=O)Nc1ccc2c(N3CCCC3)ncnc2c1-c1cc(Cl)cc(Cl)c1,0.05]Please propose a new molecule that has a higher JNK3 score. You can either make crossover and mutations based on the given molecules or just propose a new molecule based on your knowledge.



Your output should follow the format: {<<<Explaination>>>: $EXPLANATION, <<<Molecule>>>: \box{$Molecule}}. Here are the requirements:

        

1. $EXPLANATION should be your analysis.
2. The $Molecule should be the smiles of your propsosed molecule.
3. The molecule should be valid.
        "
2,2,Cc1ccccc1C(=O)Nc1ccc2c(N3CCCC3)ncnc2c1,0.19,0.020583333333333335,0.2,0.0,0.02992478998348285,130,False,,,
2,3,CCSCC(C)N(C)C(=O)NCc1ccc(Nc2ccccc2OC)cc1N(C)C,0.09,0.020583333333333335,0.2,0.0,0.02992478998348285,130,False,,"Both given molecules have very low JNK3 scores (0.02 and 0.01), indicating weak activity. The first molecule features a peptide-like backbone with an amide linkage and aromatic substitution, while the second has a bicyclic system with a positively charged amine and a bulky tert-butyl ether group. To improve JNK3 activity, it is often beneficial to combine features that enhance binding affinity, such as maintaining the amide linkage for hydrogen bonding and incorporating aromatic or heteroaromatic rings for π-π stacking interactions. Additionally, reducing steric hindrance and optimizing the basic amine groups can improve binding. I propose a molecule that merges the amide backbone and aromatic substitution from the first molecule with a less bulky, more planar bicyclic aromatic system inspired by the second molecule, replacing the bulky tert-butyl group with a simpler methoxy group to reduce steric hindrance and maintain polarity. This hybrid molecule should have improved binding potential and thus a higher JNK3 score.","I have two molecules and their JNK3 scores. The JNK3 score measures a molecular's biological activity against JNK3.


[CCSC[C@@H](C)N(C)C(=O)NCc1ccc(C)cc1N(C)C,0.02]
[CC(C)C[C@H]1C[NH2+]CC[C@@H]1c1cccc2c1OC(C)(C)C2,0.01]Please propose a new molecule that has a higher JNK3 score. You can either make crossover and mutations based on the given molecules or just propose a new molecule based on your knowledge.



Your output should follow the format: {<<<Explaination>>>: $EXPLANATION, <<<Molecule>>>: \box{$Molecule}}. Here are the requirements:

        

1. $EXPLANATION should be your analysis.
2. The $Molecule should be the smiles of your propsosed molecule.
3. The molecule should be valid.
        "
2,4,CC(=O)Nc1ccc(NCc2ccccc2F)c(C(F)(F)F)c1,0.08,0.020583333333333335,0.2,0.0,0.02992478998348285,130,False,,,
2,5,O=C(N1CCOCC1)C12C[C@H]3C[C@@H](C1)CC(c1ccc([N+](=O)[O-])cc1)(C3)C2,0.07,0.020583333333333335,0.2,0.0,0.02992478998348285,130,False,,,
2,6,Cc1nonc1CC(=O)N1CCC[C@H](C(=O)Nc2ccc(-c3ccn[nH]3)cc2)C1,0.06,0.020583333333333335,0.2,0.0,0.02992478998348285,130,False,,,
2,7,Fc1ccc2oc(C[NH2+]C[C@@H]3CN4CCCC[C@@H]4CO3)cc2c1,0.06,0.020583333333333335,0.2,0.0,0.02992478998348285,130,False,,,
2,8,Cc1ccc([C@H](C)NC(=O)N[C@H]2CC(=O)N(C3CC3)C2)cc1[N+](=O)[O-],0.06,0.020583333333333335,0.2,0.0,0.02992478998348285,130,False,,,
2,9,COc1nc(N[C@@H]2C[NH+]3CCC2CC3)ccc1N,0.06,0.020583333333333335,0.2,0.0,0.02992478998348285,130,False,,,
2,10,COc1ccc(CNC(=O)c2cc(OC)c(OC)cc2[N+](=O)[O-])cn1,0.05,0.020583333333333335,0.2,0.0,0.02992478998348285,130,False,,,
2,11,CS[C@@H](C)C1=CC=CC(NC(=O)C2=CN(C)N=C2C2=CC=CC=C2)=C1,0.05,0.020583333333333335,0.2,0.0,0.02992478998348285,130,False,,,
2,12,Cc1nn(C)cc1CNC(=O)c1ccc(Cn2cc(Cl)c([N+](=O)[O-])n2)cc1,0.05,0.020583333333333335,0.2,0.0,0.02992478998348285,130,False,,,
2,13,COc1ccc(C[NH+]2CCC(CNC(=O)c3c[nH]nc3-c3ccc(Cl)cc3)CC2)cc1,0.05,0.020583333333333335,0.2,0.0,0.02992478998348285,130,False,,,
2,14,O=C(NC[C@H]1CCC[NH+](Cc2cc(O)ccc2[N+](=O)[O-])C1)c1ccccc1,0.05,0.020583333333333335,0.2,0.0,0.02992478998348285,130,False,,,
2,15,Cc1ccccc1C(=O)Nc1ccc2c(N3CCCC3)ncnc2c1-c1cc(Cl)cc(Cl)c1,0.05,0.020583333333333335,0.2,0.0,0.02992478998348285,130,False,,"The first molecule has a very low JNK3 score (0.02), while the second molecule has a higher score (0.19). The second molecule contains a fused bicyclic system with a purine-like scaffold and a piperidine ring, which might contribute to better binding affinity. The first molecule has a different scaffold with a bicyclic lactam and dichlorophenyl group but lower activity. To design a molecule with potentially higher JNK3 activity, I propose combining the purine-like bicyclic core and the piperidine ring from the second molecule with the dichlorophenyl substituent from the first molecule, as halogenated aromatic rings often enhance binding through hydrophobic and halogen bonding interactions. Additionally, I will keep the amide linkage to maintain hydrogen bonding potential. This hybrid molecule might improve binding affinity and thus increase the JNK3 score.","I have two molecules and their JNK3 scores. The JNK3 score measures a molecular's biological activity against JNK3.


[C=C(C)CN(C)C(=O)CN1CC2=C(C1=O)[C@@H](c1ccc(Cl)cc1Cl)NC(=O)N2CC,0.02]
[Cc1ccccc1C(=O)Nc1ccc2c(N3CCCC3)ncnc2c1,0.19]Please propose a new molecule that has a higher JNK3 score. You can either make crossover and mutations based on the given molecules or just propose a new molecule based on your knowledge.



Your output should follow the format: {<<<Explaination>>>: $EXPLANATION, <<<Molecule>>>: \box{$Molecule}}. Here are the requirements:

        

1. $EXPLANATION should be your analysis.
2. The $Molecule should be the smiles of your propsosed molecule.
3. The molecule should be valid.
        "
2,16,CSC(C)c1ccc(NC(=O)c2cn(C)nc2-c2ccccc2)cc1F,0.05,0.020583333333333335,0.2,0.0,0.02992478998348285,130,False,,"{<<<Explanation>>>: The first molecule has a higher JNK3 score (0.05) compared to the second (0.01), indicating that the scaffold with the substituted aniline linked to a methylated purine-like heterocycle is more active. The second molecule contains a thiosemicarbazide moiety attached to a hydroxy-biphenyl system with a fluorophenyl amide, which shows lower activity. To improve activity, I propose combining the key features of the first molecule (the aniline-purine amide scaffold) with a fluorine substituent on the phenyl ring to potentially enhance binding affinity and metabolic stability. Introducing a fluorine on the phenyl ring of the first molecule may increase lipophilicity and binding interactions, potentially increasing the JNK3 score. This is a mutation of the first molecule by adding a fluorine substituent on the phenyl ring para to the amide linkage.

<<<Molecule>>>: \box{CS[C@@H](C)C1=CC=C(C=C1F)NC(=O)C2=CN(C)N=C2C3=CC=CC=C3}}","I have two molecules and their JNK3 scores. The JNK3 score measures a molecular's biological activity against JNK3.


[CS[C@@H](C)C1=CC=CC(NC(=O)C2=CN(C)N=C2C2=CC=CC=C2)=C1,0.05]
[O=C(NC(=S)Nc1c(O)ccc2ccccc12)c1cccc(F)c1,0.01]Please propose a new molecule that has a higher JNK3 score. You can either make crossover and mutations based on the given molecules or just propose a new molecule based on your knowledge.



Your output should follow the format: {<<<Explaination>>>: $EXPLANATION, <<<Molecule>>>: \box{$Molecule}}. Here are the requirements:

        

1. $EXPLANATION should be your analysis.
2. The $Molecule should be the smiles of your propsosed molecule.
3. The molecule should be valid.
        "
2,17,CC1=CC=C(NC(=O)CN2C(=O)S/C(=C/C3=C(F)C=CC=C3Cl)C2=O)C=C1,0.04,0.020583333333333335,0.2,0.0,0.02992478998348285,130,False,,,
2,18,C[C@H](NC(=O)NCC1=CC=CC2=CC=CN=C21)C1=CN(C)N=C1,0.04,0.020583333333333335,0.2,0.0,0.02992478998348285,130,False,,,
2,19,CC(=O)c1ccc(N[C@H]2CC(=O)N(CC(F)(F)F)C2)c([N+](=O)[O-])c1,0.04,0.020583333333333335,0.2,0.0,0.02992478998348285,130,False,,,
2,20,Cc1cnc(C[NH+](C)CCCc2cc(-c3ccc(F)cc3)[nH]n2)o1,0.04,0.020583333333333335,0.2,0.0,0.02992478998348285,130,False,,,
2,21,CC(=O)N[C@H](C)c1ccc(-c2csc(NC(=O)[C@@H](C)Oc3cc(C)ccc3Cl)n2)cc1,0.04,0.020583333333333335,0.2,0.0,0.02992478998348285,130,False,,,
2,22,CC(C)n1ccc(CCNCc2cnc(-c3ccsc3)s2)n1,0.04,0.020583333333333335,0.2,0.0,0.02992478998348285,130,False,,,
2,23,CS[C@@H](C)C1=CC(NC(=O)C2=CN(C)N=C2NC(=O)NCC2=CC=CC3=CC=CN=C32)=CC=C1,0.04,0.020583333333333335,0.2,0.0,0.02992478998348285,130,False,,Fallback to genetic operations due to LLM error: ,"Fallback genetic operation for parents: ['CS[C@@H](C)C1=CC=CC(NC(=O)C2=CN(C)N=C2C2=CC=CC=C2)=C1', 'C[C@H](NC(=O)NCC1=CC=CC2=CC=CN=C21)C1=CN(C)N=C1']"
2,24,C[C@H]([NH2+][C@H]1CCOC1)c1ccnc(Cl)c1,0.03,0.020583333333333335,0.2,0.0,0.02992478998348285,130,False,,,
2,25,COc1cc(-c2noc(C3C[C@@H](C)O[C@@H](C)C3)n2)ccn1,0.03,0.020583333333333335,0.2,0.0,0.02992478998348285,130,False,,,
2,26,COc1cc(C)c(CN2CCN(C(=O)c3ccc(N4CCCCC4)c([N+](=O)[O-])c3)CC2)cc1OC,0.03,0.020583333333333335,0.2,0.0,0.02992478998348285,130,False,,,
2,27,Cc1ccc2nc(N3CCC(C(=O)NCC(C)(C)CO)CC3)nc(C)c2c1,0.03,0.020583333333333335,0.2,0.0,0.02992478998348285,130,False,,,
2,28,C[C@@H]1COCCN1Cc1ccc(C(=O)NN)cn1,0.03,0.020583333333333335,0.2,0.0,0.02992478998348285,130,False,,,
2,29,[NH3+]C[C@H](CO)Cc1cc(F)cc(Br)c1,0.03,0.020583333333333335,0.2,0.0,0.02992478998348285,130,False,,,
2,30,C[C@@H](CO)CSC[C@@H]([NH3+])C1=CC=C2OCCCOC2=C1,0.03,0.020583333333333335,0.2,0.0,0.02992478998348285,130,False,,,
2,31,Cc1ccc(-c2ncco2)cc1NC(=O)c1nc(Cl)ccc1Cl,0.03,0.020583333333333335,0.2,0.0,0.02992478998348285,130,False,,,
2,32,O=C(Nc1ccc2c(c1)CCO2)N1CCC[C@H]1c1nc2ccccc2[nH]1,0.03,0.020583333333333335,0.2,0.0,0.02992478998348285,130,False,,,
2,33,N#CCc1ccc2[nH]ccc2n1,0.03,0.020583333333333335,0.2,0.0,0.02992478998348285,130,False,,,
2,34,COc1cc(F)c(NC(=O)C=C2CN(C(=O)Nc3ncnc4c3CCC4)C2)cc1F,0.03,0.020583333333333335,0.2,0.0,0.02992478998348285,130,False,,"{<<<Explanation>>>: The first molecule has a very low JNK3 score (0.01), while the second molecule has a higher score (0.19). The second molecule contains a fused bicyclic system with a purine-like scaffold (ncnc) and a piperidine ring, which might contribute to better binding affinity. The first molecule has a simpler aromatic system with fluorines and a substituted azetidine ring. To improve the JNK3 score, I propose combining the bicyclic purine-like core from the second molecule with some features from the first molecule that might enhance binding, such as the fluorine substitutions on the aromatic ring, which can improve binding through electronic effects and metabolic stability. Also, replacing the piperidine ring with the azetidine ring from the first molecule might improve binding by reducing steric hindrance and increasing conformational rigidity. Therefore, I propose a molecule with the purine-like bicyclic core, an aniline bearing fluorines, and an azetidine ring attached via an amide linker, combining beneficial features from both molecules. This hybrid should have improved binding and thus a higher JNK3 score. 

<<<Molecule>>>: \box{COc1cc(F)c(NC(=O)C=C2CN(C(=O)Nc3ncnc4c3CCC4)C2)cc1F}}","I have two molecules and their JNK3 scores. The JNK3 score measures a molecular's biological activity against JNK3.


[COc1cc(F)c(NC(=O)C=C2CN(C(=O)OC(C)(C)C)C2)cc1F,0.01]
[Cc1ccccc1C(=O)Nc1ccc2c(N3CCCC3)ncnc2c1,0.19]Please propose a new molecule that has a higher JNK3 score. You can either make crossover and mutations based on the given molecules or just propose a new molecule based on your knowledge.



Your output should follow the format: {<<<Explaination>>>: $EXPLANATION, <<<Molecule>>>: \box{$Molecule}}. Here are the requirements:

        

1. $EXPLANATION should be your analysis.
2. The $Molecule should be the smiles of your propsosed molecule.
3. The molecule should be valid.
        "
2,35,CCCCO[C@@H]1C[C@H](NC(=O)c2occc2Br)C1(C)C,0.02,0.020583333333333335,0.2,0.0,0.02992478998348285,130,False,,,
2,36,NC(=O)c1cccc(CNC(=O)CSc2nc3ccccc3o2)c1,0.02,0.020583333333333335,0.2,0.0,0.02992478998348285,130,False,,,
2,37,CCC[C@@H](C(=O)N1CCN(CC(=O)NC2=C(C)C=CC=C2C)CC1)C1=CC=CC=C1,0.02,0.020583333333333335,0.2,0.0,0.02992478998348285,130,False,,,
2,38,COc1ccc([C@H](NC(=O)c2ccc3nccnc3c2)C2CCOCC2)cc1,0.02,0.020583333333333335,0.2,0.0,0.02992478998348285,130,False,,,
2,39,COc1cc(-c2ccccc2)sc1C(=O)NC[C@@H](O)C(C)(C)C,0.02,0.020583333333333335,0.2,0.0,0.02992478998348285,130,False,,,
2,40,Cc1nn(C)cc1CN1C[C@H](CO)OC[C@@H]1C,0.02,0.020583333333333335,0.2,0.0,0.02992478998348285,130,False,,,
2,41,Cc1cc(NC(=O)Nc2cccc(Cl)c2)ncc1Br,0.02,0.020583333333333335,0.2,0.0,0.02992478998348285,130,False,,,
2,42,CCSC[C@@H](C)N(C)C(=O)NCc1ccc(C)cc1N(C)C,0.02,0.020583333333333335,0.2,0.0,0.02992478998348285,130,False,,,
2,43,C=C(C)CN(C)C(=O)CN1CC2=C(C1=O)[C@@H](c1ccc(Cl)cc1Cl)NC(=O)N2CC,0.02,0.020583333333333335,0.2,0.0,0.02992478998348285,130,False,,,
2,44,COc1ccc2c(c1)C[C@@H](C(=O)Nc1ccc(C(C)=O)c(C)c1)CO2,0.02,0.020583333333333335,0.2,0.0,0.02992478998348285,130,False,,,
2,45,Cc1[nH+]ccn1Cc1nnc([C@@H]2CCC[NH+](Cc3cccnc3)C2)n1C,0.02,0.020583333333333335,0.2,0.0,0.02992478998348285,130,False,,,
2,46,COc1ccc([C@@H]2CC(=O)C3=C(C2)N[C@@H]2N=NC(O)=C2[C@H]3c2ccc(Cl)c(Cl)c2)cc1OC,0.02,0.020583333333333335,0.2,0.0,0.02992478998348285,130,False,,,
2,47,C[C@H]1Cc2cc([C@@H](Cl)C3(C)CCCC3)ccc2O1,0.02,0.020583333333333335,0.2,0.0,0.02992478998348285,130,False,,,
2,48,C[NH+]1CCC(NC(=O)Nc2ncc(Cc3cccc(Cl)c3)s2)CC1,0.02,0.020583333333333335,0.2,0.0,0.02992478998348285,130,False,,,
2,49,O=C(NCC1CCN(C(=O)c2ccccn2)CC1)C(=O)NC1CCCC1,0.02,0.020583333333333335,0.2,0.0,0.02992478998348285,130,False,,,
2,50,C[C@H](Cc1ccsc1)[NH+](C)Cc1cnc(N2CC[NH+](C)CC2)nc1,0.02,0.020583333333333335,0.2,0.0,0.02992478998348285,130,False,,,
2,51,COc1ccc(NC(=O)C[NH+]2CCCN(Cc3cccc(Cl)c3)S2(=O)=O)cc1,0.02,0.020583333333333335,0.2,0.0,0.02992478998348285,130,False,,,
2,52,O=C1N[C@@H](c2ccccc2F)c2c1oc1ccccc1c2=O,0.01,0.020583333333333335,0.2,0.0,0.02992478998348285,130,False,,,
2,53,CS(=O)(=O)N[C@H]1CCN(c2ccc(Cl)c(F)c2)C1=O,0.01,0.020583333333333335,0.2,0.0,0.02992478998348285,130,False,,,
2,54,CCC(C)(C)NC(=O)c1ccc(NC(=O)N[C@@H](C)[C@H]2CCCO2)cc1,0.01,0.020583333333333335,0.2,0.0,0.02992478998348285,130,False,,,
2,55,CSCC[C@H](NC(=O)N[C@@H]1CCCCC1(C)C)C(=O)[O-],0.01,0.020583333333333335,0.2,0.0,0.02992478998348285,130,False,,,
2,56,CC(C)C(=O)Nc1nc2ccc(CCC(=O)NCc3ccccc3Cl)cc2s1,0.01,0.020583333333333335,0.2,0.0,0.02992478998348285,130,False,,,
2,57,Cc1nn(-c2ccccc2)c(C)c1NC(=O)CN1CCc2cc(F)ccc2C1,0.01,0.020583333333333335,0.2,0.0,0.02992478998348285,130,False,,,
2,58,COc1ccc(C[C@H](C)C[NH+](C)Cc2cn3cccnc3n2)cc1,0.01,0.020583333333333335,0.2,0.0,0.02992478998348285,130,False,,,
2,59,CCc1nsc(NCC(=O)NC(C)(C)C)n1,0.01,0.020583333333333335,0.2,0.0,0.02992478998348285,130,False,,,
2,60,CCCN(C)c1nccn2c(=O)n(CC(=O)Nc3cccc(SC)c3)nc12,0.01,0.020583333333333335,0.2,0.0,0.02992478998348285,130,False,,,
2,61,O=C(Nc1ccc(-c2nnc3n2CCCCC3)cc1)c1ccccc1C(F)(F)F,0.01,0.020583333333333335,0.2,0.0,0.02992478998348285,130,False,,,
2,62,CC(C)c1cccc(C(C)C)c1NC(=O)CCN1C(=O)[C@H]2CC[C@@](C)(C1=O)C2(C)C,0.01,0.020583333333333335,0.2,0.0,0.02992478998348285,130,False,,,
2,63,Cc1cccc(CN(C(=O)c2cccc(N3CCNC3=O)c2)C(C)C)c1,0.01,0.020583333333333335,0.2,0.0,0.02992478998348285,130,False,,,
2,64,COc1ccc(C(=O)N2C[C@@H](C)[NH2+]C[C@H]2C)cc1O,0.01,0.020583333333333335,0.2,0.0,0.02992478998348285,130,False,,,
2,65,O=C(NC(=S)Nc1c(O)ccc2ccccc12)c1cccc(F)c1,0.01,0.020583333333333335,0.2,0.0,0.02992478998348285,130,False,,,
2,66,CC(=O)Nc1ccc(NC(=O)CCc2cnn(-c3ccccc3)c2)cc1,0.01,0.020583333333333335,0.2,0.0,0.02992478998348285,130,False,,,
2,67,COc1cc(F)c(NC(=O)C=C2CN(C(=O)OC(C)(C)C)C2)cc1F,0.01,0.020583333333333335,0.2,0.0,0.02992478998348285,130,False,,,
2,68,C[C@@H](Nc1ccc([N-]S(C)(=O)=O)cc1)C(=O)Nc1ccc2c(c1)OCO2,0.01,0.020583333333333335,0.2,0.0,0.02992478998348285,130,False,,,
2,69,CCC[C@@H]1C[C@@H](Nc2cc(OC)ccc2F)CCO1,0.01,0.020583333333333335,0.2,0.0,0.02992478998348285,130,False,,,
2,70,Cc1ccc(S(=O)(=O)CCC(=O)Oc2ccc(Cl)cc2Cl)cc1,0.01,0.020583333333333335,0.2,0.0,0.02992478998348285,130,False,,,
2,71,CCN(CC(=O)Nc1cccc(OC)c1)C(=O)c1ccc(F)cc1Br,0.01,0.020583333333333335,0.2,0.0,0.02992478998348285,130,False,,,
2,72,COC(=O)[C@@H]1CCCN(C(=O)NC2CCC([NH+]3CCCCC3)CC2)C1,0.01,0.020583333333333335,0.2,0.0,0.02992478998348285,130,False,,,
2,73,O=C(C[NH+]1CCN(c2ccc(C(F)(F)F)cn2)CC1)N1CCC[C@H]1c1ccc2c(c1)OCCO2,0.01,0.020583333333333335,0.2,0.0,0.02992478998348285,130,False,,,
2,74,CC(C)C[C@H]1C[NH2+]CC[C@@H]1c1cccc2c1OC(C)(C)C2,0.01,0.020583333333333335,0.2,0.0,0.02992478998348285,130,False,,,
2,75,Cc1cccc(C[NH+]2CCC[C@@]3(CC[NH+](Cc4cnn(C(C)C)c4)C3)C2)c1,0.01,0.020583333333333335,0.2,0.0,0.02992478998348285,130,False,,,
2,76,Cc1nn(C)c(C)c1NC(=O)CS[C@H]1CCCc2ccccc21,0.01,0.020583333333333335,0.2,0.0,0.02992478998348285,130,False,,,
2,77,CC1(C)CN(CCOc2ccc(S(C)(=O)=O)cc2)CC[S@@]1=O,0.01,0.020583333333333335,0.2,0.0,0.02992478998348285,130,False,,,
2,78,O=C(NCc1ccc(N2CCC(O)CC2)c(F)c1)c1ccn(-c2ccc(F)cc2)n1,0.01,0.020583333333333335,0.2,0.0,0.02992478998348285,130,False,,,
2,79,Cc1cc(/C=C(\C#N)C(=O)Nc2ccccc2)c(C)n1-c1ccc(I)cc1,0.01,0.020583333333333335,0.2,0.0,0.02992478998348285,130,False,,,
2,80,COc1ccc(C2CC(=O)N3NC(=O)N(C=C(C)CN)C3C2c2ccc(Cl)cc2Cl)cc1OC,0.01,0.020583333333333335,0.2,0.0,0.02992478998348285,130,False,,"Both given molecules have the same JNK3 score of 0.02, indicating low activity. To improve the JNK3 score, I will combine favorable features from both molecules: the bicyclic core with nitrogen heterocycles from the first molecule, which may provide good binding interactions, and the amide-linked chlorophenyl group from the second molecule, which could enhance binding affinity through hydrophobic and halogen bonding interactions. Additionally, I will introduce a small alkene side chain (from the second molecule) to increase molecular flexibility and potential interactions. This hybrid molecule maintains key pharmacophores and adds diversity to improve activity.","I have two molecules and their JNK3 scores. The JNK3 score measures a molecular's biological activity against JNK3.


[COc1ccc([C@@H]2CC(=O)C3=C(C2)N[C@@H]2N=NC(O)=C2[C@H]3c2ccc(Cl)c(Cl)c2)cc1OC,0.02]
[C=C(C)CN(C)C(=O)CN1CC2=C(C1=O)[C@@H](c1ccc(Cl)cc1Cl)NC(=O)N2CC,0.02]Please propose a new molecule that has a higher JNK3 score. You can either make crossover and mutations based on the given molecules or just propose a new molecule based on your knowledge.



Your output should follow the format: {<<<Explaination>>>: $EXPLANATION, <<<Molecule>>>: \box{$Molecule}}. Here are the requirements:

        

1. $EXPLANATION should be your analysis.
2. The $Molecule should be the smiles of your propsosed molecule.
3. The molecule should be valid.
        "
2,81,C[C@@H](CO)CSC[C@@H]([NH3+])C1=CC=CCC1,0.01,0.020583333333333335,0.2,0.0,0.02992478998348285,130,False,,Fallback to genetic operations due to LLM error: ,"Fallback genetic operation for parents: ['CCC[C@@H](C(=O)N1CCN(CC(=O)NC2=C(C)C=CC=C2C)CC1)C1=CC=CC=C1', 'C[C@@H](CO)CSC[C@@H]([NH3+])C1=CC=C2OCCCOC2=C1']"
2,82,O=C(CCn1nnc2cc(-c3noc(Cc4ccc(Cl)cc4)n3)ccc21)N1CCCC1,0.0,0.020583333333333335,0.2,0.0,0.02992478998348285,130,False,,,
2,83,CCS(=O)(=O)c1ccc(C(=O)Nc2cc(C)nn2-c2nc3c(Cl)cccc3s2)cc1,0.0,0.020583333333333335,0.2,0.0,0.02992478998348285,130,False,,,
2,84,CC[NH2+][C@@H](C)[C@@H]1CCCC(C)(C)CC1,0.0,0.020583333333333335,0.2,0.0,0.02992478998348285,130,False,,,
2,85,C/C=C/C(=O)NCC(=O)Nc1cccc(C)c1C,0.0,0.020583333333333335,0.2,0.0,0.02992478998348285,130,False,,,
2,86,CC(C)OCCS(=O)(=O)N1CC(N2CC[NH2+]CC2)C1,0.0,0.020583333333333335,0.2,0.0,0.02992478998348285,130,False,,,
2,87,COc1ccc(CNC(=O)Nc2ccc(CC(N)=O)cc2)cc1OC,0.0,0.020583333333333335,0.2,0.0,0.02992478998348285,130,False,,,
2,88,Cc1nc2ccc(NC(=O)N3CCC[C@@H](C)CC3)cc2o1,0.0,0.020583333333333335,0.2,0.0,0.02992478998348285,130,False,,,
2,89,CCN(Cc1ccc(OC)cc1)C(=O)[C@H](C)Cc1ccccc1F,0.0,0.020583333333333335,0.2,0.0,0.02992478998348285,130,False,,,
2,90,COc1ccc(Oc2ccc(Cl)nn2)cc1,0.0,0.020583333333333335,0.2,0.0,0.02992478998348285,130,False,,,
2,91,O=C(NCc1ccccc1)c1cccc(S(=O)(=O)N2CCCCCC2)c1,0.0,0.020583333333333335,0.2,0.0,0.02992478998348285,130,False,,,
2,92,CCc1ccc(C(=O)OCC(=O)C2=c3ccccc3=[NH+]C2)cc1,0.0,0.020583333333333335,0.2,0.0,0.02992478998348285,130,False,,,
2,93,Cc1ccc(C(=O)CCC(=O)NCc2ccncc2)cc1,0.0,0.020583333333333335,0.2,0.0,0.02992478998348285,130,False,,,
2,94,CC(C)CN1CCO[C@@H](CNC(=O)c2ccc3[nH]nnc3c2)C1,0.0,0.020583333333333335,0.2,0.0,0.02992478998348285,130,False,,,
2,95,CCC(=O)Nc1ccc(C)c(NC(=O)C[C@@H]2CCCO2)c1,0.0,0.020583333333333335,0.2,0.0,0.02992478998348285,130,False,,,
2,96,C[C@H](SCCN1C(=O)NC(C)(C)C1=O)C(=O)NC1CCCCC1,0.0,0.020583333333333335,0.2,0.0,0.02992478998348285,130,False,,,
2,97,CC[C@@H](C)[C@H](C)[NH+](Cc1ccccc1NC(C)=O)C1CC1,0.0,0.020583333333333335,0.2,0.0,0.02992478998348285,130,False,,,
2,98,O=C(NCCC(F)(F)F)N1CCOc2ccccc2C1,0.0,0.020583333333333335,0.2,0.0,0.02992478998348285,130,False,,,
2,99,CCC(=O)Oc1ccc2cc(C(=O)NCCc3ccccc3)c(=O)oc2c1,0.0,0.020583333333333335,0.2,0.0,0.02992478998348285,130,False,,,
2,100,CCc1ccccc1NC(=O)CN(C)c1cnn(C)c(=O)c1Cl,0.0,0.020583333333333335,0.2,0.0,0.02992478998348285,130,False,,,
2,101,C[C@@](O)(CNC(=O)N[C@@H](c1ccccc1)C1CCCC1)CN1CCOCC1,0.0,0.020583333333333335,0.2,0.0,0.02992478998348285,130,False,,,
2,102,CCOC(=O)c1ccc(NS(=O)(=O)c2ccc3c(c2)N(C(C)=O)CCO3)cc1,0.0,0.020583333333333335,0.2,0.0,0.02992478998348285,130,False,,,
2,103,COc1ccc(C[C@H](C)CNC(=O)Cc2c(C)noc2C)cc1,0.0,0.020583333333333335,0.2,0.0,0.02992478998348285,130,False,,,
2,104,C#CCN(CC(=O)[O-])C(=O)c1nc(CC)n[n-]1,0.0,0.020583333333333335,0.2,0.0,0.02992478998348285,130,False,,,
2,105,COc1cccc(/C=C2\SC(=S)N=C2[O-])c1OCc1ccc(Cl)cc1Cl,0.0,0.020583333333333335,0.2,0.0,0.02992478998348285,130,False,,,
2,106,O=C(Cc1ccc(Br)cc1)N/N=C/c1ccccc1O,0.0,0.020583333333333335,0.2,0.0,0.02992478998348285,130,False,,,
2,107,Cc1ccc(CCC(=O)Nc2cc(S(C)(=O)=O)ccc2Cl)cc1,0.0,0.020583333333333335,0.2,0.0,0.02992478998348285,130,False,,,
2,108,Cc1cccc(C)c1C[NH2+]CC(C)(C)C(N)=O,0.0,0.020583333333333335,0.2,0.0,0.02992478998348285,130,False,,,
2,109,C[C@H](NC(=O)CSc1nc2ccccc2c(=O)n1C[C@H]1CCCO1)c1ccc(F)cc1,0.0,0.020583333333333335,0.2,0.0,0.02992478998348285,130,False,,,
2,110,CC[C@H](OC(=O)c1cccc(C(F)(F)F)c1)C(=O)Nc1cc(C)on1,0.0,0.020583333333333335,0.2,0.0,0.02992478998348285,130,False,,,
2,111,CCOc1ccc(-n2c(N)c(C(=O)OC(C)(C)C)c3nc4ccccc4nc32)cc1,0.0,0.020583333333333335,0.2,0.0,0.02992478998348285,130,False,,,
2,112,COC[C@H](C)NC(=O)c1ccc(C(=O)OC)cc1,0.0,0.020583333333333335,0.2,0.0,0.02992478998348285,130,False,,,
2,113,O=C(NCc1ccc(COCC(F)(F)F)cc1)c1cc(=O)c2ccccc2o1,0.0,0.020583333333333335,0.2,0.0,0.02992478998348285,130,False,,,
2,114,CCC1(CNC(=O)C(=O)Nc2ccc(OC)nc2Br)CC1,0.0,0.020583333333333335,0.2,0.0,0.02992478998348285,130,False,,,
2,115,CN(C(=O)N1CCCC1)C1CCC([NH3+])CC1,0.0,0.020583333333333335,0.2,0.0,0.02992478998348285,130,False,,,
2,116,C[C@@H](NC(=O)N[C@H]1C[C@@H]1c1cccc(Cl)c1)c1nnc2ccccn12,0.0,0.020583333333333335,0.2,0.0,0.02992478998348285,130,False,,,
2,117,Cc1noc(CC[NH2+][C@@H](C)CC(=O)Nc2ccc(Br)cc2)n1,0.0,0.020583333333333335,0.2,0.0,0.02992478998348285,130,False,,,
2,118,CCOC(=O)N1CCN(C(=O)COc2ccc(S(=O)(=O)N3CCCCC3)cc2)CC1,0.0,0.020583333333333335,0.2,0.0,0.02992478998348285,130,False,,,
2,119,CC[S@](=O)[C@@H]1CCCC[C@@H]1NC(=O)N[C@@H]1CCC[C@H](C(F)(F)F)C1,0.0,0.020583333333333335,0.2,0.0,0.02992478998348285,130,False,,,
2,120,N#CCSC1[NH+]=c2ccccc2=[NH+]1,0.0,0.020583333333333335,0.2,0.0,0.02992478998348285,130,False,,,
3,1,COc1ccccc1C(=O)Nc1ccc2c(N3CCCC3)ncnc2c1,0.2,0.023916666666666673,0.2,0.0,0.03435830402618202,135,False,,"The first molecule has a JNK3 score of 0.19, which is higher than the second molecule's 0.05. The main difference is that the second molecule has an additional dichlorophenyl group attached, which seems to reduce activity. To improve the JNK3 score, I propose to keep the core structure of the first molecule (which has better activity) and introduce a small, less bulky, and potentially beneficial substituent that can enhance binding without steric hindrance. For example, replacing the methyl group on the phenyl ring with a methoxy group (-OCH3) might improve interactions through hydrogen bonding or electronic effects, potentially increasing activity. This is a common strategy in medicinal chemistry to improve potency. Therefore, I propose the molecule: COC1=CC=CC=C1C(=O)Nc2ccc3c(N4CCCC4)ncnc3c2, which is the first molecule but with the methyl group replaced by a methoxy group. This molecule is valid and may have a higher JNK3 score. ,","I have two molecules and their JNK3 scores. The JNK3 score measures a molecular's biological activity against JNK3.


[Cc1ccccc1C(=O)Nc1ccc2c(N3CCCC3)ncnc2c1,0.19]
[Cc1ccccc1C(=O)Nc1ccc2c(N3CCCC3)ncnc2c1-c1cc(Cl)cc(Cl)c1,0.05]Please propose a new molecule that has a higher JNK3 score. You can either make crossover and mutations based on the given molecules or just propose a new molecule based on your knowledge.



Your output should follow the format: {<<<Explaination>>>: $EXPLANATION, <<<Molecule>>>: \box{$Molecule}}. Here are the requirements:

        

1. $EXPLANATION should be your analysis.
2. The $Molecule should be the smiles of your propsosed molecule.
3. The molecule should be valid.
        "
3,2,Cc1ccccc1C(=O)Nc1ccc2c(N3CCCC3)ncnc2c1,0.19,0.023916666666666673,0.2,0.0,0.03435830402618202,135,False,,,
3,3,O=C(Nc1ccc2c(N3CCCC3)ncnc2c1)c1ccccc1O,0.18,0.023916666666666673,0.2,0.0,0.03435830402618202,135,False,,"{<<<Explanation>>>: Both given molecules share a common scaffold: a benzamide linked to a fused bicyclic system containing a piperidine ring. The difference lies in the substituent on the benzene ring attached to the amide: one has a methyl group (–CH3) and the other a methoxy group (–OCH3). The methoxy substituent (electron-donating and capable of hydrogen bonding) slightly improves the JNK3 score (0.2 vs 0.19). To further enhance activity, I propose introducing a stronger electron-donating group that can also engage in hydrogen bonding, such as a hydroxyl group (–OH), which often improves binding affinity by forming additional hydrogen bonds with the target. Additionally, placing the hydroxyl group para to the amide linkage on the benzene ring could optimize interactions. Therefore, I propose replacing the methyl/methoxy substituent with a para-hydroxy group on the benzamide phenyl ring, keeping the rest of the molecule intact. This modification is likely to increase the JNK3 score by improving binding interactions.

<<<Molecule>>>: \box{Oc1ccccc1C(=O)Nc1ccc2c(N3CCCC3)ncnc2c1}}","I have two molecules and their JNK3 scores. The JNK3 score measures a molecular's biological activity against JNK3.


[Cc1ccccc1C(=O)Nc1ccc2c(N3CCCC3)ncnc2c1,0.19]
[COc1ccccc1C(=O)Nc1ccc2c(N3CCCC3)ncnc2c1,0.2]Please propose a new molecule that has a higher JNK3 score. You can either make crossover and mutations based on the given molecules or just propose a new molecule based on your knowledge.



Your output should follow the format: {<<<Explaination>>>: $EXPLANATION, <<<Molecule>>>: \box{$Molecule}}. Here are the requirements:

        

1. $EXPLANATION should be your analysis.
2. The $Molecule should be the smiles of your propsosed molecule.
3. The molecule should be valid.
        "
3,4,COc1ccc(C(=O)N2CCCC(C(=O)Nc3ccc(-c4ccncc4)cc3)C2)cc1,0.12,0.023916666666666673,0.2,0.0,0.03435830402618202,135,False,,"Both given molecules have relatively low JNK3 scores (0.06 and 0.05), indicating modest activity. The first molecule features a piperidine ring linked to an amide and a substituted phenyl ring with a pyrazole moiety, while the second molecule contains a methoxy-substituted aromatic system with a nitro group and an amide linkage. To potentially increase JNK3 activity, I propose combining the amide-linked aromatic system from the first molecule with the electron-donating methoxy groups from the second molecule to enhance binding affinity and improve interactions with the JNK3 active site. Additionally, replacing the pyrazole ring with a more planar heterocycle like a pyridine could improve stacking interactions. Therefore, I propose a molecule with a piperidine ring linked via an amide to a methoxy-substituted phenyl ring, which is further connected to a pyridine ring. This hybrid design aims to improve binding affinity and thus increase the JNK3 score.","I have two molecules and their JNK3 scores. The JNK3 score measures a molecular's biological activity against JNK3.


[Cc1nonc1CC(=O)N1CCC[C@H](C(=O)Nc2ccc(-c3ccn[nH]3)cc2)C1,0.06]
[COc1ccc(CNC(=O)c2cc(OC)c(OC)cc2[N+](=O)[O-])cn1,0.05]Please propose a new molecule that has a higher JNK3 score. You can either make crossover and mutations based on the given molecules or just propose a new molecule based on your knowledge.



Your output should follow the format: {<<<Explaination>>>: $EXPLANATION, <<<Molecule>>>: \box{$Molecule}}. Here are the requirements:

        

1. $EXPLANATION should be your analysis.
2. The $Molecule should be the smiles of your propsosed molecule.
3. The molecule should be valid.
        "
3,5,CCSCC(C)N(C)C(=O)NCc1ccc(Nc2ccccc2OC)cc1N(C)C,0.09,0.023916666666666673,0.2,0.0,0.03435830402618202,135,False,,"Both given molecules have very low JNK3 scores (0.02 and 0.01), indicating weak activity. The first molecule features a peptide-like backbone with an amide linkage and aromatic substitution, while the second has a bicyclic system with a positively charged amine and a bulky tert-butyl ether group. To improve JNK3 activity, it is often beneficial to combine features that enhance binding affinity, such as maintaining the amide linkage for hydrogen bonding and incorporating aromatic or heteroaromatic rings for π-π stacking interactions. Additionally, reducing steric hindrance and optimizing the basic amine groups can improve binding. I propose a molecule that merges the amide backbone and aromatic substitution from the first molecule with a less bulky, more planar bicyclic aromatic system inspired by the second molecule, replacing the bulky tert-butyl group with a simpler methoxy group to reduce steric hindrance and maintain polarity. This hybrid molecule should have improved binding potential and thus a higher JNK3 score.","I have two molecules and their JNK3 scores. The JNK3 score measures a molecular's biological activity against JNK3.


[CCSC[C@@H](C)N(C)C(=O)NCc1ccc(C)cc1N(C)C,0.02]
[CC(C)C[C@H]1C[NH2+]CC[C@@H]1c1cccc2c1OC(C)(C)C2,0.01]Please propose a new molecule that has a higher JNK3 score. You can either make crossover and mutations based on the given molecules or just propose a new molecule based on your knowledge.



Your output should follow the format: {<<<Explaination>>>: $EXPLANATION, <<<Molecule>>>: \box{$Molecule}}. Here are the requirements:

        

1. $EXPLANATION should be your analysis.
2. The $Molecule should be the smiles of your propsosed molecule.
3. The molecule should be valid.
        "
3,6,CC(=O)Nc1ccc(NCc2ccccc2F)c(C(F)(F)F)c1,0.08,0.023916666666666673,0.2,0.0,0.03435830402618202,135,False,,,
3,7,O=C(N1CCOCC1)C12C[C@H]3C[C@@H](C1)CC(c1ccc([N+](=O)[O-])cc1)(C3)C2,0.07,0.023916666666666673,0.2,0.0,0.03435830402618202,135,False,,,
3,8,Cc1nonc1CC(=O)N1CCC[C@H](C(=O)Nc2ccc(-c3ccn[nH]3)cc2)C1,0.06,0.023916666666666673,0.2,0.0,0.03435830402618202,135,False,,,
3,9,Fc1ccc2oc(C[NH2+]C[C@@H]3CN4CCCC[C@@H]4CO3)cc2c1,0.06,0.023916666666666673,0.2,0.0,0.03435830402618202,135,False,,,
3,10,Cc1ccc([C@H](C)NC(=O)N[C@H]2CC(=O)N(C3CC3)C2)cc1[N+](=O)[O-],0.06,0.023916666666666673,0.2,0.0,0.03435830402618202,135,False,,,
3,11,COc1nc(N[C@@H]2C[NH+]3CCC2CC3)ccc1N,0.06,0.023916666666666673,0.2,0.0,0.03435830402618202,135,False,,,
3,12,COC1=CC(F)=C(NC(=O)C=C2CN(C(=O)NC3=NC=C(CC4=CC=CC(Cl)=C4)S3)C2)C=C1F,0.06,0.023916666666666673,0.2,0.0,0.03435830402618202,135,False,,Fallback to genetic operations due to LLM error: ,"Fallback genetic operation for parents: ['COC1=CC(F)=C(NC(=O)C=C2CN(C(=O)NC3=NC=NC4=C3CCC4)C2)C=C1F', 'C[NH+]1CCC(NC(=O)NC2=NC=C(CC3=CC=CC(Cl)=C3)S2)CC1']"
3,13,COc1ccc(CNC(=O)c2cc(OC)c(OC)cc2[N+](=O)[O-])cn1,0.05,0.023916666666666673,0.2,0.0,0.03435830402618202,135,False,,,
3,14,CS[C@@H](C)C1=CC=CC(NC(=O)C2=CN(C)N=C2C2=CC=CC=C2)=C1,0.05,0.023916666666666673,0.2,0.0,0.03435830402618202,135,False,,,
3,15,Cc1nn(C)cc1CNC(=O)c1ccc(Cn2cc(Cl)c([N+](=O)[O-])n2)cc1,0.05,0.023916666666666673,0.2,0.0,0.03435830402618202,135,False,,,
3,16,COc1ccc(C[NH+]2CCC(CNC(=O)c3c[nH]nc3-c3ccc(Cl)cc3)CC2)cc1,0.05,0.023916666666666673,0.2,0.0,0.03435830402618202,135,False,,,
3,17,O=C(NC[C@H]1CCC[NH+](Cc2cc(O)ccc2[N+](=O)[O-])C1)c1ccccc1,0.05,0.023916666666666673,0.2,0.0,0.03435830402618202,135,False,,,
3,18,Cc1ccccc1C(=O)Nc1ccc2c(N3CCCC3)ncnc2c1-c1cc(Cl)cc(Cl)c1,0.05,0.023916666666666673,0.2,0.0,0.03435830402618202,135,False,,"The first molecule has a very low JNK3 score (0.02), while the second molecule has a higher score (0.19). The second molecule contains a fused bicyclic system with a purine-like scaffold and a piperidine ring, which might contribute to better binding affinity. The first molecule has a different scaffold with a bicyclic lactam and dichlorophenyl group but lower activity. To design a molecule with potentially higher JNK3 activity, I propose combining the purine-like bicyclic core and the piperidine ring from the second molecule with the dichlorophenyl substituent from the first molecule, as halogenated aromatic rings often enhance binding through hydrophobic and halogen bonding interactions. Additionally, I will keep the amide linkage to maintain hydrogen bonding potential. This hybrid molecule might improve binding affinity and thus increase the JNK3 score.","I have two molecules and their JNK3 scores. The JNK3 score measures a molecular's biological activity against JNK3.


[C=C(C)CN(C)C(=O)CN1CC2=C(C1=O)[C@@H](c1ccc(Cl)cc1Cl)NC(=O)N2CC,0.02]
[Cc1ccccc1C(=O)Nc1ccc2c(N3CCCC3)ncnc2c1,0.19]Please propose a new molecule that has a higher JNK3 score. You can either make crossover and mutations based on the given molecules or just propose a new molecule based on your knowledge.



Your output should follow the format: {<<<Explaination>>>: $EXPLANATION, <<<Molecule>>>: \box{$Molecule}}. Here are the requirements:

        

1. $EXPLANATION should be your analysis.
2. The $Molecule should be the smiles of your propsosed molecule.
3. The molecule should be valid.
        "
3,19,CSC(C)c1ccc(NC(=O)c2cn(C)nc2-c2ccccc2)cc1F,0.05,0.023916666666666673,0.2,0.0,0.03435830402618202,135,False,,"{<<<Explanation>>>: The first molecule has a higher JNK3 score (0.05) compared to the second (0.01), indicating that the scaffold with the substituted aniline linked to a methylated purine-like heterocycle is more active. The second molecule contains a thiosemicarbazide moiety attached to a hydroxy-biphenyl system with a fluorophenyl amide, which shows lower activity. To improve activity, I propose combining the key features of the first molecule (the aniline-purine amide scaffold) with a fluorine substituent on the phenyl ring to potentially enhance binding affinity and metabolic stability. Introducing a fluorine on the phenyl ring of the first molecule may increase lipophilicity and binding interactions, potentially increasing the JNK3 score. This is a mutation of the first molecule by adding a fluorine substituent on the phenyl ring para to the amide linkage.

<<<Molecule>>>: \box{CS[C@@H](C)C1=CC=C(C=C1F)NC(=O)C2=CN(C)N=C2C3=CC=CC=C3}}","I have two molecules and their JNK3 scores. The JNK3 score measures a molecular's biological activity against JNK3.


[CS[C@@H](C)C1=CC=CC(NC(=O)C2=CN(C)N=C2C2=CC=CC=C2)=C1,0.05]
[O=C(NC(=S)Nc1c(O)ccc2ccccc12)c1cccc(F)c1,0.01]Please propose a new molecule that has a higher JNK3 score. You can either make crossover and mutations based on the given molecules or just propose a new molecule based on your knowledge.



Your output should follow the format: {<<<Explaination>>>: $EXPLANATION, <<<Molecule>>>: \box{$Molecule}}. Here are the requirements:

        

1. $EXPLANATION should be your analysis.
2. The $Molecule should be the smiles of your propsosed molecule.
3. The molecule should be valid.
        "
3,20,CC1=CC=C(NC(=O)CN2C(=O)S/C(=C/C3=C(F)C=CC=C3Cl)C2=O)C=C1,0.04,0.023916666666666673,0.2,0.0,0.03435830402618202,135,False,,,
3,21,C[C@H](NC(=O)NCC1=CC=CC2=CC=CN=C21)C1=CN(C)N=C1,0.04,0.023916666666666673,0.2,0.0,0.03435830402618202,135,False,,,
3,22,CC(=O)c1ccc(N[C@H]2CC(=O)N(CC(F)(F)F)C2)c([N+](=O)[O-])c1,0.04,0.023916666666666673,0.2,0.0,0.03435830402618202,135,False,,,
3,23,Cc1cnc(C[NH+](C)CCCc2cc(-c3ccc(F)cc3)[nH]n2)o1,0.04,0.023916666666666673,0.2,0.0,0.03435830402618202,135,False,,,
3,24,CC(=O)N[C@H](C)c1ccc(-c2csc(NC(=O)[C@@H](C)Oc3cc(C)ccc3Cl)n2)cc1,0.04,0.023916666666666673,0.2,0.0,0.03435830402618202,135,False,,,
3,25,CC(C)n1ccc(CCNCc2cnc(-c3ccsc3)s2)n1,0.04,0.023916666666666673,0.2,0.0,0.03435830402618202,135,False,,,
3,26,CS[C@@H](C)C1=CC(NC(=O)C2=CN(C)N=C2NC(=O)NCC2=CC=CC3=CC=CN=C32)=CC=C1,0.04,0.023916666666666673,0.2,0.0,0.03435830402618202,135,False,,Fallback to genetic operations due to LLM error: ,"Fallback genetic operation for parents: ['CS[C@@H](C)C1=CC=CC(NC(=O)C2=CN(C)N=C2C2=CC=CC=C2)=C1', 'C[C@H](NC(=O)NCC1=CC=CC2=CC=CN=C21)C1=CN(C)N=C1']"
3,27,Cc1ccc(C(C)NC(=O)N2[CH]OCC2)c([N+](=O)[O-])c1,0.04,0.023916666666666673,0.2,0.0,0.03435830402618202,135,False,,"Both given molecules have relatively low JNK3 scores (0.06 and 0.02), indicating modest activity. The first molecule features a nitro-substituted phenyl ring linked to a chiral amide-containing bicyclic lactam, while the second has a methoxy-substituted bicyclic ether with an amide linked to a substituted phenyl ring. To potentially increase JNK3 activity, I propose combining favorable features: the nitro group from the first molecule (which can enhance binding through electronic effects) and the bicyclic ether scaffold from the second molecule (which may provide conformational rigidity and better fit in the binding site). Additionally, replacing the acetyl group on the phenyl ring with a less electron-withdrawing methyl group might improve binding affinity by modulating electronic properties. This hybrid molecule maintains key hydrogen bonding capabilities and introduces structural elements that could enhance interaction with JNK3, potentially leading to a higher score.","I have two molecules and their JNK3 scores. The JNK3 score measures a molecular's biological activity against JNK3.


[Cc1ccc([C@H](C)NC(=O)N[C@H]2CC(=O)N(C3CC3)C2)cc1[N+](=O)[O-],0.06]
[COc1ccc2c(c1)C[C@@H](C(=O)Nc1ccc(C(C)=O)c(C)c1)CO2,0.02]Please propose a new molecule that has a higher JNK3 score. You can either make crossover and mutations based on the given molecules or just propose a new molecule based on your knowledge.



Your output should follow the format: {<<<Explaination>>>: $EXPLANATION, <<<Molecule>>>: \box{$Molecule}}. Here are the requirements:

        

1. $EXPLANATION should be your analysis.
2. The $Molecule should be the smiles of your propsosed molecule.
3. The molecule should be valid.
        "
3,28,C[C@H]([NH2+][C@H]1CCOC1)c1ccnc(Cl)c1,0.03,0.023916666666666673,0.2,0.0,0.03435830402618202,135,False,,,
3,29,COc1cc(-c2noc(C3C[C@@H](C)O[C@@H](C)C3)n2)ccn1,0.03,0.023916666666666673,0.2,0.0,0.03435830402618202,135,False,,,
3,30,COc1cc(C)c(CN2CCN(C(=O)c3ccc(N4CCCCC4)c([N+](=O)[O-])c3)CC2)cc1OC,0.03,0.023916666666666673,0.2,0.0,0.03435830402618202,135,False,,,
3,31,Cc1ccc2nc(N3CCC(C(=O)NCC(C)(C)CO)CC3)nc(C)c2c1,0.03,0.023916666666666673,0.2,0.0,0.03435830402618202,135,False,,,
3,32,C[C@@H]1COCCN1Cc1ccc(C(=O)NN)cn1,0.03,0.023916666666666673,0.2,0.0,0.03435830402618202,135,False,,,
3,33,[NH3+]C[C@H](CO)Cc1cc(F)cc(Br)c1,0.03,0.023916666666666673,0.2,0.0,0.03435830402618202,135,False,,,
3,34,C[C@@H](CO)CSC[C@@H]([NH3+])C1=CC=C2OCCCOC2=C1,0.03,0.023916666666666673,0.2,0.0,0.03435830402618202,135,False,,,
3,35,Cc1ccc(-c2ncco2)cc1NC(=O)c1nc(Cl)ccc1Cl,0.03,0.023916666666666673,0.2,0.0,0.03435830402618202,135,False,,,
3,36,O=C(Nc1ccc2c(c1)CCO2)N1CCC[C@H]1c1nc2ccccc2[nH]1,0.03,0.023916666666666673,0.2,0.0,0.03435830402618202,135,False,,,
3,37,N#CCc1ccc2[nH]ccc2n1,0.03,0.023916666666666673,0.2,0.0,0.03435830402618202,135,False,,,
3,38,COC1=CC(F)=C(NC(=O)C=C2CN(C(=O)NC3=NC=NC4=C3CCC4)C2)C=C1F,0.03,0.023916666666666673,0.2,0.0,0.03435830402618202,135,False,,,
3,39,CCCCO[C@@H]1C[C@H](NC(=O)c2occc2Br)C1(C)C,0.02,0.023916666666666673,0.2,0.0,0.03435830402618202,135,False,,,
3,40,NC(=O)c1cccc(CNC(=O)CSc2nc3ccccc3o2)c1,0.02,0.023916666666666673,0.2,0.0,0.03435830402618202,135,False,,,
3,41,CCC[C@@H](C(=O)N1CCN(CC(=O)NC2=C(C)C=CC=C2C)CC1)C1=CC=CC=C1,0.02,0.023916666666666673,0.2,0.0,0.03435830402618202,135,False,,,
3,42,COc1ccc([C@H](NC(=O)c2ccc3nccnc3c2)C2CCOCC2)cc1,0.02,0.023916666666666673,0.2,0.0,0.03435830402618202,135,False,,,
3,43,COc1cc(-c2ccccc2)sc1C(=O)NC[C@@H](O)C(C)(C)C,0.02,0.023916666666666673,0.2,0.0,0.03435830402618202,135,False,,,
3,44,Cc1nn(C)cc1CN1C[C@H](CO)OC[C@@H]1C,0.02,0.023916666666666673,0.2,0.0,0.03435830402618202,135,False,,,
3,45,Cc1cc(NC(=O)Nc2cccc(Cl)c2)ncc1Br,0.02,0.023916666666666673,0.2,0.0,0.03435830402618202,135,False,,,
3,46,CCSC[C@@H](C)N(C)C(=O)NCc1ccc(C)cc1N(C)C,0.02,0.023916666666666673,0.2,0.0,0.03435830402618202,135,False,,,
3,47,C=C(C)CN(C)C(=O)CN1CC2=C(C1=O)[C@@H](c1ccc(Cl)cc1Cl)NC(=O)N2CC,0.02,0.023916666666666673,0.2,0.0,0.03435830402618202,135,False,,,
3,48,COc1ccc2c(c1)C[C@@H](C(=O)Nc1ccc(C(C)=O)c(C)c1)CO2,0.02,0.023916666666666673,0.2,0.0,0.03435830402618202,135,False,,,
3,49,Cc1[nH+]ccn1Cc1nnc([C@@H]2CCC[NH+](Cc3cccnc3)C2)n1C,0.02,0.023916666666666673,0.2,0.0,0.03435830402618202,135,False,,,
3,50,COc1ccc([C@@H]2CC(=O)C3=C(C2)N[C@@H]2N=NC(O)=C2[C@H]3c2ccc(Cl)c(Cl)c2)cc1OC,0.02,0.023916666666666673,0.2,0.0,0.03435830402618202,135,False,,,
3,51,C[C@H]1Cc2cc([C@@H](Cl)C3(C)CCCC3)ccc2O1,0.02,0.023916666666666673,0.2,0.0,0.03435830402618202,135,False,,,
3,52,C[NH+]1CCC(NC(=O)NC2=NC=C(CC3=CC=CC(Cl)=C3)S2)CC1,0.02,0.023916666666666673,0.2,0.0,0.03435830402618202,135,False,,,
3,53,O=C(NCC1CCN(C(=O)c2ccccn2)CC1)C(=O)NC1CCCC1,0.02,0.023916666666666673,0.2,0.0,0.03435830402618202,135,False,,,
3,54,C[C@H](Cc1ccsc1)[NH+](C)Cc1cnc(N2CC[NH+](C)CC2)nc1,0.02,0.023916666666666673,0.2,0.0,0.03435830402618202,135,False,,,
3,55,COc1ccc(NC(=O)C[NH+]2CCCN(Cc3cccc(Cl)c3)S2(=O)=O)cc1,0.02,0.023916666666666673,0.2,0.0,0.03435830402618202,135,False,,,
3,56,O=C1N[C@@H](c2ccccc2F)c2c1oc1ccccc1c2=O,0.01,0.023916666666666673,0.2,0.0,0.03435830402618202,135,False,,,
3,57,CS(=O)(=O)N[C@H]1CCN(c2ccc(Cl)c(F)c2)C1=O,0.01,0.023916666666666673,0.2,0.0,0.03435830402618202,135,False,,,
3,58,CCC(C)(C)NC(=O)c1ccc(NC(=O)N[C@@H](C)[C@H]2CCCO2)cc1,0.01,0.023916666666666673,0.2,0.0,0.03435830402618202,135,False,,,
3,59,CSCC[C@H](NC(=O)N[C@@H]1CCCCC1(C)C)C(=O)[O-],0.01,0.023916666666666673,0.2,0.0,0.03435830402618202,135,False,,,
3,60,CC(C)C(=O)Nc1nc2ccc(CCC(=O)NCc3ccccc3Cl)cc2s1,0.01,0.023916666666666673,0.2,0.0,0.03435830402618202,135,False,,,
3,61,Cc1nn(-c2ccccc2)c(C)c1NC(=O)CN1CCc2cc(F)ccc2C1,0.01,0.023916666666666673,0.2,0.0,0.03435830402618202,135,False,,,
3,62,COc1ccc(C[C@H](C)C[NH+](C)Cc2cn3cccnc3n2)cc1,0.01,0.023916666666666673,0.2,0.0,0.03435830402618202,135,False,,,
3,63,CCc1nsc(NCC(=O)NC(C)(C)C)n1,0.01,0.023916666666666673,0.2,0.0,0.03435830402618202,135,False,,,
3,64,CCCN(C)c1nccn2c(=O)n(CC(=O)Nc3cccc(SC)c3)nc12,0.01,0.023916666666666673,0.2,0.0,0.03435830402618202,135,False,,,
3,65,O=C(Nc1ccc(-c2nnc3n2CCCCC3)cc1)c1ccccc1C(F)(F)F,0.01,0.023916666666666673,0.2,0.0,0.03435830402618202,135,False,,,
3,66,CC(C)c1cccc(C(C)C)c1NC(=O)CCN1C(=O)[C@H]2CC[C@@](C)(C1=O)C2(C)C,0.01,0.023916666666666673,0.2,0.0,0.03435830402618202,135,False,,,
3,67,Cc1cccc(CN(C(=O)c2cccc(N3CCNC3=O)c2)C(C)C)c1,0.01,0.023916666666666673,0.2,0.0,0.03435830402618202,135,False,,,
3,68,COc1ccc(C(=O)N2C[C@@H](C)[NH2+]C[C@H]2C)cc1O,0.01,0.023916666666666673,0.2,0.0,0.03435830402618202,135,False,,,
3,69,O=C(NC(=S)Nc1c(O)ccc2ccccc12)c1cccc(F)c1,0.01,0.023916666666666673,0.2,0.0,0.03435830402618202,135,False,,,
3,70,CC(=O)Nc1ccc(NC(=O)CCc2cnn(-c3ccccc3)c2)cc1,0.01,0.023916666666666673,0.2,0.0,0.03435830402618202,135,False,,,
3,71,COc1cc(F)c(NC(=O)C=C2CN(C(=O)OC(C)(C)C)C2)cc1F,0.01,0.023916666666666673,0.2,0.0,0.03435830402618202,135,False,,,
3,72,C[C@@H](Nc1ccc([N-]S(C)(=O)=O)cc1)C(=O)Nc1ccc2c(c1)OCO2,0.01,0.023916666666666673,0.2,0.0,0.03435830402618202,135,False,,,
3,73,CCC[C@@H]1C[C@@H](Nc2cc(OC)ccc2F)CCO1,0.01,0.023916666666666673,0.2,0.0,0.03435830402618202,135,False,,,
3,74,Cc1ccc(S(=O)(=O)CCC(=O)Oc2ccc(Cl)cc2Cl)cc1,0.01,0.023916666666666673,0.2,0.0,0.03435830402618202,135,False,,,
3,75,CCN(CC(=O)Nc1cccc(OC)c1)C(=O)c1ccc(F)cc1Br,0.01,0.023916666666666673,0.2,0.0,0.03435830402618202,135,False,,,
3,76,COC(=O)[C@@H]1CCCN(C(=O)NC2CCC([NH+]3CCCCC3)CC2)C1,0.01,0.023916666666666673,0.2,0.0,0.03435830402618202,135,False,,,
3,77,O=C(C[NH+]1CCN(c2ccc(C(F)(F)F)cn2)CC1)N1CCC[C@H]1c1ccc2c(c1)OCCO2,0.01,0.023916666666666673,0.2,0.0,0.03435830402618202,135,False,,,
3,78,CC(C)C[C@H]1C[NH2+]CC[C@@H]1c1cccc2c1OC(C)(C)C2,0.01,0.023916666666666673,0.2,0.0,0.03435830402618202,135,False,,,
3,79,Cc1cccc(C[NH+]2CCC[C@@]3(CC[NH+](Cc4cnn(C(C)C)c4)C3)C2)c1,0.01,0.023916666666666673,0.2,0.0,0.03435830402618202,135,False,,,
3,80,Cc1nn(C)c(C)c1NC(=O)CS[C@H]1CCCc2ccccc21,0.01,0.023916666666666673,0.2,0.0,0.03435830402618202,135,False,,,
3,81,CC1(C)CN(CCOc2ccc(S(C)(=O)=O)cc2)CC[S@@]1=O,0.01,0.023916666666666673,0.2,0.0,0.03435830402618202,135,False,,,
3,82,O=C(NCc1ccc(N2CCC(O)CC2)c(F)c1)c1ccn(-c2ccc(F)cc2)n1,0.01,0.023916666666666673,0.2,0.0,0.03435830402618202,135,False,,,
3,83,Cc1cc(/C=C(\C#N)C(=O)Nc2ccccc2)c(C)n1-c1ccc(I)cc1,0.01,0.023916666666666673,0.2,0.0,0.03435830402618202,135,False,,,
3,84,COc1ccc(C2CC(=O)N3NC(=O)N(C=C(C)CN)C3C2c2ccc(Cl)cc2Cl)cc1OC,0.01,0.023916666666666673,0.2,0.0,0.03435830402618202,135,False,,"Both given molecules have the same JNK3 score of 0.02, indicating low activity. To improve the JNK3 score, I will combine favorable features from both molecules: the bicyclic core with nitrogen heterocycles from the first molecule, which may provide good binding interactions, and the amide-linked chlorophenyl group from the second molecule, which could enhance binding affinity through hydrophobic and halogen bonding interactions. Additionally, I will introduce a small alkene side chain (from the second molecule) to increase molecular flexibility and potential interactions. This hybrid molecule maintains key pharmacophores and adds diversity to improve activity.","I have two molecules and their JNK3 scores. The JNK3 score measures a molecular's biological activity against JNK3.


[COc1ccc([C@@H]2CC(=O)C3=C(C2)N[C@@H]2N=NC(O)=C2[C@H]3c2ccc(Cl)c(Cl)c2)cc1OC,0.02]
[C=C(C)CN(C)C(=O)CN1CC2=C(C1=O)[C@@H](c1ccc(Cl)cc1Cl)NC(=O)N2CC,0.02]Please propose a new molecule that has a higher JNK3 score. You can either make crossover and mutations based on the given molecules or just propose a new molecule based on your knowledge.



Your output should follow the format: {<<<Explaination>>>: $EXPLANATION, <<<Molecule>>>: \box{$Molecule}}. Here are the requirements:

        

1. $EXPLANATION should be your analysis.
2. The $Molecule should be the smiles of your propsosed molecule.
3. The molecule should be valid.
        "
3,85,C[C@@H](CO)CSC[C@@H]([NH3+])C1=CC=CCC1,0.01,0.023916666666666673,0.2,0.0,0.03435830402618202,135,False,,Fallback to genetic operations due to LLM error: ,"Fallback genetic operation for parents: ['CCC[C@@H](C(=O)N1CCN(CC(=O)NC2=C(C)C=CC=C2C)CC1)C1=CC=CC=C1', 'C[C@@H](CO)CSC[C@@H]([NH3+])C1=CC=C2OCCCOC2=C1']"
3,86,O=C(CCn1nnc2cc(-c3noc(Cc4ccc(Cl)cc4)n3)ccc21)N1CCCC1,0.0,0.023916666666666673,0.2,0.0,0.03435830402618202,135,False,,,
3,87,CCS(=O)(=O)c1ccc(C(=O)Nc2cc(C)nn2-c2nc3c(Cl)cccc3s2)cc1,0.0,0.023916666666666673,0.2,0.0,0.03435830402618202,135,False,,,
3,88,CC[NH2+][C@@H](C)[C@@H]1CCCC(C)(C)CC1,0.0,0.023916666666666673,0.2,0.0,0.03435830402618202,135,False,,,
3,89,C/C=C/C(=O)NCC(=O)Nc1cccc(C)c1C,0.0,0.023916666666666673,0.2,0.0,0.03435830402618202,135,False,,,
3,90,CC(C)OCCS(=O)(=O)N1CC(N2CC[NH2+]CC2)C1,0.0,0.023916666666666673,0.2,0.0,0.03435830402618202,135,False,,,
3,91,COc1ccc(CNC(=O)Nc2ccc(CC(N)=O)cc2)cc1OC,0.0,0.023916666666666673,0.2,0.0,0.03435830402618202,135,False,,,
3,92,Cc1nc2ccc(NC(=O)N3CCC[C@@H](C)CC3)cc2o1,0.0,0.023916666666666673,0.2,0.0,0.03435830402618202,135,False,,,
3,93,CCN(Cc1ccc(OC)cc1)C(=O)[C@H](C)Cc1ccccc1F,0.0,0.023916666666666673,0.2,0.0,0.03435830402618202,135,False,,,
3,94,COc1ccc(Oc2ccc(Cl)nn2)cc1,0.0,0.023916666666666673,0.2,0.0,0.03435830402618202,135,False,,,
3,95,O=C(NCc1ccccc1)c1cccc(S(=O)(=O)N2CCCCCC2)c1,0.0,0.023916666666666673,0.2,0.0,0.03435830402618202,135,False,,,
3,96,CCc1ccc(C(=O)OCC(=O)C2=c3ccccc3=[NH+]C2)cc1,0.0,0.023916666666666673,0.2,0.0,0.03435830402618202,135,False,,,
3,97,Cc1ccc(C(=O)CCC(=O)NCc2ccncc2)cc1,0.0,0.023916666666666673,0.2,0.0,0.03435830402618202,135,False,,,
3,98,CC(C)CN1CCO[C@@H](CNC(=O)c2ccc3[nH]nnc3c2)C1,0.0,0.023916666666666673,0.2,0.0,0.03435830402618202,135,False,,,
3,99,CCC(=O)Nc1ccc(C)c(NC(=O)C[C@@H]2CCCO2)c1,0.0,0.023916666666666673,0.2,0.0,0.03435830402618202,135,False,,,
3,100,C[C@H](SCCN1C(=O)NC(C)(C)C1=O)C(=O)NC1CCCCC1,0.0,0.023916666666666673,0.2,0.0,0.03435830402618202,135,False,,,
3,101,CC[C@@H](C)[C@H](C)[NH+](Cc1ccccc1NC(C)=O)C1CC1,0.0,0.023916666666666673,0.2,0.0,0.03435830402618202,135,False,,,
3,102,O=C(NCCC(F)(F)F)N1CCOc2ccccc2C1,0.0,0.023916666666666673,0.2,0.0,0.03435830402618202,135,False,,,
3,103,CCC(=O)Oc1ccc2cc(C(=O)NCCc3ccccc3)c(=O)oc2c1,0.0,0.023916666666666673,0.2,0.0,0.03435830402618202,135,False,,,
3,104,CCc1ccccc1NC(=O)CN(C)c1cnn(C)c(=O)c1Cl,0.0,0.023916666666666673,0.2,0.0,0.03435830402618202,135,False,,,
3,105,C[C@@](O)(CNC(=O)N[C@@H](c1ccccc1)C1CCCC1)CN1CCOCC1,0.0,0.023916666666666673,0.2,0.0,0.03435830402618202,135,False,,,
3,106,CCOC(=O)c1ccc(NS(=O)(=O)c2ccc3c(c2)N(C(C)=O)CCO3)cc1,0.0,0.023916666666666673,0.2,0.0,0.03435830402618202,135,False,,,
3,107,COc1ccc(C[C@H](C)CNC(=O)Cc2c(C)noc2C)cc1,0.0,0.023916666666666673,0.2,0.0,0.03435830402618202,135,False,,,
3,108,C#CCN(CC(=O)[O-])C(=O)c1nc(CC)n[n-]1,0.0,0.023916666666666673,0.2,0.0,0.03435830402618202,135,False,,,
3,109,COc1cccc(/C=C2\SC(=S)N=C2[O-])c1OCc1ccc(Cl)cc1Cl,0.0,0.023916666666666673,0.2,0.0,0.03435830402618202,135,False,,,
3,110,O=C(Cc1ccc(Br)cc1)N/N=C/c1ccccc1O,0.0,0.023916666666666673,0.2,0.0,0.03435830402618202,135,False,,,
3,111,Cc1ccc(CCC(=O)Nc2cc(S(C)(=O)=O)ccc2Cl)cc1,0.0,0.023916666666666673,0.2,0.0,0.03435830402618202,135,False,,,
3,112,Cc1cccc(C)c1C[NH2+]CC(C)(C)C(N)=O,0.0,0.023916666666666673,0.2,0.0,0.03435830402618202,135,False,,,
3,113,C[C@H](NC(=O)CSc1nc2ccccc2c(=O)n1C[C@H]1CCCO1)c1ccc(F)cc1,0.0,0.023916666666666673,0.2,0.0,0.03435830402618202,135,False,,,
3,114,CC[C@H](OC(=O)c1cccc(C(F)(F)F)c1)C(=O)Nc1cc(C)on1,0.0,0.023916666666666673,0.2,0.0,0.03435830402618202,135,False,,,
3,115,CCOc1ccc(-n2c(N)c(C(=O)OC(C)(C)C)c3nc4ccccc4nc32)cc1,0.0,0.023916666666666673,0.2,0.0,0.03435830402618202,135,False,,,
3,116,COC[C@H](C)NC(=O)c1ccc(C(=O)OC)cc1,0.0,0.023916666666666673,0.2,0.0,0.03435830402618202,135,False,,,
3,117,O=C(NCc1ccc(COCC(F)(F)F)cc1)c1cc(=O)c2ccccc2o1,0.0,0.023916666666666673,0.2,0.0,0.03435830402618202,135,False,,,
3,118,CCC1(CNC(=O)C(=O)Nc2ccc(OC)nc2Br)CC1,0.0,0.023916666666666673,0.2,0.0,0.03435830402618202,135,False,,,
3,119,CN(C(=O)N1CCCC1)C1CCC([NH3+])CC1,0.0,0.023916666666666673,0.2,0.0,0.03435830402618202,135,False,,,
3,120,C[C@@H](NC(=O)N[C@H]1C[C@@H]1c1cccc(Cl)c1)c1nnc2ccccn12,0.0,0.023916666666666673,0.2,0.0,0.03435830402618202,135,False,,,
4,1,COc1ccccc1C(=O)Nc1ccc2c(N3CCCC3)ncnc2c1,0.2,0.02741666666666667,0.2,0.0,0.0378482899951313,140,False,,"The first molecule has a JNK3 score of 0.19, which is higher than the second molecule's 0.05. The main difference is that the second molecule has an additional dichlorophenyl group attached, which seems to reduce activity. To improve the JNK3 score, I propose to keep the core structure of the first molecule (which has better activity) and introduce a small, less bulky, and potentially beneficial substituent that can enhance binding without steric hindrance. For example, replacing the methyl group on the phenyl ring with a methoxy group (-OCH3) might improve interactions through hydrogen bonding or electronic effects, potentially increasing activity. This is a common strategy in medicinal chemistry to improve potency. Therefore, I propose the molecule: COC1=CC=CC=C1C(=O)Nc2ccc3c(N4CCCC4)ncnc3c2, which is the first molecule but with the methyl group replaced by a methoxy group. This molecule is valid and may have a higher JNK3 score. ,","I have two molecules and their JNK3 scores. The JNK3 score measures a molecular's biological activity against JNK3.


[Cc1ccccc1C(=O)Nc1ccc2c(N3CCCC3)ncnc2c1,0.19]
[Cc1ccccc1C(=O)Nc1ccc2c(N3CCCC3)ncnc2c1-c1cc(Cl)cc(Cl)c1,0.05]Please propose a new molecule that has a higher JNK3 score. You can either make crossover and mutations based on the given molecules or just propose a new molecule based on your knowledge.



Your output should follow the format: {<<<Explaination>>>: $EXPLANATION, <<<Molecule>>>: \box{$Molecule}}. Here are the requirements:

        

1. $EXPLANATION should be your analysis.
2. The $Molecule should be the smiles of your propsosed molecule.
3. The molecule should be valid.
        "
4,2,Cc1ccccc1C(=O)Nc1ccc2c(N3CCCC3)ncnc2c1,0.19,0.02741666666666667,0.2,0.0,0.0378482899951313,140,False,,,
4,3,O=C(Nc1ccc2c(N3CCCC3)ncnc2c1)c1ccccc1O,0.18,0.02741666666666667,0.2,0.0,0.0378482899951313,140,False,,"{<<<Explanation>>>: Both given molecules share a common scaffold: a benzamide linked to a fused bicyclic system containing a piperidine ring. The difference lies in the substituent on the benzene ring attached to the amide: one has a methyl group (–CH3) and the other a methoxy group (–OCH3). The methoxy substituent (electron-donating and capable of hydrogen bonding) slightly improves the JNK3 score (0.2 vs 0.19). To further enhance activity, I propose introducing a stronger electron-donating group that can also engage in hydrogen bonding, such as a hydroxyl group (–OH), which often improves binding affinity by forming additional hydrogen bonds with the target. Additionally, placing the hydroxyl group para to the amide linkage on the benzene ring could optimize interactions. Therefore, I propose replacing the methyl/methoxy substituent with a para-hydroxy group on the benzamide phenyl ring, keeping the rest of the molecule intact. This modification is likely to increase the JNK3 score by improving binding interactions.

<<<Molecule>>>: \box{Oc1ccccc1C(=O)Nc1ccc2c(N3CCCC3)ncnc2c1}}","I have two molecules and their JNK3 scores. The JNK3 score measures a molecular's biological activity against JNK3.


[Cc1ccccc1C(=O)Nc1ccc2c(N3CCCC3)ncnc2c1,0.19]
[COc1ccccc1C(=O)Nc1ccc2c(N3CCCC3)ncnc2c1,0.2]Please propose a new molecule that has a higher JNK3 score. You can either make crossover and mutations based on the given molecules or just propose a new molecule based on your knowledge.



Your output should follow the format: {<<<Explaination>>>: $EXPLANATION, <<<Molecule>>>: \box{$Molecule}}. Here are the requirements:

        

1. $EXPLANATION should be your analysis.
2. The $Molecule should be the smiles of your propsosed molecule.
3. The molecule should be valid.
        "
4,4,COc1cc(F)ccc1C(=O)Nc1ccc2c(N3CCCC3)ncnc2c1,0.14,0.02741666666666667,0.2,0.0,0.0378482899951313,140,False,,"{<<<Explanation>>>: The first molecule is a small amino alcohol derivative with a fluorobromo-substituted phenyl ring and a very low JNK3 score (0.03). The second molecule is a more complex heterocyclic compound with a methoxyphenyl group, an amide linkage, and a fused bicyclic system containing a piperidine ring, showing a higher JNK3 score (0.2). To improve the JNK3 score, it is beneficial to retain the heterocyclic core and amide linkage from the second molecule, which likely contribute to binding affinity, while introducing a halogen substitution on the phenyl ring to enhance interactions and possibly improve potency. I propose a molecule that combines the methoxyphenyl amide and fused bicyclic system of the second molecule, but with a fluorine substituent on the phenyl ring to potentially increase binding affinity and activity against JNK3.

<<<Molecule>>>: \box{COc1cc(F)ccc1C(=O)Nc1ccc2c(N3CCCC3)ncnc2c1}}","I have two molecules and their JNK3 scores. The JNK3 score measures a molecular's biological activity against JNK3.


[[NH3+]C[C@H](CO)Cc1cc(F)cc(Br)c1,0.03]
[COc1ccccc1C(=O)Nc1ccc2c(N3CCCC3)ncnc2c1,0.2]Please propose a new molecule that has a higher JNK3 score. You can either make crossover and mutations based on the given molecules or just propose a new molecule based on your knowledge.



Your output should follow the format: {<<<Explaination>>>: $EXPLANATION, <<<Molecule>>>: \box{$Molecule}}. Here are the requirements:

        

1. $EXPLANATION should be your analysis.
2. The $Molecule should be the smiles of your propsosed molecule.
3. The molecule should be valid.
        "
4,5,COc1cc(F)ccc1C(=O)Nc1ccc2c(N3CCOCC3)ncnc2c1,0.14,0.02741666666666667,0.2,0.0,0.0378482899951313,140,False,,"{<<<Explanation>>>: Both given molecules are identical and have a JNK3 score of 0.2, indicating moderate activity. The structure features a methoxyphenyl group linked via an amide to a bicyclic heterocycle containing a piperidine ring fused to a pyrimidine. To improve JNK3 activity, modifications known to enhance kinase inhibition can be considered. For example, introducing a fluorine atom on the phenyl ring can increase binding affinity by improving metabolic stability and interactions with the kinase active site. Additionally, replacing the piperidine ring with a morpholine ring can enhance solubility and potentially improve binding through additional hydrogen bonding. Therefore, I propose a molecule where the methoxy group is replaced by a 3-fluoro-4-methoxy substitution on the phenyl ring, and the piperidine ring is replaced by morpholine. This modification aims to increase JNK3 binding affinity and thus the score.

<<<Molecule>>>: \box{COc1cc(F)ccc1C(=O)Nc1ccc2c(N3CCOCC3)ncnc2c1}}","I have two molecules and their JNK3 scores. The JNK3 score measures a molecular's biological activity against JNK3.


[COc1ccccc1C(=O)Nc1ccc2c(N3CCCC3)ncnc2c1,0.2]
[COc1ccccc1C(=O)Nc1ccc2c(N3CCCC3)ncnc2c1,0.2]Please propose a new molecule that has a higher JNK3 score. You can either make crossover and mutations based on the given molecules or just propose a new molecule based on your knowledge.



Your output should follow the format: {<<<Explaination>>>: $EXPLANATION, <<<Molecule>>>: \box{$Molecule}}. Here are the requirements:

        

1. $EXPLANATION should be your analysis.
2. The $Molecule should be the smiles of your propsosed molecule.
3. The molecule should be valid.
        "
4,6,COc1ccc(C(=O)N2CCCC(C(=O)Nc3ccc(-c4ccncc4)cc3)C2)cc1,0.12,0.02741666666666667,0.2,0.0,0.0378482899951313,140,False,,"Both given molecules have relatively low JNK3 scores (0.06 and 0.05), indicating modest activity. The first molecule features a piperidine ring linked to an amide and a substituted phenyl ring with a pyrazole moiety, while the second molecule contains a methoxy-substituted aromatic system with a nitro group and an amide linkage. To potentially increase JNK3 activity, I propose combining the amide-linked aromatic system from the first molecule with the electron-donating methoxy groups from the second molecule to enhance binding affinity and improve interactions with the JNK3 active site. Additionally, replacing the pyrazole ring with a more planar heterocycle like a pyridine could improve stacking interactions. Therefore, I propose a molecule with a piperidine ring linked via an amide to a methoxy-substituted phenyl ring, which is further connected to a pyridine ring. This hybrid design aims to improve binding affinity and thus increase the JNK3 score.","I have two molecules and their JNK3 scores. The JNK3 score measures a molecular's biological activity against JNK3.


[Cc1nonc1CC(=O)N1CCC[C@H](C(=O)Nc2ccc(-c3ccn[nH]3)cc2)C1,0.06]
[COc1ccc(CNC(=O)c2cc(OC)c(OC)cc2[N+](=O)[O-])cn1,0.05]Please propose a new molecule that has a higher JNK3 score. You can either make crossover and mutations based on the given molecules or just propose a new molecule based on your knowledge.



Your output should follow the format: {<<<Explaination>>>: $EXPLANATION, <<<Molecule>>>: \box{$Molecule}}. Here are the requirements:

        

1. $EXPLANATION should be your analysis.
2. The $Molecule should be the smiles of your propsosed molecule.
3. The molecule should be valid.
        "
4,7,COc1ccc(CN2CCC(CNC(=O)c3c[nH]nc3-c3ccc(Cl)c([N+](=O)[O-])c3)CC2)cc1,0.11,0.02741666666666667,0.2,0.0,0.0378482899951313,140,False,,"{<<<Explanation>>>: Both given molecules have a JNK3 score of 0.05, indicating relatively low activity. They share some common features: an amide linkage connected to heterocyclic systems and aromatic rings with electron-withdrawing groups (Cl, NO2). To potentially increase JNK3 activity, I propose combining favorable features from both molecules: the pyrazole-based heterocycle from the first molecule and the nitro-substituted chlorinated aromatic ring from the second molecule. Additionally, introducing a methoxy group on the aromatic ring (as in the first molecule) may enhance binding through electronic effects. I also suggest replacing the piperidinium ring (positively charged nitrogen in the first molecule) with a neutral piperidine to reduce potential off-target interactions and improve membrane permeability. This crossover and mutation aim to improve binding affinity and biological activity against JNK3. 

<<<Molecule>>>: \box{COc1ccc(CN2CCC(CNC(=O)c3c[nH]nc3-c3ccc(Cl)c([N+](=O)[O-])c3)CC2)cc1}}}","I have two molecules and their JNK3 scores. The JNK3 score measures a molecular's biological activity against JNK3.


[COc1ccc(C[NH+]2CCC(CNC(=O)c3c[nH]nc3-c3ccc(Cl)cc3)CC2)cc1,0.05]
[Cc1nn(C)cc1CNC(=O)c1ccc(Cn2cc(Cl)c([N+](=O)[O-])n2)cc1,0.05]Please propose a new molecule that has a higher JNK3 score. You can either make crossover and mutations based on the given molecules or just propose a new molecule based on your knowledge.



Your output should follow the format: {<<<Explaination>>>: $EXPLANATION, <<<Molecule>>>: \box{$Molecule}}. Here are the requirements:

        

1. $EXPLANATION should be your analysis.
2. The $Molecule should be the smiles of your propsosed molecule.
3. The molecule should be valid.
        "
4,8,CCSCC(C)N(C)C(=O)NCc1ccc(Nc2ccccc2OC)cc1N(C)C,0.09,0.02741666666666667,0.2,0.0,0.0378482899951313,140,False,,"Both given molecules have very low JNK3 scores (0.02 and 0.01), indicating weak activity. The first molecule features a peptide-like backbone with an amide linkage and aromatic substitution, while the second has a bicyclic system with a positively charged amine and a bulky tert-butyl ether group. To improve JNK3 activity, it is often beneficial to combine features that enhance binding affinity, such as maintaining the amide linkage for hydrogen bonding and incorporating aromatic or heteroaromatic rings for π-π stacking interactions. Additionally, reducing steric hindrance and optimizing the basic amine groups can improve binding. I propose a molecule that merges the amide backbone and aromatic substitution from the first molecule with a less bulky, more planar bicyclic aromatic system inspired by the second molecule, replacing the bulky tert-butyl group with a simpler methoxy group to reduce steric hindrance and maintain polarity. This hybrid molecule should have improved binding potential and thus a higher JNK3 score.","I have two molecules and their JNK3 scores. The JNK3 score measures a molecular's biological activity against JNK3.


[CCSC[C@@H](C)N(C)C(=O)NCc1ccc(C)cc1N(C)C,0.02]
[CC(C)C[C@H]1C[NH2+]CC[C@@H]1c1cccc2c1OC(C)(C)C2,0.01]Please propose a new molecule that has a higher JNK3 score. You can either make crossover and mutations based on the given molecules or just propose a new molecule based on your knowledge.



Your output should follow the format: {<<<Explaination>>>: $EXPLANATION, <<<Molecule>>>: \box{$Molecule}}. Here are the requirements:

        

1. $EXPLANATION should be your analysis.
2. The $Molecule should be the smiles of your propsosed molecule.
3. The molecule should be valid.
        "
4,9,CC(=O)Nc1ccc(NCc2ccccc2F)c(C(F)(F)F)c1,0.08,0.02741666666666667,0.2,0.0,0.0378482899951313,140,False,,,
4,10,O=C(N1CCOCC1)C12C[C@H]3C[C@@H](C1)CC(c1ccc([N+](=O)[O-])cc1)(C3)C2,0.07,0.02741666666666667,0.2,0.0,0.0378482899951313,140,False,,,
4,11,Cc1nonc1CC(=O)N1CCC[C@H](C(=O)Nc2ccc(-c3ccn[nH]3)cc2)C1,0.06,0.02741666666666667,0.2,0.0,0.0378482899951313,140,False,,,
4,12,Fc1ccc2oc(C[NH2+]C[C@@H]3CN4CCCC[C@@H]4CO3)cc2c1,0.06,0.02741666666666667,0.2,0.0,0.0378482899951313,140,False,,,
4,13,Cc1ccc([C@H](C)NC(=O)N[C@H]2CC(=O)N(C3CC3)C2)cc1[N+](=O)[O-],0.06,0.02741666666666667,0.2,0.0,0.0378482899951313,140,False,,,
4,14,COc1nc(N[C@@H]2C[NH+]3CCC2CC3)ccc1N,0.06,0.02741666666666667,0.2,0.0,0.0378482899951313,140,False,,,
4,15,COC1=CC(F)=C(NC(=O)C=C2CN(C(=O)NC3=NC=C(CC4=CC=CC(Cl)=C4)S3)C2)C=C1F,0.06,0.02741666666666667,0.2,0.0,0.0378482899951313,140,False,,Fallback to genetic operations due to LLM error: ,"Fallback genetic operation for parents: ['COC1=CC(F)=C(NC(=O)C=C2CN(C(=O)NC3=NC=NC4=C3CCC4)C2)C=C1F', 'C[NH+]1CCC(NC(=O)NC2=NC=C(CC3=CC=CC(Cl)=C3)S2)CC1']"
4,16,COc1ccc(CNC(=O)c2cc(OC)c(OC)cc2[N+](=O)[O-])cn1,0.05,0.02741666666666667,0.2,0.0,0.0378482899951313,140,False,,,
4,17,CS[C@@H](C)C1=CC=CC(NC(=O)C2=CN(C)N=C2C2=CC=CC=C2)=C1,0.05,0.02741666666666667,0.2,0.0,0.0378482899951313,140,False,,,
4,18,Cc1nn(C)cc1CNC(=O)c1ccc(Cn2cc(Cl)c([N+](=O)[O-])n2)cc1,0.05,0.02741666666666667,0.2,0.0,0.0378482899951313,140,False,,,
4,19,COc1ccc(C[NH+]2CCC(CNC(=O)c3c[nH]nc3-c3ccc(Cl)cc3)CC2)cc1,0.05,0.02741666666666667,0.2,0.0,0.0378482899951313,140,False,,,
4,20,O=C(NC[C@H]1CCC[NH+](Cc2cc(O)ccc2[N+](=O)[O-])C1)c1ccccc1,0.05,0.02741666666666667,0.2,0.0,0.0378482899951313,140,False,,,
4,21,Cc1ccccc1C(=O)Nc1ccc2c(N3CCCC3)ncnc2c1-c1cc(Cl)cc(Cl)c1,0.05,0.02741666666666667,0.2,0.0,0.0378482899951313,140,False,,"The first molecule has a very low JNK3 score (0.02), while the second molecule has a higher score (0.19). The second molecule contains a fused bicyclic system with a purine-like scaffold and a piperidine ring, which might contribute to better binding affinity. The first molecule has a different scaffold with a bicyclic lactam and dichlorophenyl group but lower activity. To design a molecule with potentially higher JNK3 activity, I propose combining the purine-like bicyclic core and the piperidine ring from the second molecule with the dichlorophenyl substituent from the first molecule, as halogenated aromatic rings often enhance binding through hydrophobic and halogen bonding interactions. Additionally, I will keep the amide linkage to maintain hydrogen bonding potential. This hybrid molecule might improve binding affinity and thus increase the JNK3 score.","I have two molecules and their JNK3 scores. The JNK3 score measures a molecular's biological activity against JNK3.


[C=C(C)CN(C)C(=O)CN1CC2=C(C1=O)[C@@H](c1ccc(Cl)cc1Cl)NC(=O)N2CC,0.02]
[Cc1ccccc1C(=O)Nc1ccc2c(N3CCCC3)ncnc2c1,0.19]Please propose a new molecule that has a higher JNK3 score. You can either make crossover and mutations based on the given molecules or just propose a new molecule based on your knowledge.



Your output should follow the format: {<<<Explaination>>>: $EXPLANATION, <<<Molecule>>>: \box{$Molecule}}. Here are the requirements:

        

1. $EXPLANATION should be your analysis.
2. The $Molecule should be the smiles of your propsosed molecule.
3. The molecule should be valid.
        "
4,22,CSC(C)c1ccc(NC(=O)c2cn(C)nc2-c2ccccc2)cc1F,0.05,0.02741666666666667,0.2,0.0,0.0378482899951313,140,False,,"{<<<Explanation>>>: The first molecule has a higher JNK3 score (0.05) compared to the second (0.01), indicating that the scaffold with the substituted aniline linked to a methylated purine-like heterocycle is more active. The second molecule contains a thiosemicarbazide moiety attached to a hydroxy-biphenyl system with a fluorophenyl amide, which shows lower activity. To improve activity, I propose combining the key features of the first molecule (the aniline-purine amide scaffold) with a fluorine substituent on the phenyl ring to potentially enhance binding affinity and metabolic stability. Introducing a fluorine on the phenyl ring of the first molecule may increase lipophilicity and binding interactions, potentially increasing the JNK3 score. This is a mutation of the first molecule by adding a fluorine substituent on the phenyl ring para to the amide linkage.

<<<Molecule>>>: \box{CS[C@@H](C)C1=CC=C(C=C1F)NC(=O)C2=CN(C)N=C2C3=CC=CC=C3}}","I have two molecules and their JNK3 scores. The JNK3 score measures a molecular's biological activity against JNK3.


[CS[C@@H](C)C1=CC=CC(NC(=O)C2=CN(C)N=C2C2=CC=CC=C2)=C1,0.05]
[O=C(NC(=S)Nc1c(O)ccc2ccccc12)c1cccc(F)c1,0.01]Please propose a new molecule that has a higher JNK3 score. You can either make crossover and mutations based on the given molecules or just propose a new molecule based on your knowledge.



Your output should follow the format: {<<<Explaination>>>: $EXPLANATION, <<<Molecule>>>: \box{$Molecule}}. Here are the requirements:

        

1. $EXPLANATION should be your analysis.
2. The $Molecule should be the smiles of your propsosed molecule.
3. The molecule should be valid.
        "
4,23,CC1=CC=C(NC(=O)CN2C(=O)S/C(=C/C3=C(F)C=CC=C3Cl)C2=O)C=C1,0.04,0.02741666666666667,0.2,0.0,0.0378482899951313,140,False,,,
4,24,C[C@H](NC(=O)NCC1=CC=CC2=CC=CN=C21)C1=CN(C)N=C1,0.04,0.02741666666666667,0.2,0.0,0.0378482899951313,140,False,,,
4,25,CC(=O)c1ccc(N[C@H]2CC(=O)N(CC(F)(F)F)C2)c([N+](=O)[O-])c1,0.04,0.02741666666666667,0.2,0.0,0.0378482899951313,140,False,,,
4,26,Cc1cnc(C[NH+](C)CCCc2cc(-c3ccc(F)cc3)[nH]n2)o1,0.04,0.02741666666666667,0.2,0.0,0.0378482899951313,140,False,,,
4,27,CC(=O)N[C@H](C)c1ccc(-c2csc(NC(=O)[C@@H](C)Oc3cc(C)ccc3Cl)n2)cc1,0.04,0.02741666666666667,0.2,0.0,0.0378482899951313,140,False,,,
4,28,CC(C)n1ccc(CCNCc2cnc(-c3ccsc3)s2)n1,0.04,0.02741666666666667,0.2,0.0,0.0378482899951313,140,False,,,
4,29,CS[C@@H](C)C1=CC(NC(=O)C2=CN(C)N=C2NC(=O)NCC2=CC=CC3=CC=CN=C32)=CC=C1,0.04,0.02741666666666667,0.2,0.0,0.0378482899951313,140,False,,Fallback to genetic operations due to LLM error: ,"Fallback genetic operation for parents: ['CS[C@@H](C)C1=CC=CC(NC(=O)C2=CN(C)N=C2C2=CC=CC=C2)=C1', 'C[C@H](NC(=O)NCC1=CC=CC2=CC=CN=C21)C1=CN(C)N=C1']"
4,30,Cc1ccc(C(C)NC(=O)N2[CH]OCC2)c([N+](=O)[O-])c1,0.04,0.02741666666666667,0.2,0.0,0.0378482899951313,140,False,,"Both given molecules have relatively low JNK3 scores (0.06 and 0.02), indicating modest activity. The first molecule features a nitro-substituted phenyl ring linked to a chiral amide-containing bicyclic lactam, while the second has a methoxy-substituted bicyclic ether with an amide linked to a substituted phenyl ring. To potentially increase JNK3 activity, I propose combining favorable features: the nitro group from the first molecule (which can enhance binding through electronic effects) and the bicyclic ether scaffold from the second molecule (which may provide conformational rigidity and better fit in the binding site). Additionally, replacing the acetyl group on the phenyl ring with a less electron-withdrawing methyl group might improve binding affinity by modulating electronic properties. This hybrid molecule maintains key hydrogen bonding capabilities and introduces structural elements that could enhance interaction with JNK3, potentially leading to a higher score.","I have two molecules and their JNK3 scores. The JNK3 score measures a molecular's biological activity against JNK3.


[Cc1ccc([C@H](C)NC(=O)N[C@H]2CC(=O)N(C3CC3)C2)cc1[N+](=O)[O-],0.06]
[COc1ccc2c(c1)C[C@@H](C(=O)Nc1ccc(C(C)=O)c(C)c1)CO2,0.02]Please propose a new molecule that has a higher JNK3 score. You can either make crossover and mutations based on the given molecules or just propose a new molecule based on your knowledge.



Your output should follow the format: {<<<Explaination>>>: $EXPLANATION, <<<Molecule>>>: \box{$Molecule}}. Here are the requirements:

        

1. $EXPLANATION should be your analysis.
2. The $Molecule should be the smiles of your propsosed molecule.
3. The molecule should be valid.
        "
4,31,C[C@H]([NH2+][C@H]1CCOC1)c1ccnc(Cl)c1,0.03,0.02741666666666667,0.2,0.0,0.0378482899951313,140,False,,,
4,32,COc1cc(-c2noc(C3C[C@@H](C)O[C@@H](C)C3)n2)ccn1,0.03,0.02741666666666667,0.2,0.0,0.0378482899951313,140,False,,,
4,33,COc1cc(C)c(CN2CCN(C(=O)c3ccc(N4CCCCC4)c([N+](=O)[O-])c3)CC2)cc1OC,0.03,0.02741666666666667,0.2,0.0,0.0378482899951313,140,False,,,
4,34,Cc1ccc2nc(N3CCC(C(=O)NCC(C)(C)CO)CC3)nc(C)c2c1,0.03,0.02741666666666667,0.2,0.0,0.0378482899951313,140,False,,,
4,35,C[C@@H]1COCCN1Cc1ccc(C(=O)NN)cn1,0.03,0.02741666666666667,0.2,0.0,0.0378482899951313,140,False,,,
4,36,[NH3+]C[C@H](CO)Cc1cc(F)cc(Br)c1,0.03,0.02741666666666667,0.2,0.0,0.0378482899951313,140,False,,,
4,37,C[C@@H](CO)CSC[C@@H]([NH3+])C1=CC=C2OCCCOC2=C1,0.03,0.02741666666666667,0.2,0.0,0.0378482899951313,140,False,,,
4,38,Cc1ccc(-c2ncco2)cc1NC(=O)c1nc(Cl)ccc1Cl,0.03,0.02741666666666667,0.2,0.0,0.0378482899951313,140,False,,,
4,39,O=C(Nc1ccc2c(c1)CCO2)N1CCC[C@H]1c1nc2ccccc2[nH]1,0.03,0.02741666666666667,0.2,0.0,0.0378482899951313,140,False,,,
4,40,N#CCc1ccc2[nH]ccc2n1,0.03,0.02741666666666667,0.2,0.0,0.0378482899951313,140,False,,,
4,41,COC1=CC(F)=C(NC(=O)C=C2CN(C(=O)NC3=NC=NC4=C3CCC4)C2)C=C1F,0.03,0.02741666666666667,0.2,0.0,0.0378482899951313,140,False,,,
4,42,CCCCO[C@@H]1C[C@H](NC(=O)c2occc2Br)C1(C)C,0.02,0.02741666666666667,0.2,0.0,0.0378482899951313,140,False,,,
4,43,NC(=O)c1cccc(CNC(=O)CSc2nc3ccccc3o2)c1,0.02,0.02741666666666667,0.2,0.0,0.0378482899951313,140,False,,,
4,44,CCC[C@@H](C(=O)N1CCN(CC(=O)NC2=C(C)C=CC=C2C)CC1)C1=CC=CC=C1,0.02,0.02741666666666667,0.2,0.0,0.0378482899951313,140,False,,,
4,45,COc1ccc([C@H](NC(=O)c2ccc3nccnc3c2)C2CCOCC2)cc1,0.02,0.02741666666666667,0.2,0.0,0.0378482899951313,140,False,,,
4,46,COc1cc(-c2ccccc2)sc1C(=O)NC[C@@H](O)C(C)(C)C,0.02,0.02741666666666667,0.2,0.0,0.0378482899951313,140,False,,,
4,47,Cc1nn(C)cc1CN1C[C@H](CO)OC[C@@H]1C,0.02,0.02741666666666667,0.2,0.0,0.0378482899951313,140,False,,,
4,48,Cc1cc(NC(=O)Nc2cccc(Cl)c2)ncc1Br,0.02,0.02741666666666667,0.2,0.0,0.0378482899951313,140,False,,,
4,49,CCSC[C@@H](C)N(C)C(=O)NCc1ccc(C)cc1N(C)C,0.02,0.02741666666666667,0.2,0.0,0.0378482899951313,140,False,,,
4,50,C=C(C)CN(C)C(=O)CN1CC2=C(C1=O)[C@@H](c1ccc(Cl)cc1Cl)NC(=O)N2CC,0.02,0.02741666666666667,0.2,0.0,0.0378482899951313,140,False,,,
4,51,COc1ccc2c(c1)C[C@@H](C(=O)Nc1ccc(C(C)=O)c(C)c1)CO2,0.02,0.02741666666666667,0.2,0.0,0.0378482899951313,140,False,,,
4,52,Cc1[nH+]ccn1Cc1nnc([C@@H]2CCC[NH+](Cc3cccnc3)C2)n1C,0.02,0.02741666666666667,0.2,0.0,0.0378482899951313,140,False,,,
4,53,COc1ccc([C@@H]2CC(=O)C3=C(C2)N[C@@H]2N=NC(O)=C2[C@H]3c2ccc(Cl)c(Cl)c2)cc1OC,0.02,0.02741666666666667,0.2,0.0,0.0378482899951313,140,False,,,
4,54,C[C@H]1Cc2cc([C@@H](Cl)C3(C)CCCC3)ccc2O1,0.02,0.02741666666666667,0.2,0.0,0.0378482899951313,140,False,,,
4,55,C[NH+]1CCC(NC(=O)NC2=NC=C(CC3=CC=CC(Cl)=C3)S2)CC1,0.02,0.02741666666666667,0.2,0.0,0.0378482899951313,140,False,,,
4,56,O=C(NCC1CCN(C(=O)c2ccccn2)CC1)C(=O)NC1CCCC1,0.02,0.02741666666666667,0.2,0.0,0.0378482899951313,140,False,,,
4,57,C[C@H](Cc1ccsc1)[NH+](C)Cc1cnc(N2CC[NH+](C)CC2)nc1,0.02,0.02741666666666667,0.2,0.0,0.0378482899951313,140,False,,,
4,58,COc1ccc(NC(=O)C[NH+]2CCCN(Cc3cccc(Cl)c3)S2(=O)=O)cc1,0.02,0.02741666666666667,0.2,0.0,0.0378482899951313,140,False,,,
4,59,CSC(C)c1cccc(NC(=O)NC(C)COC2CCOCC2)c1,0.02,0.02741666666666667,0.2,0.0,0.0378482899951313,140,False,,"The first molecule has a JNK3 score of 0.05, which is higher than the second molecule's 0.01. The first molecule features a substituted aniline linked to a methylated purine-like heterocycle, while the second molecule has a bulky tert-butyl group and a morpholine ring. To improve the JNK3 score, I propose combining the key amide linkage and aromatic system from the first molecule with the morpholine ring from the second molecule, which may enhance solubility and binding interactions. Additionally, introducing a small alkyl substitution on the aromatic ring could improve hydrophobic interactions. This hybrid molecule maintains the core amide and aromatic system from the first molecule but replaces the purine moiety with a morpholine-containing amide, potentially increasing activity against JNK3.","I have two molecules and their JNK3 scores. The JNK3 score measures a molecular's biological activity against JNK3.


[CS[C@@H](C)C1=CC=CC(NC(=O)C2=CN(C)N=C2C2=CC=CC=C2)=C1,0.05]
[CCC(C)(C)NC(=O)c1ccc(NC(=O)N[C@@H](C)[C@H]2CCCO2)cc1,0.01]Please propose a new molecule that has a higher JNK3 score. You can either make crossover and mutations based on the given molecules or just propose a new molecule based on your knowledge.



Your output should follow the format: {<<<Explaination>>>: $EXPLANATION, <<<Molecule>>>: \box{$Molecule}}. Here are the requirements:

        

1. $EXPLANATION should be your analysis.
2. The $Molecule should be the smiles of your propsosed molecule.
3. The molecule should be valid.
        "
4,60,O=C1N[C@@H](c2ccccc2F)c2c1oc1ccccc1c2=O,0.01,0.02741666666666667,0.2,0.0,0.0378482899951313,140,False,,,
4,61,CS(=O)(=O)N[C@H]1CCN(c2ccc(Cl)c(F)c2)C1=O,0.01,0.02741666666666667,0.2,0.0,0.0378482899951313,140,False,,,
4,62,CCC(C)(C)NC(=O)c1ccc(NC(=O)N[C@@H](C)[C@H]2CCCO2)cc1,0.01,0.02741666666666667,0.2,0.0,0.0378482899951313,140,False,,,
4,63,CSCC[C@H](NC(=O)N[C@@H]1CCCCC1(C)C)C(=O)[O-],0.01,0.02741666666666667,0.2,0.0,0.0378482899951313,140,False,,,
4,64,CC(C)C(=O)Nc1nc2ccc(CCC(=O)NCc3ccccc3Cl)cc2s1,0.01,0.02741666666666667,0.2,0.0,0.0378482899951313,140,False,,,
4,65,Cc1nn(-c2ccccc2)c(C)c1NC(=O)CN1CCc2cc(F)ccc2C1,0.01,0.02741666666666667,0.2,0.0,0.0378482899951313,140,False,,,
4,66,COc1ccc(C[C@H](C)C[NH+](C)Cc2cn3cccnc3n2)cc1,0.01,0.02741666666666667,0.2,0.0,0.0378482899951313,140,False,,,
4,67,CCc1nsc(NCC(=O)NC(C)(C)C)n1,0.01,0.02741666666666667,0.2,0.0,0.0378482899951313,140,False,,,
4,68,CCCN(C)c1nccn2c(=O)n(CC(=O)Nc3cccc(SC)c3)nc12,0.01,0.02741666666666667,0.2,0.0,0.0378482899951313,140,False,,,
4,69,O=C(Nc1ccc(-c2nnc3n2CCCCC3)cc1)c1ccccc1C(F)(F)F,0.01,0.02741666666666667,0.2,0.0,0.0378482899951313,140,False,,,
4,70,CC(C)c1cccc(C(C)C)c1NC(=O)CCN1C(=O)[C@H]2CC[C@@](C)(C1=O)C2(C)C,0.01,0.02741666666666667,0.2,0.0,0.0378482899951313,140,False,,,
4,71,Cc1cccc(CN(C(=O)c2cccc(N3CCNC3=O)c2)C(C)C)c1,0.01,0.02741666666666667,0.2,0.0,0.0378482899951313,140,False,,,
4,72,COc1ccc(C(=O)N2C[C@@H](C)[NH2+]C[C@H]2C)cc1O,0.01,0.02741666666666667,0.2,0.0,0.0378482899951313,140,False,,,
4,73,O=C(NC(=S)Nc1c(O)ccc2ccccc12)c1cccc(F)c1,0.01,0.02741666666666667,0.2,0.0,0.0378482899951313,140,False,,,
4,74,CC(=O)Nc1ccc(NC(=O)CCc2cnn(-c3ccccc3)c2)cc1,0.01,0.02741666666666667,0.2,0.0,0.0378482899951313,140,False,,,
4,75,COc1cc(F)c(NC(=O)C=C2CN(C(=O)OC(C)(C)C)C2)cc1F,0.01,0.02741666666666667,0.2,0.0,0.0378482899951313,140,False,,,
4,76,C[C@@H](Nc1ccc([N-]S(C)(=O)=O)cc1)C(=O)Nc1ccc2c(c1)OCO2,0.01,0.02741666666666667,0.2,0.0,0.0378482899951313,140,False,,,
4,77,CCC[C@@H]1C[C@@H](Nc2cc(OC)ccc2F)CCO1,0.01,0.02741666666666667,0.2,0.0,0.0378482899951313,140,False,,,
4,78,Cc1ccc(S(=O)(=O)CCC(=O)Oc2ccc(Cl)cc2Cl)cc1,0.01,0.02741666666666667,0.2,0.0,0.0378482899951313,140,False,,,
4,79,CCN(CC(=O)Nc1cccc(OC)c1)C(=O)c1ccc(F)cc1Br,0.01,0.02741666666666667,0.2,0.0,0.0378482899951313,140,False,,,
4,80,COC(=O)[C@@H]1CCCN(C(=O)NC2CCC([NH+]3CCCCC3)CC2)C1,0.01,0.02741666666666667,0.2,0.0,0.0378482899951313,140,False,,,
4,81,O=C(C[NH+]1CCN(c2ccc(C(F)(F)F)cn2)CC1)N1CCC[C@H]1c1ccc2c(c1)OCCO2,0.01,0.02741666666666667,0.2,0.0,0.0378482899951313,140,False,,,
4,82,CC(C)C[C@H]1C[NH2+]CC[C@@H]1c1cccc2c1OC(C)(C)C2,0.01,0.02741666666666667,0.2,0.0,0.0378482899951313,140,False,,,
4,83,Cc1cccc(C[NH+]2CCC[C@@]3(CC[NH+](Cc4cnn(C(C)C)c4)C3)C2)c1,0.01,0.02741666666666667,0.2,0.0,0.0378482899951313,140,False,,,
4,84,Cc1nn(C)c(C)c1NC(=O)CS[C@H]1CCCc2ccccc21,0.01,0.02741666666666667,0.2,0.0,0.0378482899951313,140,False,,,
4,85,CC1(C)CN(CCOc2ccc(S(C)(=O)=O)cc2)CC[S@@]1=O,0.01,0.02741666666666667,0.2,0.0,0.0378482899951313,140,False,,,
4,86,O=C(NCc1ccc(N2CCC(O)CC2)c(F)c1)c1ccn(-c2ccc(F)cc2)n1,0.01,0.02741666666666667,0.2,0.0,0.0378482899951313,140,False,,,
4,87,Cc1cc(/C=C(\C#N)C(=O)Nc2ccccc2)c(C)n1-c1ccc(I)cc1,0.01,0.02741666666666667,0.2,0.0,0.0378482899951313,140,False,,,
4,88,COc1ccc(C2CC(=O)N3NC(=O)N(C=C(C)CN)C3C2c2ccc(Cl)cc2Cl)cc1OC,0.01,0.02741666666666667,0.2,0.0,0.0378482899951313,140,False,,"Both given molecules have the same JNK3 score of 0.02, indicating low activity. To improve the JNK3 score, I will combine favorable features from both molecules: the bicyclic core with nitrogen heterocycles from the first molecule, which may provide good binding interactions, and the amide-linked chlorophenyl group from the second molecule, which could enhance binding affinity through hydrophobic and halogen bonding interactions. Additionally, I will introduce a small alkene side chain (from the second molecule) to increase molecular flexibility and potential interactions. This hybrid molecule maintains key pharmacophores and adds diversity to improve activity.","I have two molecules and their JNK3 scores. The JNK3 score measures a molecular's biological activity against JNK3.


[COc1ccc([C@@H]2CC(=O)C3=C(C2)N[C@@H]2N=NC(O)=C2[C@H]3c2ccc(Cl)c(Cl)c2)cc1OC,0.02]
[C=C(C)CN(C)C(=O)CN1CC2=C(C1=O)[C@@H](c1ccc(Cl)cc1Cl)NC(=O)N2CC,0.02]Please propose a new molecule that has a higher JNK3 score. You can either make crossover and mutations based on the given molecules or just propose a new molecule based on your knowledge.



Your output should follow the format: {<<<Explaination>>>: $EXPLANATION, <<<Molecule>>>: \box{$Molecule}}. Here are the requirements:

        

1. $EXPLANATION should be your analysis.
2. The $Molecule should be the smiles of your propsosed molecule.
3. The molecule should be valid.
        "
4,89,C[C@@H](CO)CSC[C@@H]([NH3+])C1=CC=CCC1,0.01,0.02741666666666667,0.2,0.0,0.0378482899951313,140,False,,Fallback to genetic operations due to LLM error: ,"Fallback genetic operation for parents: ['CCC[C@@H](C(=O)N1CCN(CC(=O)NC2=C(C)C=CC=C2C)CC1)C1=CC=CC=C1', 'C[C@@H](CO)CSC[C@@H]([NH3+])C1=CC=C2OCCCOC2=C1']"
4,90,CCSCCN1CCN(c2nc(OC)ccc2N)CC1C(=O)NCc1ccc(N(C)C)cc1,0.01,0.02741666666666667,0.2,0.0,0.0378482899951313,140,False,,"{<<<Explanation>>>: The first molecule has a JNK3 score of 0.09 and contains a bis-thiol (CCSCC) moiety linked to a substituted aniline with dimethylamino groups and a methoxyphenyl group, suggesting some affinity for JNK3. The second molecule has a score of 0.06 and features a methoxy-substituted pyrimidine ring linked to a chiral azetidine-like structure with a positive charge, indicating a different scaffold with moderate activity.

To improve the JNK3 score, I propose combining the key features of both molecules: the bis-thiol moiety from the first molecule, which might contribute to binding via sulfur interactions, and the methoxy-substituted heterocycle from the second molecule, which may enhance binding affinity and specificity. Additionally, I will introduce a piperazine ring as a linker to improve solubility and flexibility, and maintain the dimethylamino substitution to preserve the basicity and potential hydrogen bonding.

This hybrid molecule is expected to have improved interactions with JNK3 due to the combination of sulfur-containing groups and heterocyclic aromatic systems, potentially increasing the JNK3 score beyond 0.09.

<<<Molecule>>>: \box{CCSCCN1CCN(c2nc(OC)ccc2N)CC1C(=O)NCc3ccc(N(C)C)cc3} }","I have two molecules and their JNK3 scores. The JNK3 score measures a molecular's biological activity against JNK3.


[CCSCC(C)N(C)C(=O)NCc1ccc(Nc2ccccc2OC)cc1N(C)C,0.09]
[COc1nc(N[C@@H]2C[NH+]3CCC2CC3)ccc1N,0.06]Please propose a new molecule that has a higher JNK3 score. You can either make crossover and mutations based on the given molecules or just propose a new molecule based on your knowledge.



Your output should follow the format: {<<<Explaination>>>: $EXPLANATION, <<<Molecule>>>: \box{$Molecule}}. Here are the requirements:

        

1. $EXPLANATION should be your analysis.
2. The $Molecule should be the smiles of your propsosed molecule.
3. The molecule should be valid.
        "
4,91,O=C(CCn1nnc2cc(-c3noc(Cc4ccc(Cl)cc4)n3)ccc21)N1CCCC1,0.0,0.02741666666666667,0.2,0.0,0.0378482899951313,140,False,,,
4,92,CCS(=O)(=O)c1ccc(C(=O)Nc2cc(C)nn2-c2nc3c(Cl)cccc3s2)cc1,0.0,0.02741666666666667,0.2,0.0,0.0378482899951313,140,False,,,
4,93,CC[NH2+][C@@H](C)[C@@H]1CCCC(C)(C)CC1,0.0,0.02741666666666667,0.2,0.0,0.0378482899951313,140,False,,,
4,94,C/C=C/C(=O)NCC(=O)Nc1cccc(C)c1C,0.0,0.02741666666666667,0.2,0.0,0.0378482899951313,140,False,,,
4,95,CC(C)OCCS(=O)(=O)N1CC(N2CC[NH2+]CC2)C1,0.0,0.02741666666666667,0.2,0.0,0.0378482899951313,140,False,,,
4,96,COc1ccc(CNC(=O)Nc2ccc(CC(N)=O)cc2)cc1OC,0.0,0.02741666666666667,0.2,0.0,0.0378482899951313,140,False,,,
4,97,Cc1nc2ccc(NC(=O)N3CCC[C@@H](C)CC3)cc2o1,0.0,0.02741666666666667,0.2,0.0,0.0378482899951313,140,False,,,
4,98,CCN(Cc1ccc(OC)cc1)C(=O)[C@H](C)Cc1ccccc1F,0.0,0.02741666666666667,0.2,0.0,0.0378482899951313,140,False,,,
4,99,COc1ccc(Oc2ccc(Cl)nn2)cc1,0.0,0.02741666666666667,0.2,0.0,0.0378482899951313,140,False,,,
4,100,O=C(NCc1ccccc1)c1cccc(S(=O)(=O)N2CCCCCC2)c1,0.0,0.02741666666666667,0.2,0.0,0.0378482899951313,140,False,,,
4,101,CCc1ccc(C(=O)OCC(=O)C2=c3ccccc3=[NH+]C2)cc1,0.0,0.02741666666666667,0.2,0.0,0.0378482899951313,140,False,,,
4,102,Cc1ccc(C(=O)CCC(=O)NCc2ccncc2)cc1,0.0,0.02741666666666667,0.2,0.0,0.0378482899951313,140,False,,,
4,103,CC(C)CN1CCO[C@@H](CNC(=O)c2ccc3[nH]nnc3c2)C1,0.0,0.02741666666666667,0.2,0.0,0.0378482899951313,140,False,,,
4,104,CCC(=O)Nc1ccc(C)c(NC(=O)C[C@@H]2CCCO2)c1,0.0,0.02741666666666667,0.2,0.0,0.0378482899951313,140,False,,,
4,105,C[C@H](SCCN1C(=O)NC(C)(C)C1=O)C(=O)NC1CCCCC1,0.0,0.02741666666666667,0.2,0.0,0.0378482899951313,140,False,,,
4,106,CC[C@@H](C)[C@H](C)[NH+](Cc1ccccc1NC(C)=O)C1CC1,0.0,0.02741666666666667,0.2,0.0,0.0378482899951313,140,False,,,
4,107,O=C(NCCC(F)(F)F)N1CCOc2ccccc2C1,0.0,0.02741666666666667,0.2,0.0,0.0378482899951313,140,False,,,
4,108,CCC(=O)Oc1ccc2cc(C(=O)NCCc3ccccc3)c(=O)oc2c1,0.0,0.02741666666666667,0.2,0.0,0.0378482899951313,140,False,,,
4,109,CCc1ccccc1NC(=O)CN(C)c1cnn(C)c(=O)c1Cl,0.0,0.02741666666666667,0.2,0.0,0.0378482899951313,140,False,,,
4,110,C[C@@](O)(CNC(=O)N[C@@H](c1ccccc1)C1CCCC1)CN1CCOCC1,0.0,0.02741666666666667,0.2,0.0,0.0378482899951313,140,False,,,
4,111,CCOC(=O)c1ccc(NS(=O)(=O)c2ccc3c(c2)N(C(C)=O)CCO3)cc1,0.0,0.02741666666666667,0.2,0.0,0.0378482899951313,140,False,,,
4,112,COc1ccc(C[C@H](C)CNC(=O)Cc2c(C)noc2C)cc1,0.0,0.02741666666666667,0.2,0.0,0.0378482899951313,140,False,,,
4,113,C#CCN(CC(=O)[O-])C(=O)c1nc(CC)n[n-]1,0.0,0.02741666666666667,0.2,0.0,0.0378482899951313,140,False,,,
4,114,COc1cccc(/C=C2\SC(=S)N=C2[O-])c1OCc1ccc(Cl)cc1Cl,0.0,0.02741666666666667,0.2,0.0,0.0378482899951313,140,False,,,
4,115,O=C(Cc1ccc(Br)cc1)N/N=C/c1ccccc1O,0.0,0.02741666666666667,0.2,0.0,0.0378482899951313,140,False,,,
4,116,Cc1ccc(CCC(=O)Nc2cc(S(C)(=O)=O)ccc2Cl)cc1,0.0,0.02741666666666667,0.2,0.0,0.0378482899951313,140,False,,,
4,117,Cc1cccc(C)c1C[NH2+]CC(C)(C)C(N)=O,0.0,0.02741666666666667,0.2,0.0,0.0378482899951313,140,False,,,
4,118,C[C@H](NC(=O)CSc1nc2ccccc2c(=O)n1C[C@H]1CCCO1)c1ccc(F)cc1,0.0,0.02741666666666667,0.2,0.0,0.0378482899951313,140,False,,,
4,119,CC[C@H](OC(=O)c1cccc(C(F)(F)F)c1)C(=O)Nc1cc(C)on1,0.0,0.02741666666666667,0.2,0.0,0.0378482899951313,140,False,,,
4,120,CCOc1ccc(-n2c(N)c(C(=O)OC(C)(C)C)c3nc4ccccc4nc32)cc1,0.0,0.02741666666666667,0.2,0.0,0.0378482899951313,140,False,,,
5,1,COc1ccccc1C(=O)Nc1ccc2c(N3CCCC3)ncnc2c1,0.2,0.029833333333333333,0.2,0.0,0.03928492784205612,145,False,,"The first molecule has a JNK3 score of 0.19, which is higher than the second molecule's 0.05. The main difference is that the second molecule has an additional dichlorophenyl group attached, which seems to reduce activity. To improve the JNK3 score, I propose to keep the core structure of the first molecule (which has better activity) and introduce a small, less bulky, and potentially beneficial substituent that can enhance binding without steric hindrance. For example, replacing the methyl group on the phenyl ring with a methoxy group (-OCH3) might improve interactions through hydrogen bonding or electronic effects, potentially increasing activity. This is a common strategy in medicinal chemistry to improve potency. Therefore, I propose the molecule: COC1=CC=CC=C1C(=O)Nc2ccc3c(N4CCCC4)ncnc3c2, which is the first molecule but with the methyl group replaced by a methoxy group. This molecule is valid and may have a higher JNK3 score. ,","I have two molecules and their JNK3 scores. The JNK3 score measures a molecular's biological activity against JNK3.


[Cc1ccccc1C(=O)Nc1ccc2c(N3CCCC3)ncnc2c1,0.19]
[Cc1ccccc1C(=O)Nc1ccc2c(N3CCCC3)ncnc2c1-c1cc(Cl)cc(Cl)c1,0.05]Please propose a new molecule that has a higher JNK3 score. You can either make crossover and mutations based on the given molecules or just propose a new molecule based on your knowledge.



Your output should follow the format: {<<<Explaination>>>: $EXPLANATION, <<<Molecule>>>: \box{$Molecule}}. Here are the requirements:

        

1. $EXPLANATION should be your analysis.
2. The $Molecule should be the smiles of your propsosed molecule.
3. The molecule should be valid.
        "
5,2,Cc1ccccc1C(=O)Nc1ccc2c(N3CCCC3)ncnc2c1,0.19,0.029833333333333333,0.2,0.0,0.03928492784205612,145,False,,,
5,3,O=C(Nc1ccc2c(N3CCCC3)ncnc2c1)c1ccccc1O,0.18,0.029833333333333333,0.2,0.0,0.03928492784205612,145,False,,"{<<<Explanation>>>: Both given molecules share a common scaffold: a benzamide linked to a fused bicyclic system containing a piperidine ring. The difference lies in the substituent on the benzene ring attached to the amide: one has a methyl group (–CH3) and the other a methoxy group (–OCH3). The methoxy substituent (electron-donating and capable of hydrogen bonding) slightly improves the JNK3 score (0.2 vs 0.19). To further enhance activity, I propose introducing a stronger electron-donating group that can also engage in hydrogen bonding, such as a hydroxyl group (–OH), which often improves binding affinity by forming additional hydrogen bonds with the target. Additionally, placing the hydroxyl group para to the amide linkage on the benzene ring could optimize interactions. Therefore, I propose replacing the methyl/methoxy substituent with a para-hydroxy group on the benzamide phenyl ring, keeping the rest of the molecule intact. This modification is likely to increase the JNK3 score by improving binding interactions.

<<<Molecule>>>: \box{Oc1ccccc1C(=O)Nc1ccc2c(N3CCCC3)ncnc2c1}}","I have two molecules and their JNK3 scores. The JNK3 score measures a molecular's biological activity against JNK3.


[Cc1ccccc1C(=O)Nc1ccc2c(N3CCCC3)ncnc2c1,0.19]
[COc1ccccc1C(=O)Nc1ccc2c(N3CCCC3)ncnc2c1,0.2]Please propose a new molecule that has a higher JNK3 score. You can either make crossover and mutations based on the given molecules or just propose a new molecule based on your knowledge.



Your output should follow the format: {<<<Explaination>>>: $EXPLANATION, <<<Molecule>>>: \box{$Molecule}}. Here are the requirements:

        

1. $EXPLANATION should be your analysis.
2. The $Molecule should be the smiles of your propsosed molecule.
3. The molecule should be valid.
        "
5,4,COc1ccccc1C(=O)Nc1ccc2c(N3[CH]CCC3)ncnc2c1,0.15,0.029833333333333333,0.2,0.0,0.03928492784205612,145,False,,"The first molecule has a higher JNK3 score (0.2) compared to the second (0.02), indicating that the scaffold and substituents in the first molecule are more favorable for JNK3 activity. The first molecule features a methoxyphenyl group linked via an amide to a bicyclic heterocycle containing a piperidine ring fused to a purine-like system. The second molecule has a charged imidazole and a piperidine linked to a substituted pyrazole, but with lower activity.

To improve activity, I propose combining the favorable amide linkage and methoxyphenyl group from the first molecule with the bicyclic heterocycle and piperidine ring from the second molecule, but modifying the heterocycle to include nitrogen atoms that may enhance binding. Additionally, adding a methoxy group to the phenyl ring may improve interactions.

Thus, I propose a molecule with a methoxyphenyl amide linked to a fused bicyclic system containing a piperidine and a purine-like heterocycle, incorporating the chiral center from the second molecule to potentially improve binding affinity.","I have two molecules and their JNK3 scores. The JNK3 score measures a molecular's biological activity against JNK3.


[COc1ccccc1C(=O)Nc1ccc2c(N3CCCC3)ncnc2c1,0.2]
[Cc1[nH+]ccn1Cc1nnc([C@@H]2CCC[NH+](Cc3cccnc3)C2)n1C,0.02]Please propose a new molecule that has a higher JNK3 score. You can either make crossover and mutations based on the given molecules or just propose a new molecule based on your knowledge.



Your output should follow the format: {<<<Explaination>>>: $EXPLANATION, <<<Molecule>>>: \box{$Molecule}}. Here are the requirements:

        

1. $EXPLANATION should be your analysis.
2. The $Molecule should be the smiles of your propsosed molecule.
3. The molecule should be valid.
        "
5,5,COC1=CC(F)=CC=C1C(=O)NC1=CC=C2C(=C1)N=CN=C2N1CCCC1,0.14,0.029833333333333333,0.2,0.0,0.03928492784205612,145,False,,,
5,6,COc1cc(F)ccc1C(=O)Nc1ccc2c(N3CCOCC3)ncnc2c1,0.14,0.029833333333333333,0.2,0.0,0.03928492784205612,145,False,,"{<<<Explanation>>>: Both given molecules are identical and have a JNK3 score of 0.2, indicating moderate activity. The structure features a methoxyphenyl group linked via an amide to a bicyclic heterocycle containing a piperidine ring fused to a pyrimidine. To improve JNK3 activity, modifications known to enhance kinase inhibition can be considered. For example, introducing a fluorine atom on the phenyl ring can increase binding affinity by improving metabolic stability and interactions with the kinase active site. Additionally, replacing the piperidine ring with a morpholine ring can enhance solubility and potentially improve binding through additional hydrogen bonding. Therefore, I propose a molecule where the methoxy group is replaced by a 3-fluoro-4-methoxy substitution on the phenyl ring, and the piperidine ring is replaced by morpholine. This modification aims to increase JNK3 binding affinity and thus the score.

<<<Molecule>>>: \box{COc1cc(F)ccc1C(=O)Nc1ccc2c(N3CCOCC3)ncnc2c1}}","I have two molecules and their JNK3 scores. The JNK3 score measures a molecular's biological activity against JNK3.


[COc1ccccc1C(=O)Nc1ccc2c(N3CCCC3)ncnc2c1,0.2]
[COc1ccccc1C(=O)Nc1ccc2c(N3CCCC3)ncnc2c1,0.2]Please propose a new molecule that has a higher JNK3 score. You can either make crossover and mutations based on the given molecules or just propose a new molecule based on your knowledge.



Your output should follow the format: {<<<Explaination>>>: $EXPLANATION, <<<Molecule>>>: \box{$Molecule}}. Here are the requirements:

        

1. $EXPLANATION should be your analysis.
2. The $Molecule should be the smiles of your propsosed molecule.
3. The molecule should be valid.
        "
5,7,COc1ccc(C(=O)N2CCCC(C(=O)Nc3ccc(-c4ccncc4)cc3)C2)cc1,0.12,0.029833333333333333,0.2,0.0,0.03928492784205612,145,False,,"Both given molecules have relatively low JNK3 scores (0.06 and 0.05), indicating modest activity. The first molecule features a piperidine ring linked to an amide and a substituted phenyl ring with a pyrazole moiety, while the second molecule contains a methoxy-substituted aromatic system with a nitro group and an amide linkage. To potentially increase JNK3 activity, I propose combining the amide-linked aromatic system from the first molecule with the electron-donating methoxy groups from the second molecule to enhance binding affinity and improve interactions with the JNK3 active site. Additionally, replacing the pyrazole ring with a more planar heterocycle like a pyridine could improve stacking interactions. Therefore, I propose a molecule with a piperidine ring linked via an amide to a methoxy-substituted phenyl ring, which is further connected to a pyridine ring. This hybrid design aims to improve binding affinity and thus increase the JNK3 score.","I have two molecules and their JNK3 scores. The JNK3 score measures a molecular's biological activity against JNK3.


[Cc1nonc1CC(=O)N1CCC[C@H](C(=O)Nc2ccc(-c3ccn[nH]3)cc2)C1,0.06]
[COc1ccc(CNC(=O)c2cc(OC)c(OC)cc2[N+](=O)[O-])cn1,0.05]Please propose a new molecule that has a higher JNK3 score. You can either make crossover and mutations based on the given molecules or just propose a new molecule based on your knowledge.



Your output should follow the format: {<<<Explaination>>>: $EXPLANATION, <<<Molecule>>>: \box{$Molecule}}. Here are the requirements:

        

1. $EXPLANATION should be your analysis.
2. The $Molecule should be the smiles of your propsosed molecule.
3. The molecule should be valid.
        "
5,8,COc1ccc(CN2CCC(CNC(=O)c3c[nH]nc3-c3ccc(Cl)c([N+](=O)[O-])c3)CC2)cc1,0.11,0.029833333333333333,0.2,0.0,0.03928492784205612,145,False,,"{<<<Explanation>>>: Both given molecules have a JNK3 score of 0.05, indicating relatively low activity. They share some common features: an amide linkage connected to heterocyclic systems and aromatic rings with electron-withdrawing groups (Cl, NO2). To potentially increase JNK3 activity, I propose combining favorable features from both molecules: the pyrazole-based heterocycle from the first molecule and the nitro-substituted chlorinated aromatic ring from the second molecule. Additionally, introducing a methoxy group on the aromatic ring (as in the first molecule) may enhance binding through electronic effects. I also suggest replacing the piperidinium ring (positively charged nitrogen in the first molecule) with a neutral piperidine to reduce potential off-target interactions and improve membrane permeability. This crossover and mutation aim to improve binding affinity and biological activity against JNK3. 

<<<Molecule>>>: \box{COc1ccc(CN2CCC(CNC(=O)c3c[nH]nc3-c3ccc(Cl)c([N+](=O)[O-])c3)CC2)cc1}}}","I have two molecules and their JNK3 scores. The JNK3 score measures a molecular's biological activity against JNK3.


[COc1ccc(C[NH+]2CCC(CNC(=O)c3c[nH]nc3-c3ccc(Cl)cc3)CC2)cc1,0.05]
[Cc1nn(C)cc1CNC(=O)c1ccc(Cn2cc(Cl)c([N+](=O)[O-])n2)cc1,0.05]Please propose a new molecule that has a higher JNK3 score. You can either make crossover and mutations based on the given molecules or just propose a new molecule based on your knowledge.



Your output should follow the format: {<<<Explaination>>>: $EXPLANATION, <<<Molecule>>>: \box{$Molecule}}. Here are the requirements:

        

1. $EXPLANATION should be your analysis.
2. The $Molecule should be the smiles of your propsosed molecule.
3. The molecule should be valid.
        "
5,9,CCSCC(C)N(C)C(=O)NCc1ccc(Nc2ccccc2OC)cc1N(C)C,0.09,0.029833333333333333,0.2,0.0,0.03928492784205612,145,False,,"Both given molecules have very low JNK3 scores (0.02 and 0.01), indicating weak activity. The first molecule features a peptide-like backbone with an amide linkage and aromatic substitution, while the second has a bicyclic system with a positively charged amine and a bulky tert-butyl ether group. To improve JNK3 activity, it is often beneficial to combine features that enhance binding affinity, such as maintaining the amide linkage for hydrogen bonding and incorporating aromatic or heteroaromatic rings for π-π stacking interactions. Additionally, reducing steric hindrance and optimizing the basic amine groups can improve binding. I propose a molecule that merges the amide backbone and aromatic substitution from the first molecule with a less bulky, more planar bicyclic aromatic system inspired by the second molecule, replacing the bulky tert-butyl group with a simpler methoxy group to reduce steric hindrance and maintain polarity. This hybrid molecule should have improved binding potential and thus a higher JNK3 score.","I have two molecules and their JNK3 scores. The JNK3 score measures a molecular's biological activity against JNK3.


[CCSC[C@@H](C)N(C)C(=O)NCc1ccc(C)cc1N(C)C,0.02]
[CC(C)C[C@H]1C[NH2+]CC[C@@H]1c1cccc2c1OC(C)(C)C2,0.01]Please propose a new molecule that has a higher JNK3 score. You can either make crossover and mutations based on the given molecules or just propose a new molecule based on your knowledge.



Your output should follow the format: {<<<Explaination>>>: $EXPLANATION, <<<Molecule>>>: \box{$Molecule}}. Here are the requirements:

        

1. $EXPLANATION should be your analysis.
2. The $Molecule should be the smiles of your propsosed molecule.
3. The molecule should be valid.
        "
5,10,CC(=O)Nc1ccc(NCc2ccccc2F)c(C(F)(F)F)c1,0.08,0.029833333333333333,0.2,0.0,0.03928492784205612,145,False,,,
5,11,O=C(N1CCOCC1)C12C[C@H]3C[C@@H](C1)CC(c1ccc([N+](=O)[O-])cc1)(C3)C2,0.07,0.029833333333333333,0.2,0.0,0.03928492784205612,145,False,,,
5,12,O=C(NCC1CCC[NH+](Cc2cc(O)ccc2[N+](=O)[O-])C1)Nc1ccc(Cn2cc(Cl)c([N+](=O)[O-])n2)cc1,0.07,0.029833333333333333,0.2,0.0,0.03928492784205612,145,False,,"{<<<Explanation>>>: Both given molecules have low JNK3 scores (0.05), indicating weak activity. To improve activity, we can combine favorable features from both molecules. The first molecule has a chiral piperidine ring linked to a phenol substituted with a nitro group, while the second molecule contains a pyrazole ring with a nitro and chloro substitution and an amide linkage to a methylated pyrazole. Nitro groups and halogens often enhance binding affinity through electronic effects and interactions with the kinase active site. To propose a molecule with potentially higher JNK3 activity, I suggest a hybrid structure that retains the piperidine ring from the first molecule (important for conformational rigidity and binding) and incorporates the pyrazole ring with chloro and nitro substituents from the second molecule, connected via an amide linker to a phenyl ring. This design aims to combine the key pharmacophores and improve binding interactions with JNK3. The proposed molecule is: O=C(NC[C@H]1CCC[NH+](Cc2cc(O)ccc2[N+](=O)[O-])C1)Nc3ccc(Cn4cc(Cl)c([N+](=O)[O-])n4)cc3. This molecule is valid and merges the structural motifs that may enhance JNK3 inhibition. , <<<Molecule>>>: \box{O=C(NC[C@H]1CCC[NH+](Cc2cc(O)ccc2[N+](=O)[O-])C1)Nc3ccc(Cn4cc(Cl)c([N+](=O)[O-])n4)cc3}}","I have two molecules and their JNK3 scores. The JNK3 score measures a molecular's biological activity against JNK3.


[O=C(NC[C@H]1CCC[NH+](Cc2cc(O)ccc2[N+](=O)[O-])C1)c1ccccc1,0.05]
[Cc1nn(C)cc1CNC(=O)c1ccc(Cn2cc(Cl)c([N+](=O)[O-])n2)cc1,0.05]Please propose a new molecule that has a higher JNK3 score. You can either make crossover and mutations based on the given molecules or just propose a new molecule based on your knowledge.



Your output should follow the format: {<<<Explaination>>>: $EXPLANATION, <<<Molecule>>>: \box{$Molecule}}. Here are the requirements:

        

1. $EXPLANATION should be your analysis.
2. The $Molecule should be the smiles of your propsosed molecule.
3. The molecule should be valid.
        "
5,13,Cc1nonc1CC(=O)N1CCC[C@H](C(=O)Nc2ccc(-c3ccn[nH]3)cc2)C1,0.06,0.029833333333333333,0.2,0.0,0.03928492784205612,145,False,,,
5,14,Fc1ccc2oc(C[NH2+]C[C@@H]3CN4CCCC[C@@H]4CO3)cc2c1,0.06,0.029833333333333333,0.2,0.0,0.03928492784205612,145,False,,,
5,15,Cc1ccc([C@H](C)NC(=O)N[C@H]2CC(=O)N(C3CC3)C2)cc1[N+](=O)[O-],0.06,0.029833333333333333,0.2,0.0,0.03928492784205612,145,False,,,
5,16,COc1nc(N[C@@H]2C[NH+]3CCC2CC3)ccc1N,0.06,0.029833333333333333,0.2,0.0,0.03928492784205612,145,False,,,
5,17,COC1=CC(F)=C(NC(=O)C=C2CN(C(=O)NC3=NC=C(CC4=CC=CC(Cl)=C4)S3)C2)C=C1F,0.06,0.029833333333333333,0.2,0.0,0.03928492784205612,145,False,,Fallback to genetic operations due to LLM error: ,"Fallback genetic operation for parents: ['COC1=CC(F)=C(NC(=O)C=C2CN(C(=O)NC3=NC=NC4=C3CCC4)C2)C=C1F', 'C[NH+]1CCC(NC(=O)NC2=NC=C(CC3=CC=CC(Cl)=C3)S2)CC1']"
5,18,COc1ccc(CNC(=O)c2cc(OC)c(OC)cc2[N+](=O)[O-])cn1,0.05,0.029833333333333333,0.2,0.0,0.03928492784205612,145,False,,,
5,19,CS[C@@H](C)C1=CC=CC(NC(=O)C2=CN(C)N=C2C2=CC=CC=C2)=C1,0.05,0.029833333333333333,0.2,0.0,0.03928492784205612,145,False,,,
5,20,Cc1nn(C)cc1CNC(=O)c1ccc(Cn2cc(Cl)c([N+](=O)[O-])n2)cc1,0.05,0.029833333333333333,0.2,0.0,0.03928492784205612,145,False,,,
5,21,COc1ccc(C[NH+]2CCC(CNC(=O)c3c[nH]nc3-c3ccc(Cl)cc3)CC2)cc1,0.05,0.029833333333333333,0.2,0.0,0.03928492784205612,145,False,,,
5,22,O=C(NC[C@H]1CCC[NH+](Cc2cc(O)ccc2[N+](=O)[O-])C1)c1ccccc1,0.05,0.029833333333333333,0.2,0.0,0.03928492784205612,145,False,,,
5,23,Cc1ccccc1C(=O)Nc1ccc2c(N3CCCC3)ncnc2c1-c1cc(Cl)cc(Cl)c1,0.05,0.029833333333333333,0.2,0.0,0.03928492784205612,145,False,,"The first molecule has a very low JNK3 score (0.02), while the second molecule has a higher score (0.19). The second molecule contains a fused bicyclic system with a purine-like scaffold and a piperidine ring, which might contribute to better binding affinity. The first molecule has a different scaffold with a bicyclic lactam and dichlorophenyl group but lower activity. To design a molecule with potentially higher JNK3 activity, I propose combining the purine-like bicyclic core and the piperidine ring from the second molecule with the dichlorophenyl substituent from the first molecule, as halogenated aromatic rings often enhance binding through hydrophobic and halogen bonding interactions. Additionally, I will keep the amide linkage to maintain hydrogen bonding potential. This hybrid molecule might improve binding affinity and thus increase the JNK3 score.","I have two molecules and their JNK3 scores. The JNK3 score measures a molecular's biological activity against JNK3.


[C=C(C)CN(C)C(=O)CN1CC2=C(C1=O)[C@@H](c1ccc(Cl)cc1Cl)NC(=O)N2CC,0.02]
[Cc1ccccc1C(=O)Nc1ccc2c(N3CCCC3)ncnc2c1,0.19]Please propose a new molecule that has a higher JNK3 score. You can either make crossover and mutations based on the given molecules or just propose a new molecule based on your knowledge.



Your output should follow the format: {<<<Explaination>>>: $EXPLANATION, <<<Molecule>>>: \box{$Molecule}}. Here are the requirements:

        

1. $EXPLANATION should be your analysis.
2. The $Molecule should be the smiles of your propsosed molecule.
3. The molecule should be valid.
        "
5,24,CSC(C)c1ccc(NC(=O)c2cn(C)nc2-c2ccccc2)cc1F,0.05,0.029833333333333333,0.2,0.0,0.03928492784205612,145,False,,"{<<<Explanation>>>: The first molecule has a higher JNK3 score (0.05) compared to the second (0.01), indicating that the scaffold with the substituted aniline linked to a methylated purine-like heterocycle is more active. The second molecule contains a thiosemicarbazide moiety attached to a hydroxy-biphenyl system with a fluorophenyl amide, which shows lower activity. To improve activity, I propose combining the key features of the first molecule (the aniline-purine amide scaffold) with a fluorine substituent on the phenyl ring to potentially enhance binding affinity and metabolic stability. Introducing a fluorine on the phenyl ring of the first molecule may increase lipophilicity and binding interactions, potentially increasing the JNK3 score. This is a mutation of the first molecule by adding a fluorine substituent on the phenyl ring para to the amide linkage.

<<<Molecule>>>: \box{CS[C@@H](C)C1=CC=C(C=C1F)NC(=O)C2=CN(C)N=C2C3=CC=CC=C3}}","I have two molecules and their JNK3 scores. The JNK3 score measures a molecular's biological activity against JNK3.


[CS[C@@H](C)C1=CC=CC(NC(=O)C2=CN(C)N=C2C2=CC=CC=C2)=C1,0.05]
[O=C(NC(=S)Nc1c(O)ccc2ccccc12)c1cccc(F)c1,0.01]Please propose a new molecule that has a higher JNK3 score. You can either make crossover and mutations based on the given molecules or just propose a new molecule based on your knowledge.



Your output should follow the format: {<<<Explaination>>>: $EXPLANATION, <<<Molecule>>>: \box{$Molecule}}. Here are the requirements:

        

1. $EXPLANATION should be your analysis.
2. The $Molecule should be the smiles of your propsosed molecule.
3. The molecule should be valid.
        "
5,25,CC1=CC=C(NC(=O)CN2C(=O)S/C(=C/C3=C(F)C=CC=C3Cl)C2=O)C=C1,0.04,0.029833333333333333,0.2,0.0,0.03928492784205612,145,False,,,
5,26,C[C@H](NC(=O)NCC1=CC=CC2=CC=CN=C21)C1=CN(C)N=C1,0.04,0.029833333333333333,0.2,0.0,0.03928492784205612,145,False,,,
5,27,CC(=O)c1ccc(N[C@H]2CC(=O)N(CC(F)(F)F)C2)c([N+](=O)[O-])c1,0.04,0.029833333333333333,0.2,0.0,0.03928492784205612,145,False,,,
5,28,Cc1cnc(C[NH+](C)CCCc2cc(-c3ccc(F)cc3)[nH]n2)o1,0.04,0.029833333333333333,0.2,0.0,0.03928492784205612,145,False,,,
5,29,CC(=O)N[C@H](C)c1ccc(-c2csc(NC(=O)[C@@H](C)Oc3cc(C)ccc3Cl)n2)cc1,0.04,0.029833333333333333,0.2,0.0,0.03928492784205612,145,False,,,
5,30,CC(C)N1C=CC(CCNCC2=CN=C(C3=CSC=C3)S2)=N1,0.04,0.029833333333333333,0.2,0.0,0.03928492784205612,145,False,,,
5,31,CS[C@@H](C)C1=CC(NC(=O)C2=CN(C)N=C2NC(=O)NCC2=CC=CC3=CC=CN=C32)=CC=C1,0.04,0.029833333333333333,0.2,0.0,0.03928492784205612,145,False,,Fallback to genetic operations due to LLM error: ,"Fallback genetic operation for parents: ['CS[C@@H](C)C1=CC=CC(NC(=O)C2=CN(C)N=C2C2=CC=CC=C2)=C1', 'C[C@H](NC(=O)NCC1=CC=CC2=CC=CN=C21)C1=CN(C)N=C1']"
5,32,Cc1ccc(C(C)NC(=O)N2[CH]OCC2)c([N+](=O)[O-])c1,0.04,0.029833333333333333,0.2,0.0,0.03928492784205612,145,False,,"Both given molecules have relatively low JNK3 scores (0.06 and 0.02), indicating modest activity. The first molecule features a nitro-substituted phenyl ring linked to a chiral amide-containing bicyclic lactam, while the second has a methoxy-substituted bicyclic ether with an amide linked to a substituted phenyl ring. To potentially increase JNK3 activity, I propose combining favorable features: the nitro group from the first molecule (which can enhance binding through electronic effects) and the bicyclic ether scaffold from the second molecule (which may provide conformational rigidity and better fit in the binding site). Additionally, replacing the acetyl group on the phenyl ring with a less electron-withdrawing methyl group might improve binding affinity by modulating electronic properties. This hybrid molecule maintains key hydrogen bonding capabilities and introduces structural elements that could enhance interaction with JNK3, potentially leading to a higher score.","I have two molecules and their JNK3 scores. The JNK3 score measures a molecular's biological activity against JNK3.


[Cc1ccc([C@H](C)NC(=O)N[C@H]2CC(=O)N(C3CC3)C2)cc1[N+](=O)[O-],0.06]
[COc1ccc2c(c1)C[C@@H](C(=O)Nc1ccc(C(C)=O)c(C)c1)CO2,0.02]Please propose a new molecule that has a higher JNK3 score. You can either make crossover and mutations based on the given molecules or just propose a new molecule based on your knowledge.



Your output should follow the format: {<<<Explaination>>>: $EXPLANATION, <<<Molecule>>>: \box{$Molecule}}. Here are the requirements:

        

1. $EXPLANATION should be your analysis.
2. The $Molecule should be the smiles of your propsosed molecule.
3. The molecule should be valid.
        "
5,33,[NH3+]C[C@H](CO)CC1=CC(Br)=CC(NC(=O)CS[C@H]2CCCC3=C2C=CC=C3)=C1,0.04,0.029833333333333333,0.2,0.0,0.03928492784205612,145,False,,Fallback to genetic operations due to LLM error: ,"Fallback genetic operation for parents: ['CC1=NN(C)C(C)=C1NC(=O)CS[C@H]1CCCC2=CC=CC=C21', '[NH3+]C[C@H](CO)CC1=CC(F)=CC(Br)=C1']"
5,34,C[C@H]([NH2+][C@H]1CCOC1)c1ccnc(Cl)c1,0.03,0.029833333333333333,0.2,0.0,0.03928492784205612,145,False,,,
5,35,COc1cc(-c2noc(C3C[C@@H](C)O[C@@H](C)C3)n2)ccn1,0.03,0.029833333333333333,0.2,0.0,0.03928492784205612,145,False,,,
5,36,COc1cc(C)c(CN2CCN(C(=O)c3ccc(N4CCCCC4)c([N+](=O)[O-])c3)CC2)cc1OC,0.03,0.029833333333333333,0.2,0.0,0.03928492784205612,145,False,,,
5,37,Cc1ccc2nc(N3CCC(C(=O)NCC(C)(C)CO)CC3)nc(C)c2c1,0.03,0.029833333333333333,0.2,0.0,0.03928492784205612,145,False,,,
5,38,C[C@@H]1COCCN1Cc1ccc(C(=O)NN)cn1,0.03,0.029833333333333333,0.2,0.0,0.03928492784205612,145,False,,,
5,39,[NH3+]C[C@H](CO)CC1=CC(F)=CC(Br)=C1,0.03,0.029833333333333333,0.2,0.0,0.03928492784205612,145,False,,,
5,40,C[C@@H](CO)CSC[C@@H]([NH3+])C1=CC=C2OCCCOC2=C1,0.03,0.029833333333333333,0.2,0.0,0.03928492784205612,145,False,,,
5,41,Cc1ccc(-c2ncco2)cc1NC(=O)c1nc(Cl)ccc1Cl,0.03,0.029833333333333333,0.2,0.0,0.03928492784205612,145,False,,,
5,42,O=C(Nc1ccc2c(c1)CCO2)N1CCC[C@H]1c1nc2ccccc2[nH]1,0.03,0.029833333333333333,0.2,0.0,0.03928492784205612,145,False,,,
5,43,N#CCc1ccc2[nH]ccc2n1,0.03,0.029833333333333333,0.2,0.0,0.03928492784205612,145,False,,,
5,44,COC1=CC(F)=C(NC(=O)C=C2CN(C(=O)NC3=NC=NC4=C3CCC4)C2)C=C1F,0.03,0.029833333333333333,0.2,0.0,0.03928492784205612,145,False,,,
5,45,CC(=O)Nc1ccc(NC(=O)c2nc(Cl)ccc2Cl)cc1-c1ccncc1,0.03,0.029833333333333333,0.2,0.0,0.03928492784205612,145,False,,"Both given molecules have low JNK3 scores (0.01 and 0.03), indicating weak activity. The first molecule features an acetamide linked to a phenyl ring and a substituted pyrazole, while the second has a methylphenyl linked to a chlorinated pyrimidine via an amide and a furan ring. To improve activity, I propose combining the key features: the acetamide-phenyl amide motif from the first molecule and the heteroaromatic system from the second, but replacing the less active furan and pyrazole rings with a more common kinase hinge-binding motif such as a pyridine or pyrimidine ring with appropriate substitutions to enhance binding. Additionally, introducing a small hydrophobic group (like a methyl) on the phenyl ring may improve affinity. Therefore, I propose a molecule with an acetamide-phenyl linked via amide to a chlorinated pyrimidine ring, similar to the second molecule but incorporating the acetamide group from the first, and replacing the furan with a pyridine ring to improve kinase binding. This hybrid design aims to increase JNK3 activity by combining favorable features from both molecules and known kinase inhibitor motifs.","I have two molecules and their JNK3 scores. The JNK3 score measures a molecular's biological activity against JNK3.


[CC(=O)Nc1ccc(NC(=O)CCc2cnn(-c3ccccc3)c2)cc1,0.01]
[Cc1ccc(-c2ncco2)cc1NC(=O)c1nc(Cl)ccc1Cl,0.03]Please propose a new molecule that has a higher JNK3 score. You can either make crossover and mutations based on the given molecules or just propose a new molecule based on your knowledge.



Your output should follow the format: {<<<Explaination>>>: $EXPLANATION, <<<Molecule>>>: \box{$Molecule}}. Here are the requirements:

        

1. $EXPLANATION should be your analysis.
2. The $Molecule should be the smiles of your propsosed molecule.
3. The molecule should be valid.
        "
5,46,CCCCO[C@@H]1C[C@H](NC(=O)c2occc2Br)C1(C)C,0.02,0.029833333333333333,0.2,0.0,0.03928492784205612,145,False,,,
5,47,NC(=O)c1cccc(CNC(=O)CSc2nc3ccccc3o2)c1,0.02,0.029833333333333333,0.2,0.0,0.03928492784205612,145,False,,,
5,48,CCC[C@@H](C(=O)N1CCN(CC(=O)NC2=C(C)C=CC=C2C)CC1)C1=CC=CC=C1,0.02,0.029833333333333333,0.2,0.0,0.03928492784205612,145,False,,,
5,49,COc1ccc([C@H](NC(=O)c2ccc3nccnc3c2)C2CCOCC2)cc1,0.02,0.029833333333333333,0.2,0.0,0.03928492784205612,145,False,,,
5,50,COc1cc(-c2ccccc2)sc1C(=O)NC[C@@H](O)C(C)(C)C,0.02,0.029833333333333333,0.2,0.0,0.03928492784205612,145,False,,,
5,51,Cc1nn(C)cc1CN1C[C@H](CO)OC[C@@H]1C,0.02,0.029833333333333333,0.2,0.0,0.03928492784205612,145,False,,,
5,52,Cc1cc(NC(=O)Nc2cccc(Cl)c2)ncc1Br,0.02,0.029833333333333333,0.2,0.0,0.03928492784205612,145,False,,,
5,53,CCSC[C@@H](C)N(C)C(=O)NCc1ccc(C)cc1N(C)C,0.02,0.029833333333333333,0.2,0.0,0.03928492784205612,145,False,,,
5,54,C=C(C)CN(C)C(=O)CN1CC2=C(C1=O)[C@@H](c1ccc(Cl)cc1Cl)NC(=O)N2CC,0.02,0.029833333333333333,0.2,0.0,0.03928492784205612,145,False,,,
5,55,COc1ccc2c(c1)C[C@@H](C(=O)Nc1ccc(C(C)=O)c(C)c1)CO2,0.02,0.029833333333333333,0.2,0.0,0.03928492784205612,145,False,,,
5,56,Cc1[nH+]ccn1Cc1nnc([C@@H]2CCC[NH+](Cc3cccnc3)C2)n1C,0.02,0.029833333333333333,0.2,0.0,0.03928492784205612,145,False,,,
5,57,COc1ccc([C@@H]2CC(=O)C3=C(C2)N[C@@H]2N=NC(O)=C2[C@H]3c2ccc(Cl)c(Cl)c2)cc1OC,0.02,0.029833333333333333,0.2,0.0,0.03928492784205612,145,False,,,
5,58,C[C@H]1Cc2cc([C@@H](Cl)C3(C)CCCC3)ccc2O1,0.02,0.029833333333333333,0.2,0.0,0.03928492784205612,145,False,,,
5,59,C[NH+]1CCC(NC(=O)NC2=NC=C(CC3=CC=CC(Cl)=C3)S2)CC1,0.02,0.029833333333333333,0.2,0.0,0.03928492784205612,145,False,,,
5,60,O=C(NCC1CCN(C(=O)c2ccccn2)CC1)C(=O)NC1CCCC1,0.02,0.029833333333333333,0.2,0.0,0.03928492784205612,145,False,,,
5,61,C[C@H](Cc1ccsc1)[NH+](C)Cc1cnc(N2CC[NH+](C)CC2)nc1,0.02,0.029833333333333333,0.2,0.0,0.03928492784205612,145,False,,,
5,62,COc1ccc(NC(=O)C[NH+]2CCCN(Cc3cccc(Cl)c3)S2(=O)=O)cc1,0.02,0.029833333333333333,0.2,0.0,0.03928492784205612,145,False,,,
5,63,CSC(C)c1cccc(NC(=O)NC(C)COC2CCOCC2)c1,0.02,0.029833333333333333,0.2,0.0,0.03928492784205612,145,False,,"The first molecule has a JNK3 score of 0.05, which is higher than the second molecule's 0.01. The first molecule features a substituted aniline linked to a methylated purine-like heterocycle, while the second molecule has a bulky tert-butyl group and a morpholine ring. To improve the JNK3 score, I propose combining the key amide linkage and aromatic system from the first molecule with the morpholine ring from the second molecule, which may enhance solubility and binding interactions. Additionally, introducing a small alkyl substitution on the aromatic ring could improve hydrophobic interactions. This hybrid molecule maintains the core amide and aromatic system from the first molecule but replaces the purine moiety with a morpholine-containing amide, potentially increasing activity against JNK3.","I have two molecules and their JNK3 scores. The JNK3 score measures a molecular's biological activity against JNK3.


[CS[C@@H](C)C1=CC=CC(NC(=O)C2=CN(C)N=C2C2=CC=CC=C2)=C1,0.05]
[CCC(C)(C)NC(=O)c1ccc(NC(=O)N[C@@H](C)[C@H]2CCCO2)cc1,0.01]Please propose a new molecule that has a higher JNK3 score. You can either make crossover and mutations based on the given molecules or just propose a new molecule based on your knowledge.



Your output should follow the format: {<<<Explaination>>>: $EXPLANATION, <<<Molecule>>>: \box{$Molecule}}. Here are the requirements:

        

1. $EXPLANATION should be your analysis.
2. The $Molecule should be the smiles of your propsosed molecule.
3. The molecule should be valid.
        "
5,64,O=C1N[C@@H](c2ccccc2F)c2c1oc1ccccc1c2=O,0.01,0.029833333333333333,0.2,0.0,0.03928492784205612,145,False,,,
5,65,CS(=O)(=O)N[C@H]1CCN(c2ccc(Cl)c(F)c2)C1=O,0.01,0.029833333333333333,0.2,0.0,0.03928492784205612,145,False,,,
5,66,CCC(C)(C)NC(=O)c1ccc(NC(=O)N[C@@H](C)[C@H]2CCCO2)cc1,0.01,0.029833333333333333,0.2,0.0,0.03928492784205612,145,False,,,
5,67,CSCC[C@H](NC(=O)N[C@@H]1CCCCC1(C)C)C(=O)[O-],0.01,0.029833333333333333,0.2,0.0,0.03928492784205612,145,False,,,
5,68,CC(C)C(=O)Nc1nc2ccc(CCC(=O)NCc3ccccc3Cl)cc2s1,0.01,0.029833333333333333,0.2,0.0,0.03928492784205612,145,False,,,
5,69,Cc1nn(-c2ccccc2)c(C)c1NC(=O)CN1CCc2cc(F)ccc2C1,0.01,0.029833333333333333,0.2,0.0,0.03928492784205612,145,False,,,
5,70,COc1ccc(C[C@H](C)C[NH+](C)Cc2cn3cccnc3n2)cc1,0.01,0.029833333333333333,0.2,0.0,0.03928492784205612,145,False,,,
5,71,CCc1nsc(NCC(=O)NC(C)(C)C)n1,0.01,0.029833333333333333,0.2,0.0,0.03928492784205612,145,False,,,
5,72,CCCN(C)c1nccn2c(=O)n(CC(=O)Nc3cccc(SC)c3)nc12,0.01,0.029833333333333333,0.2,0.0,0.03928492784205612,145,False,,,
5,73,O=C(Nc1ccc(-c2nnc3n2CCCCC3)cc1)c1ccccc1C(F)(F)F,0.01,0.029833333333333333,0.2,0.0,0.03928492784205612,145,False,,,
5,74,CC(C)c1cccc(C(C)C)c1NC(=O)CCN1C(=O)[C@H]2CC[C@@](C)(C1=O)C2(C)C,0.01,0.029833333333333333,0.2,0.0,0.03928492784205612,145,False,,,
5,75,Cc1cccc(CN(C(=O)c2cccc(N3CCNC3=O)c2)C(C)C)c1,0.01,0.029833333333333333,0.2,0.0,0.03928492784205612,145,False,,,
5,76,COc1ccc(C(=O)N2C[C@@H](C)[NH2+]C[C@H]2C)cc1O,0.01,0.029833333333333333,0.2,0.0,0.03928492784205612,145,False,,,
5,77,O=C(NC(=S)Nc1c(O)ccc2ccccc12)c1cccc(F)c1,0.01,0.029833333333333333,0.2,0.0,0.03928492784205612,145,False,,,
5,78,CC(=O)Nc1ccc(NC(=O)CCc2cnn(-c3ccccc3)c2)cc1,0.01,0.029833333333333333,0.2,0.0,0.03928492784205612,145,False,,,
5,79,COc1cc(F)c(NC(=O)C=C2CN(C(=O)OC(C)(C)C)C2)cc1F,0.01,0.029833333333333333,0.2,0.0,0.03928492784205612,145,False,,,
5,80,C[C@@H](Nc1ccc([N-]S(C)(=O)=O)cc1)C(=O)Nc1ccc2c(c1)OCO2,0.01,0.029833333333333333,0.2,0.0,0.03928492784205612,145,False,,,
5,81,CCC[C@@H]1C[C@@H](Nc2cc(OC)ccc2F)CCO1,0.01,0.029833333333333333,0.2,0.0,0.03928492784205612,145,False,,,
5,82,Cc1ccc(S(=O)(=O)CCC(=O)Oc2ccc(Cl)cc2Cl)cc1,0.01,0.029833333333333333,0.2,0.0,0.03928492784205612,145,False,,,
5,83,CCN(CC(=O)Nc1cccc(OC)c1)C(=O)c1ccc(F)cc1Br,0.01,0.029833333333333333,0.2,0.0,0.03928492784205612,145,False,,,
5,84,COC(=O)[C@@H]1CCCN(C(=O)NC2CCC([NH+]3CCCCC3)CC2)C1,0.01,0.029833333333333333,0.2,0.0,0.03928492784205612,145,False,,,
5,85,O=C(C[NH+]1CCN(c2ccc(C(F)(F)F)cn2)CC1)N1CCC[C@H]1c1ccc2c(c1)OCCO2,0.01,0.029833333333333333,0.2,0.0,0.03928492784205612,145,False,,,
5,86,CC(C)C[C@H]1C[NH2+]CC[C@@H]1c1cccc2c1OC(C)(C)C2,0.01,0.029833333333333333,0.2,0.0,0.03928492784205612,145,False,,,
5,87,Cc1cccc(C[NH+]2CCC[C@@]3(CC[NH+](Cc4cnn(C(C)C)c4)C3)C2)c1,0.01,0.029833333333333333,0.2,0.0,0.03928492784205612,145,False,,,
5,88,CC1=NN(C)C(C)=C1NC(=O)CS[C@H]1CCCC2=CC=CC=C21,0.01,0.029833333333333333,0.2,0.0,0.03928492784205612,145,False,,,
5,89,CC1(C)CN(CCOc2ccc(S(C)(=O)=O)cc2)CC[S@@]1=O,0.01,0.029833333333333333,0.2,0.0,0.03928492784205612,145,False,,,
5,90,O=C(NCc1ccc(N2CCC(O)CC2)c(F)c1)c1ccn(-c2ccc(F)cc2)n1,0.01,0.029833333333333333,0.2,0.0,0.03928492784205612,145,False,,,
5,91,Cc1cc(/C=C(\C#N)C(=O)Nc2ccccc2)c(C)n1-c1ccc(I)cc1,0.01,0.029833333333333333,0.2,0.0,0.03928492784205612,145,False,,,
5,92,COc1ccc(C2CC(=O)N3NC(=O)N(C=C(C)CN)C3C2c2ccc(Cl)cc2Cl)cc1OC,0.01,0.029833333333333333,0.2,0.0,0.03928492784205612,145,False,,"Both given molecules have the same JNK3 score of 0.02, indicating low activity. To improve the JNK3 score, I will combine favorable features from both molecules: the bicyclic core with nitrogen heterocycles from the first molecule, which may provide good binding interactions, and the amide-linked chlorophenyl group from the second molecule, which could enhance binding affinity through hydrophobic and halogen bonding interactions. Additionally, I will introduce a small alkene side chain (from the second molecule) to increase molecular flexibility and potential interactions. This hybrid molecule maintains key pharmacophores and adds diversity to improve activity.","I have two molecules and their JNK3 scores. The JNK3 score measures a molecular's biological activity against JNK3.


[COc1ccc([C@@H]2CC(=O)C3=C(C2)N[C@@H]2N=NC(O)=C2[C@H]3c2ccc(Cl)c(Cl)c2)cc1OC,0.02]
[C=C(C)CN(C)C(=O)CN1CC2=C(C1=O)[C@@H](c1ccc(Cl)cc1Cl)NC(=O)N2CC,0.02]Please propose a new molecule that has a higher JNK3 score. You can either make crossover and mutations based on the given molecules or just propose a new molecule based on your knowledge.



Your output should follow the format: {<<<Explaination>>>: $EXPLANATION, <<<Molecule>>>: \box{$Molecule}}. Here are the requirements:

        

1. $EXPLANATION should be your analysis.
2. The $Molecule should be the smiles of your propsosed molecule.
3. The molecule should be valid.
        "
5,93,C[C@@H](CO)CSC[C@@H]([NH3+])C1=CC=CCC1,0.01,0.029833333333333333,0.2,0.0,0.03928492784205612,145,False,,Fallback to genetic operations due to LLM error: ,"Fallback genetic operation for parents: ['CCC[C@@H](C(=O)N1CCN(CC(=O)NC2=C(C)C=CC=C2C)CC1)C1=CC=CC=C1', 'C[C@@H](CO)CSC[C@@H]([NH3+])C1=CC=C2OCCCOC2=C1']"
5,94,CCSCCN1CCN(c2nc(OC)ccc2N)CC1C(=O)NCc1ccc(N(C)C)cc1,0.01,0.029833333333333333,0.2,0.0,0.03928492784205612,145,False,,"{<<<Explanation>>>: The first molecule has a JNK3 score of 0.09 and contains a bis-thiol (CCSCC) moiety linked to a substituted aniline with dimethylamino groups and a methoxyphenyl group, suggesting some affinity for JNK3. The second molecule has a score of 0.06 and features a methoxy-substituted pyrimidine ring linked to a chiral azetidine-like structure with a positive charge, indicating a different scaffold with moderate activity.

To improve the JNK3 score, I propose combining the key features of both molecules: the bis-thiol moiety from the first molecule, which might contribute to binding via sulfur interactions, and the methoxy-substituted heterocycle from the second molecule, which may enhance binding affinity and specificity. Additionally, I will introduce a piperazine ring as a linker to improve solubility and flexibility, and maintain the dimethylamino substitution to preserve the basicity and potential hydrogen bonding.

This hybrid molecule is expected to have improved interactions with JNK3 due to the combination of sulfur-containing groups and heterocyclic aromatic systems, potentially increasing the JNK3 score beyond 0.09.

<<<Molecule>>>: \box{CCSCCN1CCN(c2nc(OC)ccc2N)CC1C(=O)NCc3ccc(N(C)C)cc3} }","I have two molecules and their JNK3 scores. The JNK3 score measures a molecular's biological activity against JNK3.


[CCSCC(C)N(C)C(=O)NCc1ccc(Nc2ccccc2OC)cc1N(C)C,0.09]
[COc1nc(N[C@@H]2C[NH+]3CCC2CC3)ccc1N,0.06]Please propose a new molecule that has a higher JNK3 score. You can either make crossover and mutations based on the given molecules or just propose a new molecule based on your knowledge.



Your output should follow the format: {<<<Explaination>>>: $EXPLANATION, <<<Molecule>>>: \box{$Molecule}}. Here are the requirements:

        

1. $EXPLANATION should be your analysis.
2. The $Molecule should be the smiles of your propsosed molecule.
3. The molecule should be valid.
        "
5,95,O=C(CCn1nnc2cc(-c3noc(Cc4ccc(Cl)cc4)n3)ccc21)N1CCCC1,0.0,0.029833333333333333,0.2,0.0,0.03928492784205612,145,False,,,
5,96,CCS(=O)(=O)c1ccc(C(=O)Nc2cc(C)nn2-c2nc3c(Cl)cccc3s2)cc1,0.0,0.029833333333333333,0.2,0.0,0.03928492784205612,145,False,,,
5,97,CC[NH2+][C@@H](C)[C@@H]1CCCC(C)(C)CC1,0.0,0.029833333333333333,0.2,0.0,0.03928492784205612,145,False,,,
5,98,C/C=C/C(=O)NCC(=O)Nc1cccc(C)c1C,0.0,0.029833333333333333,0.2,0.0,0.03928492784205612,145,False,,,
5,99,CC(C)OCCS(=O)(=O)N1CC(N2CC[NH2+]CC2)C1,0.0,0.029833333333333333,0.2,0.0,0.03928492784205612,145,False,,,
5,100,COc1ccc(CNC(=O)Nc2ccc(CC(N)=O)cc2)cc1OC,0.0,0.029833333333333333,0.2,0.0,0.03928492784205612,145,False,,,
5,101,Cc1nc2ccc(NC(=O)N3CCC[C@@H](C)CC3)cc2o1,0.0,0.029833333333333333,0.2,0.0,0.03928492784205612,145,False,,,
5,102,CCN(Cc1ccc(OC)cc1)C(=O)[C@H](C)Cc1ccccc1F,0.0,0.029833333333333333,0.2,0.0,0.03928492784205612,145,False,,,
5,103,COc1ccc(Oc2ccc(Cl)nn2)cc1,0.0,0.029833333333333333,0.2,0.0,0.03928492784205612,145,False,,,
5,104,O=C(NCc1ccccc1)c1cccc(S(=O)(=O)N2CCCCCC2)c1,0.0,0.029833333333333333,0.2,0.0,0.03928492784205612,145,False,,,
5,105,CCc1ccc(C(=O)OCC(=O)C2=c3ccccc3=[NH+]C2)cc1,0.0,0.029833333333333333,0.2,0.0,0.03928492784205612,145,False,,,
5,106,Cc1ccc(C(=O)CCC(=O)NCc2ccncc2)cc1,0.0,0.029833333333333333,0.2,0.0,0.03928492784205612,145,False,,,
5,107,CC(C)CN1CCO[C@@H](CNC(=O)c2ccc3[nH]nnc3c2)C1,0.0,0.029833333333333333,0.2,0.0,0.03928492784205612,145,False,,,
5,108,CCC(=O)Nc1ccc(C)c(NC(=O)C[C@@H]2CCCO2)c1,0.0,0.029833333333333333,0.2,0.0,0.03928492784205612,145,False,,,
5,109,C[C@H](SCCN1C(=O)NC(C)(C)C1=O)C(=O)NC1CCCCC1,0.0,0.029833333333333333,0.2,0.0,0.03928492784205612,145,False,,,
5,110,CC[C@@H](C)[C@H](C)[NH+](Cc1ccccc1NC(C)=O)C1CC1,0.0,0.029833333333333333,0.2,0.0,0.03928492784205612,145,False,,,
5,111,O=C(NCCC(F)(F)F)N1CCOc2ccccc2C1,0.0,0.029833333333333333,0.2,0.0,0.03928492784205612,145,False,,,
5,112,CCC(=O)Oc1ccc2cc(C(=O)NCCc3ccccc3)c(=O)oc2c1,0.0,0.029833333333333333,0.2,0.0,0.03928492784205612,145,False,,,
5,113,CCc1ccccc1NC(=O)CN(C)c1cnn(C)c(=O)c1Cl,0.0,0.029833333333333333,0.2,0.0,0.03928492784205612,145,False,,,
5,114,C[C@@](O)(CNC(=O)N[C@@H](c1ccccc1)C1CCCC1)CN1CCOCC1,0.0,0.029833333333333333,0.2,0.0,0.03928492784205612,145,False,,,
5,115,CCOC(=O)c1ccc(NS(=O)(=O)c2ccc3c(c2)N(C(C)=O)CCO3)cc1,0.0,0.029833333333333333,0.2,0.0,0.03928492784205612,145,False,,,
5,116,COc1ccc(C[C@H](C)CNC(=O)Cc2c(C)noc2C)cc1,0.0,0.029833333333333333,0.2,0.0,0.03928492784205612,145,False,,,
5,117,C#CCN(CC(=O)[O-])C(=O)c1nc(CC)n[n-]1,0.0,0.029833333333333333,0.2,0.0,0.03928492784205612,145,False,,,
5,118,COc1cccc(/C=C2\SC(=S)N=C2[O-])c1OCc1ccc(Cl)cc1Cl,0.0,0.029833333333333333,0.2,0.0,0.03928492784205612,145,False,,,
5,119,O=C(Cc1ccc(Br)cc1)N/N=C/c1ccccc1O,0.0,0.029833333333333333,0.2,0.0,0.03928492784205612,145,False,,,
5,120,Cc1ccc(CCC(=O)Nc2cc(S(C)(=O)=O)ccc2Cl)cc1,0.0,0.029833333333333333,0.2,0.0,0.03928492784205612,145,False,,,
6,1,COc1ccccc1C(=O)Nc1ccc2c(N3CCCC3)ncnc2c1,0.2,0.03325,0.2,0.0,0.043725707541445225,149,False,,"{<<<Explanation>>>: Both given molecules share a common scaffold: a benzamide linked to a bicyclic system containing a substituted pyrimidine fused to a phenyl ring, with a piperidine or azetidine ring attached to the nitrogen. The difference lies in the ring size and substitution on the nitrogen-containing ring: one has a 4-membered azetidine ring with a methylene bridge ([CH]CCC) and a methoxy group on the phenyl ring (score 0.15), the other has a 5-membered piperidine ring (CCCC) and a methyl group on the phenyl ring (score 0.19). The piperidine ring and methyl substitution seem to improve activity.

To propose a molecule with potentially higher JNK3 activity, I will combine the beneficial features: keep the piperidine ring (which gave a higher score) and introduce a methoxy group on the phenyl ring (which might enhance binding via electronic effects or H-bonding). Additionally, I will replace the methyl group on the phenyl ring with a methoxy group to increase polarity and potential interactions. This hybrid molecule might have improved binding affinity and thus a higher JNK3 score.

<<<Molecule>>>: \box{COc1ccccc1C(=O)Nc1ccc2c(N3CCCC3)ncnc2c1}}","I have two molecules and their JNK3 scores. The JNK3 score measures a molecular's biological activity against JNK3.


[COc1ccccc1C(=O)Nc1ccc2c(N3[CH]CCC3)ncnc2c1,0.15]
[Cc1ccccc1C(=O)Nc1ccc2c(N3CCCC3)ncnc2c1,0.19]Please propose a new molecule that has a higher JNK3 score. You can either make crossover and mutations based on the given molecules or just propose a new molecule based on your knowledge.



Your output should follow the format: {<<<Explaination>>>: $EXPLANATION, <<<Molecule>>>: \box{$Molecule}}. Here are the requirements:

        

1. $EXPLANATION should be your analysis.
2. The $Molecule should be the smiles of your propsosed molecule.
3. The molecule should be valid.
        "
6,2,Cc1ccccc1C(=O)Nc1ccc2c(N3CCCC3)ncnc2c1,0.19,0.03325,0.2,0.0,0.043725707541445225,149,False,,,
6,3,Cc1ccc(O)cc1C(=O)Nc1ccc2c(N3CCCC3)ncnc2c1,0.19,0.03325,0.2,0.0,0.043725707541445225,149,False,,"{<<<Explanation>>>: Both given molecules share a common core structure: a substituted aminopyrimidine fused to a phenyl ring with a piperidine (N3CCCC3) substituent. The main difference lies in the acyl substituent attached to the aniline nitrogen: one has a salicylamide moiety (O=C(Nc1ccc2c(N3CCCC3)ncnc2c1)c1ccccc1O) and the other has a methylphenylacetamide (Cc1ccccc1C(=O)Nc1ccc2c(N3CCCC3)ncnc2c1). The second molecule has a slightly higher JNK3 score (0.19 vs 0.18), suggesting that the methylphenylacetamide substitution might be more favorable.

To improve the JNK3 score, I propose combining features from both molecules and introducing a small modification to enhance binding affinity or activity. Specifically, I will:

- Retain the aminopyrimidine-piperidine core.
- Use the methylphenylacetamide moiety from the second molecule, as it has a higher score.
- Introduce a hydroxyl group on the phenyl ring of the methylphenylacetamide to mimic the salicylamide's hydroxyl, potentially improving hydrogen bonding and solubility.
- This hybrid approach may increase interactions with JNK3 and improve activity.

The proposed molecule SMILES is: Cc1ccc(O)cc1C(=O)Nc1ccc2c(N3CCCC3)ncnc2c1

This is a methyl-4-hydroxyphenylacetamide attached to the same core, combining beneficial features from both molecules.

<<<Molecule>>>: \box{Cc1ccc(O)cc1C(=O)Nc1ccc2c(N3CCCC3)ncnc2c1}}","I have two molecules and their JNK3 scores. The JNK3 score measures a molecular's biological activity against JNK3.


[O=C(Nc1ccc2c(N3CCCC3)ncnc2c1)c1ccccc1O,0.18]
[Cc1ccccc1C(=O)Nc1ccc2c(N3CCCC3)ncnc2c1,0.19]Please propose a new molecule that has a higher JNK3 score. You can either make crossover and mutations based on the given molecules or just propose a new molecule based on your knowledge.



Your output should follow the format: {<<<Explaination>>>: $EXPLANATION, <<<Molecule>>>: \box{$Molecule}}. Here are the requirements:

        

1. $EXPLANATION should be your analysis.
2. The $Molecule should be the smiles of your propsosed molecule.
3. The molecule should be valid.
        "
6,4,O=C(Nc1ccc2c(N3CCCC3)ncnc2c1)c1ccccc1O,0.18,0.03325,0.2,0.0,0.043725707541445225,149,False,,"{<<<Explanation>>>: Both given molecules share a common scaffold: a benzamide linked to a fused bicyclic system containing a piperidine ring. The difference lies in the substituent on the benzene ring attached to the amide: one has a methyl group (–CH3) and the other a methoxy group (–OCH3). The methoxy substituent (electron-donating and capable of hydrogen bonding) slightly improves the JNK3 score (0.2 vs 0.19). To further enhance activity, I propose introducing a stronger electron-donating group that can also engage in hydrogen bonding, such as a hydroxyl group (–OH), which often improves binding affinity by forming additional hydrogen bonds with the target. Additionally, placing the hydroxyl group para to the amide linkage on the benzene ring could optimize interactions. Therefore, I propose replacing the methyl/methoxy substituent with a para-hydroxy group on the benzamide phenyl ring, keeping the rest of the molecule intact. This modification is likely to increase the JNK3 score by improving binding interactions.

<<<Molecule>>>: \box{Oc1ccccc1C(=O)Nc1ccc2c(N3CCCC3)ncnc2c1}}","I have two molecules and their JNK3 scores. The JNK3 score measures a molecular's biological activity against JNK3.


[Cc1ccccc1C(=O)Nc1ccc2c(N3CCCC3)ncnc2c1,0.19]
[COc1ccccc1C(=O)Nc1ccc2c(N3CCCC3)ncnc2c1,0.2]Please propose a new molecule that has a higher JNK3 score. You can either make crossover and mutations based on the given molecules or just propose a new molecule based on your knowledge.



Your output should follow the format: {<<<Explaination>>>: $EXPLANATION, <<<Molecule>>>: \box{$Molecule}}. Here are the requirements:

        

1. $EXPLANATION should be your analysis.
2. The $Molecule should be the smiles of your propsosed molecule.
3. The molecule should be valid.
        "
6,5,COC1=CC(F)=CC=C1C(=O)NC1=CC=C2C(=C1)N=CN=C2C1=CC=CC=C1,0.18,0.03325,0.2,0.0,0.043725707541445225,149,False,,Fallback to genetic operations due to LLM error: ,"Fallback genetic operation for parents: ['COC1=CC(F)=CC=C1C(=O)NC1=CC=C2C(=C1)N=CN=C2N1CCOCC1', 'CCC[C@@H](C(=O)N1CCN(CC(=O)NC2=C(C)C=CC=C2C)CC1)C1=CC=CC=C1']"
6,6,COc1ccccc1C(=O)Nc1ccc2c(N3[CH]CCC3)ncnc2c1,0.15,0.03325,0.2,0.0,0.043725707541445225,149,False,,"The first molecule has a higher JNK3 score (0.2) compared to the second (0.02), indicating that the scaffold and substituents in the first molecule are more favorable for JNK3 activity. The first molecule features a methoxyphenyl group linked via an amide to a bicyclic heterocycle containing a piperidine ring fused to a purine-like system. The second molecule has a charged imidazole and a piperidine linked to a substituted pyrazole, but with lower activity.

To improve activity, I propose combining the favorable amide linkage and methoxyphenyl group from the first molecule with the bicyclic heterocycle and piperidine ring from the second molecule, but modifying the heterocycle to include nitrogen atoms that may enhance binding. Additionally, adding a methoxy group to the phenyl ring may improve interactions.

Thus, I propose a molecule with a methoxyphenyl amide linked to a fused bicyclic system containing a piperidine and a purine-like heterocycle, incorporating the chiral center from the second molecule to potentially improve binding affinity.","I have two molecules and their JNK3 scores. The JNK3 score measures a molecular's biological activity against JNK3.


[COc1ccccc1C(=O)Nc1ccc2c(N3CCCC3)ncnc2c1,0.2]
[Cc1[nH+]ccn1Cc1nnc([C@@H]2CCC[NH+](Cc3cccnc3)C2)n1C,0.02]Please propose a new molecule that has a higher JNK3 score. You can either make crossover and mutations based on the given molecules or just propose a new molecule based on your knowledge.



Your output should follow the format: {<<<Explaination>>>: $EXPLANATION, <<<Molecule>>>: \box{$Molecule}}. Here are the requirements:

        

1. $EXPLANATION should be your analysis.
2. The $Molecule should be the smiles of your propsosed molecule.
3. The molecule should be valid.
        "
6,7,COC1=CC(F)=CC=C1C(=O)NC1=CC=C2C(=C1)N=CN=C2N1CCCC1,0.14,0.03325,0.2,0.0,0.043725707541445225,149,False,,,
6,8,COC1=CC(F)=CC=C1C(=O)NC1=CC=C2C(=C1)N=CN=C2N1CCOCC1,0.14,0.03325,0.2,0.0,0.043725707541445225,149,False,,,
6,9,COc1ccc(C(=O)N2CCCC(C(=O)Nc3ccc(-c4ccncc4)cc3)C2)cc1,0.12,0.03325,0.2,0.0,0.043725707541445225,149,False,,"Both given molecules have relatively low JNK3 scores (0.06 and 0.05), indicating modest activity. The first molecule features a piperidine ring linked to an amide and a substituted phenyl ring with a pyrazole moiety, while the second molecule contains a methoxy-substituted aromatic system with a nitro group and an amide linkage. To potentially increase JNK3 activity, I propose combining the amide-linked aromatic system from the first molecule with the electron-donating methoxy groups from the second molecule to enhance binding affinity and improve interactions with the JNK3 active site. Additionally, replacing the pyrazole ring with a more planar heterocycle like a pyridine could improve stacking interactions. Therefore, I propose a molecule with a piperidine ring linked via an amide to a methoxy-substituted phenyl ring, which is further connected to a pyridine ring. This hybrid design aims to improve binding affinity and thus increase the JNK3 score.","I have two molecules and their JNK3 scores. The JNK3 score measures a molecular's biological activity against JNK3.


[Cc1nonc1CC(=O)N1CCC[C@H](C(=O)Nc2ccc(-c3ccn[nH]3)cc2)C1,0.06]
[COc1ccc(CNC(=O)c2cc(OC)c(OC)cc2[N+](=O)[O-])cn1,0.05]Please propose a new molecule that has a higher JNK3 score. You can either make crossover and mutations based on the given molecules or just propose a new molecule based on your knowledge.



Your output should follow the format: {<<<Explaination>>>: $EXPLANATION, <<<Molecule>>>: \box{$Molecule}}. Here are the requirements:

        

1. $EXPLANATION should be your analysis.
2. The $Molecule should be the smiles of your propsosed molecule.
3. The molecule should be valid.
        "
6,10,COc1ccc(CN2CCC(CNC(=O)c3c[nH]nc3-c3ccc(Cl)c([N+](=O)[O-])c3)CC2)cc1,0.11,0.03325,0.2,0.0,0.043725707541445225,149,False,,"{<<<Explanation>>>: Both given molecules have a JNK3 score of 0.05, indicating relatively low activity. They share some common features: an amide linkage connected to heterocyclic systems and aromatic rings with electron-withdrawing groups (Cl, NO2). To potentially increase JNK3 activity, I propose combining favorable features from both molecules: the pyrazole-based heterocycle from the first molecule and the nitro-substituted chlorinated aromatic ring from the second molecule. Additionally, introducing a methoxy group on the aromatic ring (as in the first molecule) may enhance binding through electronic effects. I also suggest replacing the piperidinium ring (positively charged nitrogen in the first molecule) with a neutral piperidine to reduce potential off-target interactions and improve membrane permeability. This crossover and mutation aim to improve binding affinity and biological activity against JNK3. 

<<<Molecule>>>: \box{COc1ccc(CN2CCC(CNC(=O)c3c[nH]nc3-c3ccc(Cl)c([N+](=O)[O-])c3)CC2)cc1}}}","I have two molecules and their JNK3 scores. The JNK3 score measures a molecular's biological activity against JNK3.


[COc1ccc(C[NH+]2CCC(CNC(=O)c3c[nH]nc3-c3ccc(Cl)cc3)CC2)cc1,0.05]
[Cc1nn(C)cc1CNC(=O)c1ccc(Cn2cc(Cl)c([N+](=O)[O-])n2)cc1,0.05]Please propose a new molecule that has a higher JNK3 score. You can either make crossover and mutations based on the given molecules or just propose a new molecule based on your knowledge.



Your output should follow the format: {<<<Explaination>>>: $EXPLANATION, <<<Molecule>>>: \box{$Molecule}}. Here are the requirements:

        

1. $EXPLANATION should be your analysis.
2. The $Molecule should be the smiles of your propsosed molecule.
3. The molecule should be valid.
        "
6,11,CCSCC(C)N(C)C(=O)NCc1ccc(Nc2ccccc2OC)cc1N(C)C,0.09,0.03325,0.2,0.0,0.043725707541445225,149,False,,"Both given molecules have very low JNK3 scores (0.02 and 0.01), indicating weak activity. The first molecule features a peptide-like backbone with an amide linkage and aromatic substitution, while the second has a bicyclic system with a positively charged amine and a bulky tert-butyl ether group. To improve JNK3 activity, it is often beneficial to combine features that enhance binding affinity, such as maintaining the amide linkage for hydrogen bonding and incorporating aromatic or heteroaromatic rings for π-π stacking interactions. Additionally, reducing steric hindrance and optimizing the basic amine groups can improve binding. I propose a molecule that merges the amide backbone and aromatic substitution from the first molecule with a less bulky, more planar bicyclic aromatic system inspired by the second molecule, replacing the bulky tert-butyl group with a simpler methoxy group to reduce steric hindrance and maintain polarity. This hybrid molecule should have improved binding potential and thus a higher JNK3 score.","I have two molecules and their JNK3 scores. The JNK3 score measures a molecular's biological activity against JNK3.


[CCSC[C@@H](C)N(C)C(=O)NCc1ccc(C)cc1N(C)C,0.02]
[CC(C)C[C@H]1C[NH2+]CC[C@@H]1c1cccc2c1OC(C)(C)C2,0.01]Please propose a new molecule that has a higher JNK3 score. You can either make crossover and mutations based on the given molecules or just propose a new molecule based on your knowledge.



Your output should follow the format: {<<<Explaination>>>: $EXPLANATION, <<<Molecule>>>: \box{$Molecule}}. Here are the requirements:

        

1. $EXPLANATION should be your analysis.
2. The $Molecule should be the smiles of your propsosed molecule.
3. The molecule should be valid.
        "
6,12,CC(=O)Nc1ccc(NCc2ccccc2F)c(C(F)(F)F)c1,0.08,0.03325,0.2,0.0,0.043725707541445225,149,False,,,
6,13,O=C(N1CCOCC1)C12C[C@H]3C[C@@H](C1)CC(c1ccc([N+](=O)[O-])cc1)(C3)C2,0.07,0.03325,0.2,0.0,0.043725707541445225,149,False,,,
6,14,O=C(NCC1CCC[NH+](Cc2cc(O)ccc2[N+](=O)[O-])C1)Nc1ccc(Cn2cc(Cl)c([N+](=O)[O-])n2)cc1,0.07,0.03325,0.2,0.0,0.043725707541445225,149,False,,"{<<<Explanation>>>: Both given molecules have low JNK3 scores (0.05), indicating weak activity. To improve activity, we can combine favorable features from both molecules. The first molecule has a chiral piperidine ring linked to a phenol substituted with a nitro group, while the second molecule contains a pyrazole ring with a nitro and chloro substitution and an amide linkage to a methylated pyrazole. Nitro groups and halogens often enhance binding affinity through electronic effects and interactions with the kinase active site. To propose a molecule with potentially higher JNK3 activity, I suggest a hybrid structure that retains the piperidine ring from the first molecule (important for conformational rigidity and binding) and incorporates the pyrazole ring with chloro and nitro substituents from the second molecule, connected via an amide linker to a phenyl ring. This design aims to combine the key pharmacophores and improve binding interactions with JNK3. The proposed molecule is: O=C(NC[C@H]1CCC[NH+](Cc2cc(O)ccc2[N+](=O)[O-])C1)Nc3ccc(Cn4cc(Cl)c([N+](=O)[O-])n4)cc3. This molecule is valid and merges the structural motifs that may enhance JNK3 inhibition. , <<<Molecule>>>: \box{O=C(NC[C@H]1CCC[NH+](Cc2cc(O)ccc2[N+](=O)[O-])C1)Nc3ccc(Cn4cc(Cl)c([N+](=O)[O-])n4)cc3}}","I have two molecules and their JNK3 scores. The JNK3 score measures a molecular's biological activity against JNK3.


[O=C(NC[C@H]1CCC[NH+](Cc2cc(O)ccc2[N+](=O)[O-])C1)c1ccccc1,0.05]
[Cc1nn(C)cc1CNC(=O)c1ccc(Cn2cc(Cl)c([N+](=O)[O-])n2)cc1,0.05]Please propose a new molecule that has a higher JNK3 score. You can either make crossover and mutations based on the given molecules or just propose a new molecule based on your knowledge.



Your output should follow the format: {<<<Explaination>>>: $EXPLANATION, <<<Molecule>>>: \box{$Molecule}}. Here are the requirements:

        

1. $EXPLANATION should be your analysis.
2. The $Molecule should be the smiles of your propsosed molecule.
3. The molecule should be valid.
        "
6,15,Cc1nonc1CC(=O)N1CCC[C@H](C(=O)Nc2ccc(-c3ccn[nH]3)cc2)C1,0.06,0.03325,0.2,0.0,0.043725707541445225,149,False,,,
6,16,Fc1ccc2oc(C[NH2+]C[C@@H]3CN4CCCC[C@@H]4CO3)cc2c1,0.06,0.03325,0.2,0.0,0.043725707541445225,149,False,,,
6,17,Cc1ccc([C@H](C)NC(=O)N[C@H]2CC(=O)N(C3CC3)C2)cc1[N+](=O)[O-],0.06,0.03325,0.2,0.0,0.043725707541445225,149,False,,,
6,18,COc1nc(N[C@@H]2C[NH+]3CCC2CC3)ccc1N,0.06,0.03325,0.2,0.0,0.043725707541445225,149,False,,,
6,19,COC1=CC(F)=C(NC(=O)C=C2CN(C(=O)NC3=NC=C(CC4=CC=CC(Cl)=C4)S3)C2)C=C1F,0.06,0.03325,0.2,0.0,0.043725707541445225,149,False,,Fallback to genetic operations due to LLM error: ,"Fallback genetic operation for parents: ['COC1=CC(F)=C(NC(=O)C=C2CN(C(=O)NC3=NC=NC4=C3CCC4)C2)C=C1F', 'C[NH+]1CCC(NC(=O)NC2=NC=C(CC3=CC=CC(Cl)=C3)S2)CC1']"
6,20,COc1ccc(CNC(=O)c2cc(OC)c(OC)cc2[N+](=O)[O-])cn1,0.05,0.03325,0.2,0.0,0.043725707541445225,149,False,,,
6,21,CS[C@@H](C)C1=CC=CC(NC(=O)C2=CN(C)N=C2C2=CC=CC=C2)=C1,0.05,0.03325,0.2,0.0,0.043725707541445225,149,False,,,
6,22,Cc1nn(C)cc1CNC(=O)c1ccc(Cn2cc(Cl)c([N+](=O)[O-])n2)cc1,0.05,0.03325,0.2,0.0,0.043725707541445225,149,False,,,
6,23,COc1ccc(C[NH+]2CCC(CNC(=O)c3c[nH]nc3-c3ccc(Cl)cc3)CC2)cc1,0.05,0.03325,0.2,0.0,0.043725707541445225,149,False,,,
6,24,O=C(NC[C@H]1CCC[NH+](Cc2cc(O)ccc2[N+](=O)[O-])C1)c1ccccc1,0.05,0.03325,0.2,0.0,0.043725707541445225,149,False,,,
6,25,Cc1ccccc1C(=O)Nc1ccc2c(N3CCCC3)ncnc2c1-c1cc(Cl)cc(Cl)c1,0.05,0.03325,0.2,0.0,0.043725707541445225,149,False,,"The first molecule has a very low JNK3 score (0.02), while the second molecule has a higher score (0.19). The second molecule contains a fused bicyclic system with a purine-like scaffold and a piperidine ring, which might contribute to better binding affinity. The first molecule has a different scaffold with a bicyclic lactam and dichlorophenyl group but lower activity. To design a molecule with potentially higher JNK3 activity, I propose combining the purine-like bicyclic core and the piperidine ring from the second molecule with the dichlorophenyl substituent from the first molecule, as halogenated aromatic rings often enhance binding through hydrophobic and halogen bonding interactions. Additionally, I will keep the amide linkage to maintain hydrogen bonding potential. This hybrid molecule might improve binding affinity and thus increase the JNK3 score.","I have two molecules and their JNK3 scores. The JNK3 score measures a molecular's biological activity against JNK3.


[C=C(C)CN(C)C(=O)CN1CC2=C(C1=O)[C@@H](c1ccc(Cl)cc1Cl)NC(=O)N2CC,0.02]
[Cc1ccccc1C(=O)Nc1ccc2c(N3CCCC3)ncnc2c1,0.19]Please propose a new molecule that has a higher JNK3 score. You can either make crossover and mutations based on the given molecules or just propose a new molecule based on your knowledge.



Your output should follow the format: {<<<Explaination>>>: $EXPLANATION, <<<Molecule>>>: \box{$Molecule}}. Here are the requirements:

        

1. $EXPLANATION should be your analysis.
2. The $Molecule should be the smiles of your propsosed molecule.
3. The molecule should be valid.
        "
6,26,CSC(C)c1ccc(NC(=O)c2cn(C)nc2-c2ccccc2)cc1F,0.05,0.03325,0.2,0.0,0.043725707541445225,149,False,,"{<<<Explanation>>>: The first molecule has a higher JNK3 score (0.05) compared to the second (0.01), indicating that the scaffold with the substituted aniline linked to a methylated purine-like heterocycle is more active. The second molecule contains a thiosemicarbazide moiety attached to a hydroxy-biphenyl system with a fluorophenyl amide, which shows lower activity. To improve activity, I propose combining the key features of the first molecule (the aniline-purine amide scaffold) with a fluorine substituent on the phenyl ring to potentially enhance binding affinity and metabolic stability. Introducing a fluorine on the phenyl ring of the first molecule may increase lipophilicity and binding interactions, potentially increasing the JNK3 score. This is a mutation of the first molecule by adding a fluorine substituent on the phenyl ring para to the amide linkage.

<<<Molecule>>>: \box{CS[C@@H](C)C1=CC=C(C=C1F)NC(=O)C2=CN(C)N=C2C3=CC=CC=C3}}","I have two molecules and their JNK3 scores. The JNK3 score measures a molecular's biological activity against JNK3.


[CS[C@@H](C)C1=CC=CC(NC(=O)C2=CN(C)N=C2C2=CC=CC=C2)=C1,0.05]
[O=C(NC(=S)Nc1c(O)ccc2ccccc12)c1cccc(F)c1,0.01]Please propose a new molecule that has a higher JNK3 score. You can either make crossover and mutations based on the given molecules or just propose a new molecule based on your knowledge.



Your output should follow the format: {<<<Explaination>>>: $EXPLANATION, <<<Molecule>>>: \box{$Molecule}}. Here are the requirements:

        

1. $EXPLANATION should be your analysis.
2. The $Molecule should be the smiles of your propsosed molecule.
3. The molecule should be valid.
        "
6,27,CC1=CC=C(NC(=O)CN2C(=O)S/C(=C/C3=C(F)C=CC=C3Cl)C2=O)C=C1,0.04,0.03325,0.2,0.0,0.043725707541445225,149,False,,,
6,28,C[C@H](NC(=O)NCC1=CC=CC2=CC=CN=C21)C1=CN(C)N=C1,0.04,0.03325,0.2,0.0,0.043725707541445225,149,False,,,
6,29,CC(=O)c1ccc(N[C@H]2CC(=O)N(CC(F)(F)F)C2)c([N+](=O)[O-])c1,0.04,0.03325,0.2,0.0,0.043725707541445225,149,False,,,
6,30,Cc1cnc(C[NH+](C)CCCc2cc(-c3ccc(F)cc3)[nH]n2)o1,0.04,0.03325,0.2,0.0,0.043725707541445225,149,False,,,
6,31,CC(=O)N[C@H](C)c1ccc(-c2csc(NC(=O)[C@@H](C)Oc3cc(C)ccc3Cl)n2)cc1,0.04,0.03325,0.2,0.0,0.043725707541445225,149,False,,,
6,32,CC(C)N1C=CC(CCNCC2=CN=C(C3=CSC=C3)S2)=N1,0.04,0.03325,0.2,0.0,0.043725707541445225,149,False,,,
6,33,CS[C@@H](C)C1=CC(NC(=O)C2=CN(C)N=C2NC(=O)NCC2=CC=CC3=CC=CN=C32)=CC=C1,0.04,0.03325,0.2,0.0,0.043725707541445225,149,False,,Fallback to genetic operations due to LLM error: ,"Fallback genetic operation for parents: ['CS[C@@H](C)C1=CC=CC(NC(=O)C2=CN(C)N=C2C2=CC=CC=C2)=C1', 'C[C@H](NC(=O)NCC1=CC=CC2=CC=CN=C21)C1=CN(C)N=C1']"
6,34,Cc1ccc(C(C)NC(=O)N2[CH]OCC2)c([N+](=O)[O-])c1,0.04,0.03325,0.2,0.0,0.043725707541445225,149,False,,"Both given molecules have relatively low JNK3 scores (0.06 and 0.02), indicating modest activity. The first molecule features a nitro-substituted phenyl ring linked to a chiral amide-containing bicyclic lactam, while the second has a methoxy-substituted bicyclic ether with an amide linked to a substituted phenyl ring. To potentially increase JNK3 activity, I propose combining favorable features: the nitro group from the first molecule (which can enhance binding through electronic effects) and the bicyclic ether scaffold from the second molecule (which may provide conformational rigidity and better fit in the binding site). Additionally, replacing the acetyl group on the phenyl ring with a less electron-withdrawing methyl group might improve binding affinity by modulating electronic properties. This hybrid molecule maintains key hydrogen bonding capabilities and introduces structural elements that could enhance interaction with JNK3, potentially leading to a higher score.","I have two molecules and their JNK3 scores. The JNK3 score measures a molecular's biological activity against JNK3.


[Cc1ccc([C@H](C)NC(=O)N[C@H]2CC(=O)N(C3CC3)C2)cc1[N+](=O)[O-],0.06]
[COc1ccc2c(c1)C[C@@H](C(=O)Nc1ccc(C(C)=O)c(C)c1)CO2,0.02]Please propose a new molecule that has a higher JNK3 score. You can either make crossover and mutations based on the given molecules or just propose a new molecule based on your knowledge.



Your output should follow the format: {<<<Explaination>>>: $EXPLANATION, <<<Molecule>>>: \box{$Molecule}}. Here are the requirements:

        

1. $EXPLANATION should be your analysis.
2. The $Molecule should be the smiles of your propsosed molecule.
3. The molecule should be valid.
        "
6,35,[NH3+]C[C@H](CO)CC1=CC(Br)=CC(NC(=O)CS[C@H]2CCCC3=C2C=CC=C3)=C1,0.04,0.03325,0.2,0.0,0.043725707541445225,149,False,,Fallback to genetic operations due to LLM error: ,"Fallback genetic operation for parents: ['CC1=NN(C)C(C)=C1NC(=O)CS[C@H]1CCCC2=CC=CC=C21', '[NH3+]C[C@H](CO)CC1=CC(F)=CC(Br)=C1']"
6,36,CC(=O)NC1=CC=C(Cl)C1C1=CC=NC=C1,0.04,0.03325,0.2,0.0,0.043725707541445225,149,False,,Fallback to genetic operations due to LLM error: ,"Fallback genetic operation for parents: ['CC(=O)NC1=CC=C(NC(=O)C2=NC(Cl)=CC=C2Cl)C=C1C1=CC=NC=C1', 'C=C(C)CN(C)C(=O)CN1CC2=C(C1=O)[C@@H](C1=CC=C(Cl)C=C1Cl)NC(=O)N2CC']"
6,37,C[C@H]([NH2+][C@H]1CCOC1)c1ccnc(Cl)c1,0.03,0.03325,0.2,0.0,0.043725707541445225,149,False,,,
6,38,COc1cc(-c2noc(C3C[C@@H](C)O[C@@H](C)C3)n2)ccn1,0.03,0.03325,0.2,0.0,0.043725707541445225,149,False,,,
6,39,COc1cc(C)c(CN2CCN(C(=O)c3ccc(N4CCCCC4)c([N+](=O)[O-])c3)CC2)cc1OC,0.03,0.03325,0.2,0.0,0.043725707541445225,149,False,,,
6,40,Cc1ccc2nc(N3CCC(C(=O)NCC(C)(C)CO)CC3)nc(C)c2c1,0.03,0.03325,0.2,0.0,0.043725707541445225,149,False,,,
6,41,C[C@@H]1COCCN1Cc1ccc(C(=O)NN)cn1,0.03,0.03325,0.2,0.0,0.043725707541445225,149,False,,,
6,42,[NH3+]C[C@H](CO)CC1=CC(F)=CC(Br)=C1,0.03,0.03325,0.2,0.0,0.043725707541445225,149,False,,,
6,43,C[C@@H](CO)CSC[C@@H]([NH3+])C1=CC=C2OCCCOC2=C1,0.03,0.03325,0.2,0.0,0.043725707541445225,149,False,,,
6,44,Cc1ccc(-c2ncco2)cc1NC(=O)c1nc(Cl)ccc1Cl,0.03,0.03325,0.2,0.0,0.043725707541445225,149,False,,,
6,45,O=C(Nc1ccc2c(c1)CCO2)N1CCC[C@H]1c1nc2ccccc2[nH]1,0.03,0.03325,0.2,0.0,0.043725707541445225,149,False,,,
6,46,N#CCc1ccc2[nH]ccc2n1,0.03,0.03325,0.2,0.0,0.043725707541445225,149,False,,,
6,47,COC1=CC(F)=C(NC(=O)C=C2CN(C(=O)NC3=NC=NC4=C3CCC4)C2)C=C1F,0.03,0.03325,0.2,0.0,0.043725707541445225,149,False,,,
6,48,CC(=O)NC1=CC=C(NC(=O)C2=NC(Cl)=CC=C2Cl)C=C1C1=CC=NC=C1,0.03,0.03325,0.2,0.0,0.043725707541445225,149,False,,,
6,49,CCCCO[C@@H]1C[C@H](NC(=O)c2occc2Br)C1(C)C,0.02,0.03325,0.2,0.0,0.043725707541445225,149,False,,,
6,50,NC(=O)c1cccc(CNC(=O)CSc2nc3ccccc3o2)c1,0.02,0.03325,0.2,0.0,0.043725707541445225,149,False,,,
6,51,CCC[C@@H](C(=O)N1CCN(CC(=O)NC2=C(C)C=CC=C2C)CC1)C1=CC=CC=C1,0.02,0.03325,0.2,0.0,0.043725707541445225,149,False,,,
6,52,COc1ccc([C@H](NC(=O)c2ccc3nccnc3c2)C2CCOCC2)cc1,0.02,0.03325,0.2,0.0,0.043725707541445225,149,False,,,
6,53,COc1cc(-c2ccccc2)sc1C(=O)NC[C@@H](O)C(C)(C)C,0.02,0.03325,0.2,0.0,0.043725707541445225,149,False,,,
6,54,Cc1nn(C)cc1CN1C[C@H](CO)OC[C@@H]1C,0.02,0.03325,0.2,0.0,0.043725707541445225,149,False,,,
6,55,Cc1cc(NC(=O)Nc2cccc(Cl)c2)ncc1Br,0.02,0.03325,0.2,0.0,0.043725707541445225,149,False,,,
6,56,CCSC[C@@H](C)N(C)C(=O)NCc1ccc(C)cc1N(C)C,0.02,0.03325,0.2,0.0,0.043725707541445225,149,False,,,
6,57,C=C(C)CN(C)C(=O)CN1CC2=C(C1=O)[C@@H](C1=CC=C(Cl)C=C1Cl)NC(=O)N2CC,0.02,0.03325,0.2,0.0,0.043725707541445225,149,False,,,
6,58,COc1ccc2c(c1)C[C@@H](C(=O)Nc1ccc(C(C)=O)c(C)c1)CO2,0.02,0.03325,0.2,0.0,0.043725707541445225,149,False,,,
6,59,Cc1[nH+]ccn1Cc1nnc([C@@H]2CCC[NH+](Cc3cccnc3)C2)n1C,0.02,0.03325,0.2,0.0,0.043725707541445225,149,False,,,
6,60,COc1ccc([C@@H]2CC(=O)C3=C(C2)N[C@@H]2N=NC(O)=C2[C@H]3c2ccc(Cl)c(Cl)c2)cc1OC,0.02,0.03325,0.2,0.0,0.043725707541445225,149,False,,,
6,61,C[C@H]1Cc2cc([C@@H](Cl)C3(C)CCCC3)ccc2O1,0.02,0.03325,0.2,0.0,0.043725707541445225,149,False,,,
6,62,C[NH+]1CCC(NC(=O)NC2=NC=C(CC3=CC=CC(Cl)=C3)S2)CC1,0.02,0.03325,0.2,0.0,0.043725707541445225,149,False,,,
6,63,O=C(NCC1CCN(C(=O)c2ccccn2)CC1)C(=O)NC1CCCC1,0.02,0.03325,0.2,0.0,0.043725707541445225,149,False,,,
6,64,C[C@H](Cc1ccsc1)[NH+](C)Cc1cnc(N2CC[NH+](C)CC2)nc1,0.02,0.03325,0.2,0.0,0.043725707541445225,149,False,,,
6,65,COc1ccc(NC(=O)C[NH+]2CCCN(Cc3cccc(Cl)c3)S2(=O)=O)cc1,0.02,0.03325,0.2,0.0,0.043725707541445225,149,False,,,
6,66,CSC(C)c1cccc(NC(=O)NC(C)COC2CCOCC2)c1,0.02,0.03325,0.2,0.0,0.043725707541445225,149,False,,"The first molecule has a JNK3 score of 0.05, which is higher than the second molecule's 0.01. The first molecule features a substituted aniline linked to a methylated purine-like heterocycle, while the second molecule has a bulky tert-butyl group and a morpholine ring. To improve the JNK3 score, I propose combining the key amide linkage and aromatic system from the first molecule with the morpholine ring from the second molecule, which may enhance solubility and binding interactions. Additionally, introducing a small alkyl substitution on the aromatic ring could improve hydrophobic interactions. This hybrid molecule maintains the core amide and aromatic system from the first molecule but replaces the purine moiety with a morpholine-containing amide, potentially increasing activity against JNK3.","I have two molecules and their JNK3 scores. The JNK3 score measures a molecular's biological activity against JNK3.


[CS[C@@H](C)C1=CC=CC(NC(=O)C2=CN(C)N=C2C2=CC=CC=C2)=C1,0.05]
[CCC(C)(C)NC(=O)c1ccc(NC(=O)N[C@@H](C)[C@H]2CCCO2)cc1,0.01]Please propose a new molecule that has a higher JNK3 score. You can either make crossover and mutations based on the given molecules or just propose a new molecule based on your knowledge.



Your output should follow the format: {<<<Explaination>>>: $EXPLANATION, <<<Molecule>>>: \box{$Molecule}}. Here are the requirements:

        

1. $EXPLANATION should be your analysis.
2. The $Molecule should be the smiles of your propsosed molecule.
3. The molecule should be valid.
        "
6,67,O=C1N[C@@H](c2ccccc2F)c2c1oc1ccccc1c2=O,0.01,0.03325,0.2,0.0,0.043725707541445225,149,False,,,
6,68,CS(=O)(=O)N[C@H]1CCN(c2ccc(Cl)c(F)c2)C1=O,0.01,0.03325,0.2,0.0,0.043725707541445225,149,False,,,
6,69,CCC(C)(C)NC(=O)c1ccc(NC(=O)N[C@@H](C)[C@H]2CCCO2)cc1,0.01,0.03325,0.2,0.0,0.043725707541445225,149,False,,,
6,70,CSCC[C@H](NC(=O)N[C@@H]1CCCCC1(C)C)C(=O)[O-],0.01,0.03325,0.2,0.0,0.043725707541445225,149,False,,,
6,71,CC(C)C(=O)Nc1nc2ccc(CCC(=O)NCc3ccccc3Cl)cc2s1,0.01,0.03325,0.2,0.0,0.043725707541445225,149,False,,,
6,72,Cc1nn(-c2ccccc2)c(C)c1NC(=O)CN1CCc2cc(F)ccc2C1,0.01,0.03325,0.2,0.0,0.043725707541445225,149,False,,,
6,73,COc1ccc(C[C@H](C)C[NH+](C)Cc2cn3cccnc3n2)cc1,0.01,0.03325,0.2,0.0,0.043725707541445225,149,False,,,
6,74,CCc1nsc(NCC(=O)NC(C)(C)C)n1,0.01,0.03325,0.2,0.0,0.043725707541445225,149,False,,,
6,75,CCCN(C)c1nccn2c(=O)n(CC(=O)Nc3cccc(SC)c3)nc12,0.01,0.03325,0.2,0.0,0.043725707541445225,149,False,,,
6,76,O=C(Nc1ccc(-c2nnc3n2CCCCC3)cc1)c1ccccc1C(F)(F)F,0.01,0.03325,0.2,0.0,0.043725707541445225,149,False,,,
6,77,CC(C)c1cccc(C(C)C)c1NC(=O)CCN1C(=O)[C@H]2CC[C@@](C)(C1=O)C2(C)C,0.01,0.03325,0.2,0.0,0.043725707541445225,149,False,,,
6,78,Cc1cccc(CN(C(=O)c2cccc(N3CCNC3=O)c2)C(C)C)c1,0.01,0.03325,0.2,0.0,0.043725707541445225,149,False,,,
6,79,COc1ccc(C(=O)N2C[C@@H](C)[NH2+]C[C@H]2C)cc1O,0.01,0.03325,0.2,0.0,0.043725707541445225,149,False,,,
6,80,O=C(NC(=S)Nc1c(O)ccc2ccccc12)c1cccc(F)c1,0.01,0.03325,0.2,0.0,0.043725707541445225,149,False,,,
6,81,CC(=O)Nc1ccc(NC(=O)CCc2cnn(-c3ccccc3)c2)cc1,0.01,0.03325,0.2,0.0,0.043725707541445225,149,False,,,
6,82,COc1cc(F)c(NC(=O)C=C2CN(C(=O)OC(C)(C)C)C2)cc1F,0.01,0.03325,0.2,0.0,0.043725707541445225,149,False,,,
6,83,C[C@@H](Nc1ccc([N-]S(C)(=O)=O)cc1)C(=O)Nc1ccc2c(c1)OCO2,0.01,0.03325,0.2,0.0,0.043725707541445225,149,False,,,
6,84,CCC[C@@H]1C[C@@H](Nc2cc(OC)ccc2F)CCO1,0.01,0.03325,0.2,0.0,0.043725707541445225,149,False,,,
6,85,Cc1ccc(S(=O)(=O)CCC(=O)Oc2ccc(Cl)cc2Cl)cc1,0.01,0.03325,0.2,0.0,0.043725707541445225,149,False,,,
6,86,CCN(CC(=O)Nc1cccc(OC)c1)C(=O)c1ccc(F)cc1Br,0.01,0.03325,0.2,0.0,0.043725707541445225,149,False,,,
6,87,COC(=O)[C@@H]1CCCN(C(=O)NC2CCC([NH+]3CCCCC3)CC2)C1,0.01,0.03325,0.2,0.0,0.043725707541445225,149,False,,,
6,88,O=C(C[NH+]1CCN(c2ccc(C(F)(F)F)cn2)CC1)N1CCC[C@H]1c1ccc2c(c1)OCCO2,0.01,0.03325,0.2,0.0,0.043725707541445225,149,False,,,
6,89,CC(C)C[C@H]1C[NH2+]CC[C@@H]1c1cccc2c1OC(C)(C)C2,0.01,0.03325,0.2,0.0,0.043725707541445225,149,False,,,
6,90,Cc1cccc(C[NH+]2CCC[C@@]3(CC[NH+](Cc4cnn(C(C)C)c4)C3)C2)c1,0.01,0.03325,0.2,0.0,0.043725707541445225,149,False,,,
6,91,CC1=NN(C)C(C)=C1NC(=O)CS[C@H]1CCCC2=CC=CC=C21,0.01,0.03325,0.2,0.0,0.043725707541445225,149,False,,,
6,92,CC1(C)CN(CCOc2ccc(S(C)(=O)=O)cc2)CC[S@@]1=O,0.01,0.03325,0.2,0.0,0.043725707541445225,149,False,,,
6,93,O=C(NCc1ccc(N2CCC(O)CC2)c(F)c1)c1ccn(-c2ccc(F)cc2)n1,0.01,0.03325,0.2,0.0,0.043725707541445225,149,False,,,
6,94,Cc1cc(/C=C(\C#N)C(=O)Nc2ccccc2)c(C)n1-c1ccc(I)cc1,0.01,0.03325,0.2,0.0,0.043725707541445225,149,False,,,
6,95,COc1ccc(C2CC(=O)N3NC(=O)N(C=C(C)CN)C3C2c2ccc(Cl)cc2Cl)cc1OC,0.01,0.03325,0.2,0.0,0.043725707541445225,149,False,,"Both given molecules have the same JNK3 score of 0.02, indicating low activity. To improve the JNK3 score, I will combine favorable features from both molecules: the bicyclic core with nitrogen heterocycles from the first molecule, which may provide good binding interactions, and the amide-linked chlorophenyl group from the second molecule, which could enhance binding affinity through hydrophobic and halogen bonding interactions. Additionally, I will introduce a small alkene side chain (from the second molecule) to increase molecular flexibility and potential interactions. This hybrid molecule maintains key pharmacophores and adds diversity to improve activity.","I have two molecules and their JNK3 scores. The JNK3 score measures a molecular's biological activity against JNK3.


[COc1ccc([C@@H]2CC(=O)C3=C(C2)N[C@@H]2N=NC(O)=C2[C@H]3c2ccc(Cl)c(Cl)c2)cc1OC,0.02]
[C=C(C)CN(C)C(=O)CN1CC2=C(C1=O)[C@@H](c1ccc(Cl)cc1Cl)NC(=O)N2CC,0.02]Please propose a new molecule that has a higher JNK3 score. You can either make crossover and mutations based on the given molecules or just propose a new molecule based on your knowledge.



Your output should follow the format: {<<<Explaination>>>: $EXPLANATION, <<<Molecule>>>: \box{$Molecule}}. Here are the requirements:

        

1. $EXPLANATION should be your analysis.
2. The $Molecule should be the smiles of your propsosed molecule.
3. The molecule should be valid.
        "
6,96,C[C@@H](CO)CSC[C@@H]([NH3+])C1=CC=CCC1,0.01,0.03325,0.2,0.0,0.043725707541445225,149,False,,Fallback to genetic operations due to LLM error: ,"Fallback genetic operation for parents: ['CCC[C@@H](C(=O)N1CCN(CC(=O)NC2=C(C)C=CC=C2C)CC1)C1=CC=CC=C1', 'C[C@@H](CO)CSC[C@@H]([NH3+])C1=CC=C2OCCCOC2=C1']"
6,97,CCSCCN1CCN(c2nc(OC)ccc2N)CC1C(=O)NCc1ccc(N(C)C)cc1,0.01,0.03325,0.2,0.0,0.043725707541445225,149,False,,"{<<<Explanation>>>: The first molecule has a JNK3 score of 0.09 and contains a bis-thiol (CCSCC) moiety linked to a substituted aniline with dimethylamino groups and a methoxyphenyl group, suggesting some affinity for JNK3. The second molecule has a score of 0.06 and features a methoxy-substituted pyrimidine ring linked to a chiral azetidine-like structure with a positive charge, indicating a different scaffold with moderate activity.

To improve the JNK3 score, I propose combining the key features of both molecules: the bis-thiol moiety from the first molecule, which might contribute to binding via sulfur interactions, and the methoxy-substituted heterocycle from the second molecule, which may enhance binding affinity and specificity. Additionally, I will introduce a piperazine ring as a linker to improve solubility and flexibility, and maintain the dimethylamino substitution to preserve the basicity and potential hydrogen bonding.

This hybrid molecule is expected to have improved interactions with JNK3 due to the combination of sulfur-containing groups and heterocyclic aromatic systems, potentially increasing the JNK3 score beyond 0.09.

<<<Molecule>>>: \box{CCSCCN1CCN(c2nc(OC)ccc2N)CC1C(=O)NCc3ccc(N(C)C)cc3} }","I have two molecules and their JNK3 scores. The JNK3 score measures a molecular's biological activity against JNK3.


[CCSCC(C)N(C)C(=O)NCc1ccc(Nc2ccccc2OC)cc1N(C)C,0.09]
[COc1nc(N[C@@H]2C[NH+]3CCC2CC3)ccc1N,0.06]Please propose a new molecule that has a higher JNK3 score. You can either make crossover and mutations based on the given molecules or just propose a new molecule based on your knowledge.



Your output should follow the format: {<<<Explaination>>>: $EXPLANATION, <<<Molecule>>>: \box{$Molecule}}. Here are the requirements:

        

1. $EXPLANATION should be your analysis.
2. The $Molecule should be the smiles of your propsosed molecule.
3. The molecule should be valid.
        "
6,98,O=C(CCn1nnc2cc(-c3noc(Cc4ccc(Cl)cc4)n3)ccc21)N1CCCC1,0.0,0.03325,0.2,0.0,0.043725707541445225,149,False,,,
6,99,CCS(=O)(=O)c1ccc(C(=O)Nc2cc(C)nn2-c2nc3c(Cl)cccc3s2)cc1,0.0,0.03325,0.2,0.0,0.043725707541445225,149,False,,,
6,100,CC[NH2+][C@@H](C)[C@@H]1CCCC(C)(C)CC1,0.0,0.03325,0.2,0.0,0.043725707541445225,149,False,,,
6,101,C/C=C/C(=O)NCC(=O)Nc1cccc(C)c1C,0.0,0.03325,0.2,0.0,0.043725707541445225,149,False,,,
6,102,CC(C)OCCS(=O)(=O)N1CC(N2CC[NH2+]CC2)C1,0.0,0.03325,0.2,0.0,0.043725707541445225,149,False,,,
6,103,COc1ccc(CNC(=O)Nc2ccc(CC(N)=O)cc2)cc1OC,0.0,0.03325,0.2,0.0,0.043725707541445225,149,False,,,
6,104,Cc1nc2ccc(NC(=O)N3CCC[C@@H](C)CC3)cc2o1,0.0,0.03325,0.2,0.0,0.043725707541445225,149,False,,,
6,105,CCN(Cc1ccc(OC)cc1)C(=O)[C@H](C)Cc1ccccc1F,0.0,0.03325,0.2,0.0,0.043725707541445225,149,False,,,
6,106,COc1ccc(Oc2ccc(Cl)nn2)cc1,0.0,0.03325,0.2,0.0,0.043725707541445225,149,False,,,
6,107,O=C(NCc1ccccc1)c1cccc(S(=O)(=O)N2CCCCCC2)c1,0.0,0.03325,0.2,0.0,0.043725707541445225,149,False,,,
6,108,CCc1ccc(C(=O)OCC(=O)C2=c3ccccc3=[NH+]C2)cc1,0.0,0.03325,0.2,0.0,0.043725707541445225,149,False,,,
6,109,Cc1ccc(C(=O)CCC(=O)NCc2ccncc2)cc1,0.0,0.03325,0.2,0.0,0.043725707541445225,149,False,,,
6,110,CC(C)CN1CCO[C@@H](CNC(=O)c2ccc3[nH]nnc3c2)C1,0.0,0.03325,0.2,0.0,0.043725707541445225,149,False,,,
6,111,CCC(=O)Nc1ccc(C)c(NC(=O)C[C@@H]2CCCO2)c1,0.0,0.03325,0.2,0.0,0.043725707541445225,149,False,,,
6,112,C[C@H](SCCN1C(=O)NC(C)(C)C1=O)C(=O)NC1CCCCC1,0.0,0.03325,0.2,0.0,0.043725707541445225,149,False,,,
6,113,CC[C@@H](C)[C@H](C)[NH+](Cc1ccccc1NC(C)=O)C1CC1,0.0,0.03325,0.2,0.0,0.043725707541445225,149,False,,,
6,114,O=C(NCCC(F)(F)F)N1CCOc2ccccc2C1,0.0,0.03325,0.2,0.0,0.043725707541445225,149,False,,,
6,115,CCC(=O)Oc1ccc2cc(C(=O)NCCc3ccccc3)c(=O)oc2c1,0.0,0.03325,0.2,0.0,0.043725707541445225,149,False,,,
6,116,CCc1ccccc1NC(=O)CN(C)c1cnn(C)c(=O)c1Cl,0.0,0.03325,0.2,0.0,0.043725707541445225,149,False,,,
6,117,C[C@@](O)(CNC(=O)N[C@@H](c1ccccc1)C1CCCC1)CN1CCOCC1,0.0,0.03325,0.2,0.0,0.043725707541445225,149,False,,,
6,118,CCOC(=O)c1ccc(NS(=O)(=O)c2ccc3c(c2)N(C(C)=O)CCO3)cc1,0.0,0.03325,0.2,0.0,0.043725707541445225,149,False,,,
6,119,COc1ccc(C[C@H](C)CNC(=O)Cc2c(C)noc2C)cc1,0.0,0.03325,0.2,0.0,0.043725707541445225,149,False,,,
6,120,C#CCN(CC(=O)[O-])C(=O)c1nc(CC)n[n-]1,0.0,0.03325,0.2,0.0,0.043725707541445225,149,False,,,
7,1,COc1ccccc1C(=O)Nc1ccc2c(N3CCCC3)ncnc2c1,0.2,0.03808333333333334,0.2,0.0,0.046319467349652844,154,False,,"{<<<Explanation>>>: Both given molecules share a common scaffold: a benzamide linked to a bicyclic system containing a substituted pyrimidine fused to a phenyl ring, with a piperidine or azetidine ring attached to the nitrogen. The difference lies in the ring size and substitution on the nitrogen-containing ring: one has a 4-membered azetidine ring with a methylene bridge ([CH]CCC) and a methoxy group on the phenyl ring (score 0.15), the other has a 5-membered piperidine ring (CCCC) and a methyl group on the phenyl ring (score 0.19). The piperidine ring and methyl substitution seem to improve activity.

To propose a molecule with potentially higher JNK3 activity, I will combine the beneficial features: keep the piperidine ring (which gave a higher score) and introduce a methoxy group on the phenyl ring (which might enhance binding via electronic effects or H-bonding). Additionally, I will replace the methyl group on the phenyl ring with a methoxy group to increase polarity and potential interactions. This hybrid molecule might have improved binding affinity and thus a higher JNK3 score.

<<<Molecule>>>: \box{COc1ccccc1C(=O)Nc1ccc2c(N3CCCC3)ncnc2c1}}","I have two molecules and their JNK3 scores. The JNK3 score measures a molecular's biological activity against JNK3.


[COc1ccccc1C(=O)Nc1ccc2c(N3[CH]CCC3)ncnc2c1,0.15]
[Cc1ccccc1C(=O)Nc1ccc2c(N3CCCC3)ncnc2c1,0.19]Please propose a new molecule that has a higher JNK3 score. You can either make crossover and mutations based on the given molecules or just propose a new molecule based on your knowledge.



Your output should follow the format: {<<<Explaination>>>: $EXPLANATION, <<<Molecule>>>: \box{$Molecule}}. Here are the requirements:

        

1. $EXPLANATION should be your analysis.
2. The $Molecule should be the smiles of your propsosed molecule.
3. The molecule should be valid.
        "
7,2,Cc1ccccc1C(=O)Nc1ccc2c(N3CCCC3)ncnc2c1,0.19,0.03808333333333334,0.2,0.0,0.046319467349652844,154,False,,,
7,3,Cc1ccc(O)cc1C(=O)Nc1ccc2c(N3CCCC3)ncnc2c1,0.19,0.03808333333333334,0.2,0.0,0.046319467349652844,154,False,,"{<<<Explanation>>>: Both given molecules share a common core structure: a substituted aminopyrimidine fused to a phenyl ring with a piperidine (N3CCCC3) substituent. The main difference lies in the acyl substituent attached to the aniline nitrogen: one has a salicylamide moiety (O=C(Nc1ccc2c(N3CCCC3)ncnc2c1)c1ccccc1O) and the other has a methylphenylacetamide (Cc1ccccc1C(=O)Nc1ccc2c(N3CCCC3)ncnc2c1). The second molecule has a slightly higher JNK3 score (0.19 vs 0.18), suggesting that the methylphenylacetamide substitution might be more favorable.

To improve the JNK3 score, I propose combining features from both molecules and introducing a small modification to enhance binding affinity or activity. Specifically, I will:

- Retain the aminopyrimidine-piperidine core.
- Use the methylphenylacetamide moiety from the second molecule, as it has a higher score.
- Introduce a hydroxyl group on the phenyl ring of the methylphenylacetamide to mimic the salicylamide's hydroxyl, potentially improving hydrogen bonding and solubility.
- This hybrid approach may increase interactions with JNK3 and improve activity.

The proposed molecule SMILES is: Cc1ccc(O)cc1C(=O)Nc1ccc2c(N3CCCC3)ncnc2c1

This is a methyl-4-hydroxyphenylacetamide attached to the same core, combining beneficial features from both molecules.

<<<Molecule>>>: \box{Cc1ccc(O)cc1C(=O)Nc1ccc2c(N3CCCC3)ncnc2c1}}","I have two molecules and their JNK3 scores. The JNK3 score measures a molecular's biological activity against JNK3.


[O=C(Nc1ccc2c(N3CCCC3)ncnc2c1)c1ccccc1O,0.18]
[Cc1ccccc1C(=O)Nc1ccc2c(N3CCCC3)ncnc2c1,0.19]Please propose a new molecule that has a higher JNK3 score. You can either make crossover and mutations based on the given molecules or just propose a new molecule based on your knowledge.



Your output should follow the format: {<<<Explaination>>>: $EXPLANATION, <<<Molecule>>>: \box{$Molecule}}. Here are the requirements:

        

1. $EXPLANATION should be your analysis.
2. The $Molecule should be the smiles of your propsosed molecule.
3. The molecule should be valid.
        "
7,4,O=C(Nc1ccc2c(N3CCCC3)ncnc2c1)c1ccccc1O,0.18,0.03808333333333334,0.2,0.0,0.046319467349652844,154,False,,"{<<<Explanation>>>: Both given molecules share a common scaffold: a benzamide linked to a fused bicyclic system containing a piperidine ring. The difference lies in the substituent on the benzene ring attached to the amide: one has a methyl group (–CH3) and the other a methoxy group (–OCH3). The methoxy substituent (electron-donating and capable of hydrogen bonding) slightly improves the JNK3 score (0.2 vs 0.19). To further enhance activity, I propose introducing a stronger electron-donating group that can also engage in hydrogen bonding, such as a hydroxyl group (–OH), which often improves binding affinity by forming additional hydrogen bonds with the target. Additionally, placing the hydroxyl group para to the amide linkage on the benzene ring could optimize interactions. Therefore, I propose replacing the methyl/methoxy substituent with a para-hydroxy group on the benzamide phenyl ring, keeping the rest of the molecule intact. This modification is likely to increase the JNK3 score by improving binding interactions.

<<<Molecule>>>: \box{Oc1ccccc1C(=O)Nc1ccc2c(N3CCCC3)ncnc2c1}}","I have two molecules and their JNK3 scores. The JNK3 score measures a molecular's biological activity against JNK3.


[Cc1ccccc1C(=O)Nc1ccc2c(N3CCCC3)ncnc2c1,0.19]
[COc1ccccc1C(=O)Nc1ccc2c(N3CCCC3)ncnc2c1,0.2]Please propose a new molecule that has a higher JNK3 score. You can either make crossover and mutations based on the given molecules or just propose a new molecule based on your knowledge.



Your output should follow the format: {<<<Explaination>>>: $EXPLANATION, <<<Molecule>>>: \box{$Molecule}}. Here are the requirements:

        

1. $EXPLANATION should be your analysis.
2. The $Molecule should be the smiles of your propsosed molecule.
3. The molecule should be valid.
        "
7,5,COC1=CC(F)=CC=C1C(=O)NC1=CC=C2C(=C1)N=CN=C2C1=CC=CC=C1,0.18,0.03808333333333334,0.2,0.0,0.046319467349652844,154,False,,Fallback to genetic operations due to LLM error: ,"Fallback genetic operation for parents: ['COC1=CC(F)=CC=C1C(=O)NC1=CC=C2C(=C1)N=CN=C2N1CCOCC1', 'CCC[C@@H](C(=O)N1CCN(CC(=O)NC2=C(C)C=CC=C2C)CC1)C1=CC=CC=C1']"
7,6,COc1ccccc1C(=O)Nc1ccc2c(N3[CH]CCC3)ncnc2c1,0.15,0.03808333333333334,0.2,0.0,0.046319467349652844,154,False,,"The first molecule has a higher JNK3 score (0.2) compared to the second (0.02), indicating that the scaffold and substituents in the first molecule are more favorable for JNK3 activity. The first molecule features a methoxyphenyl group linked via an amide to a bicyclic heterocycle containing a piperidine ring fused to a purine-like system. The second molecule has a charged imidazole and a piperidine linked to a substituted pyrazole, but with lower activity.

To improve activity, I propose combining the favorable amide linkage and methoxyphenyl group from the first molecule with the bicyclic heterocycle and piperidine ring from the second molecule, but modifying the heterocycle to include nitrogen atoms that may enhance binding. Additionally, adding a methoxy group to the phenyl ring may improve interactions.

Thus, I propose a molecule with a methoxyphenyl amide linked to a fused bicyclic system containing a piperidine and a purine-like heterocycle, incorporating the chiral center from the second molecule to potentially improve binding affinity.","I have two molecules and their JNK3 scores. The JNK3 score measures a molecular's biological activity against JNK3.


[COc1ccccc1C(=O)Nc1ccc2c(N3CCCC3)ncnc2c1,0.2]
[Cc1[nH+]ccn1Cc1nnc([C@@H]2CCC[NH+](Cc3cccnc3)C2)n1C,0.02]Please propose a new molecule that has a higher JNK3 score. You can either make crossover and mutations based on the given molecules or just propose a new molecule based on your knowledge.



Your output should follow the format: {<<<Explaination>>>: $EXPLANATION, <<<Molecule>>>: \box{$Molecule}}. Here are the requirements:

        

1. $EXPLANATION should be your analysis.
2. The $Molecule should be the smiles of your propsosed molecule.
3. The molecule should be valid.
        "
7,7,COC1=CC(F)=CC=C1C(=O)NC1=CC=C2C(=C1)N=CN=C2N1CCCC1,0.14,0.03808333333333334,0.2,0.0,0.046319467349652844,154,False,,,
7,8,COC1=CC(F)=CC=C1C(=O)NC1=CC=C2C(=C1)N=CN=C2N1CCOCC1,0.14,0.03808333333333334,0.2,0.0,0.046319467349652844,154,False,,,
7,9,COc1ccc(C(F)(F)F)cc1C(=O)Nc1ccc2c(N3[CH]CCC3)ncnc2c1,0.14,0.03808333333333334,0.2,0.0,0.046319467349652844,154,False,,"The first molecule has a higher JNK3 score (0.15) compared to the second (0.04), indicating better activity. The first molecule features a methoxyphenyl group linked via an amide to a bicyclic heterocycle containing a nitrogen-rich fused ring system, which likely contributes to its higher activity. The second molecule has a nitro-substituted phenyl ring and a trifluoromethyl group on a lactam ring, but its activity is lower.

To improve activity, I propose combining the favorable features of both molecules: retain the bicyclic heterocycle and amide linkage from the first molecule, but introduce the trifluoromethyl group from the second molecule to enhance binding affinity and metabolic stability. Specifically, I will modify the first molecule by adding a trifluoromethyl group on the phenyl ring (para to the methoxy group) to potentially increase hydrophobic interactions and improve activity.

This hybrid approach leverages the higher activity scaffold of the first molecule and the beneficial trifluoromethyl substitution from the second.","I have two molecules and their JNK3 scores. The JNK3 score measures a molecular's biological activity against JNK3.


[COc1ccccc1C(=O)Nc1ccc2c(N3[CH]CCC3)ncnc2c1,0.15]
[CC(=O)c1ccc(N[C@H]2CC(=O)N(CC(F)(F)F)C2)c([N+](=O)[O-])c1,0.04]Please propose a new molecule that has a higher JNK3 score. You can either make crossover and mutations based on the given molecules or just propose a new molecule based on your knowledge.



Your output should follow the format: {<<<Explaination>>>: $EXPLANATION, <<<Molecule>>>: \box{$Molecule}}. Here are the requirements:

        

1. $EXPLANATION should be your analysis.
2. The $Molecule should be the smiles of your propsosed molecule.
3. The molecule should be valid.
        "
7,10,COc1ccccc1C(=O)Nc1ccc2c(N3CCCN3)ncnc2c1,0.14,0.03808333333333334,0.2,0.0,0.046319467349652844,154,False,,"{<<<Explanation>>>: The first molecule has a JNK3 score of 0.15, which is higher than the second molecule's 0.07. The first molecule features a methoxyphenyl group linked to a bicyclic heterocycle containing a nitrogen bridge, while the second molecule has a more complex structure with nitro groups and a charged amine. Nitro groups and charged groups often reduce cell permeability and can negatively impact activity. To improve the JNK3 score, I propose to combine the favorable features of the first molecule (the methoxyphenyl and bicyclic heterocycle) with a less polar, less charged substituent inspired by the second molecule's amine side chain but without the nitro groups. Specifically, I will replace the nitro-substituted aromatic amine in the second molecule with a simpler, neutral amine side chain attached to the bicyclic core of the first molecule, maintaining the methoxyphenyl group and the amide linkage. This hybrid should improve binding affinity and biological activity by preserving key interactions and reducing polarity and charge that may hinder activity.

<<<Molecule>>>: \box{COc1ccccc1C(=O)Nc1ccc2c(N3CCCN3)ncnc2c1} }","I have two molecules and their JNK3 scores. The JNK3 score measures a molecular's biological activity against JNK3.


[COc1ccccc1C(=O)Nc1ccc2c(N3[CH]CCC3)ncnc2c1,0.15]
[O=C(NCC1CCC[NH+](Cc2cc(O)ccc2[N+](=O)[O-])C1)Nc1ccc(Cn2cc(Cl)c([N+](=O)[O-])n2)cc1,0.07]Please propose a new molecule that has a higher JNK3 score. You can either make crossover and mutations based on the given molecules or just propose a new molecule based on your knowledge.



Your output should follow the format: {<<<Explaination>>>: $EXPLANATION, <<<Molecule>>>: \box{$Molecule}}. Here are the requirements:

        

1. $EXPLANATION should be your analysis.
2. The $Molecule should be the smiles of your propsosed molecule.
3. The molecule should be valid.
        "
7,11,COc1ccc(C(=O)N2CCCC(C(=O)Nc3ccc(-c4ccncc4)cc3)C2)cc1,0.12,0.03808333333333334,0.2,0.0,0.046319467349652844,154,False,,"Both given molecules have relatively low JNK3 scores (0.06 and 0.05), indicating modest activity. The first molecule features a piperidine ring linked to an amide and a substituted phenyl ring with a pyrazole moiety, while the second molecule contains a methoxy-substituted aromatic system with a nitro group and an amide linkage. To potentially increase JNK3 activity, I propose combining the amide-linked aromatic system from the first molecule with the electron-donating methoxy groups from the second molecule to enhance binding affinity and improve interactions with the JNK3 active site. Additionally, replacing the pyrazole ring with a more planar heterocycle like a pyridine could improve stacking interactions. Therefore, I propose a molecule with a piperidine ring linked via an amide to a methoxy-substituted phenyl ring, which is further connected to a pyridine ring. This hybrid design aims to improve binding affinity and thus increase the JNK3 score.","I have two molecules and their JNK3 scores. The JNK3 score measures a molecular's biological activity against JNK3.


[Cc1nonc1CC(=O)N1CCC[C@H](C(=O)Nc2ccc(-c3ccn[nH]3)cc2)C1,0.06]
[COc1ccc(CNC(=O)c2cc(OC)c(OC)cc2[N+](=O)[O-])cn1,0.05]Please propose a new molecule that has a higher JNK3 score. You can either make crossover and mutations based on the given molecules or just propose a new molecule based on your knowledge.



Your output should follow the format: {<<<Explaination>>>: $EXPLANATION, <<<Molecule>>>: \box{$Molecule}}. Here are the requirements:

        

1. $EXPLANATION should be your analysis.
2. The $Molecule should be the smiles of your propsosed molecule.
3. The molecule should be valid.
        "
7,12,COc1ccc(CN2CCC(CNC(=O)c3c[nH]nc3-c3ccc(Cl)c([N+](=O)[O-])c3)CC2)cc1,0.11,0.03808333333333334,0.2,0.0,0.046319467349652844,154,False,,"{<<<Explanation>>>: Both given molecules have a JNK3 score of 0.05, indicating relatively low activity. They share some common features: an amide linkage connected to heterocyclic systems and aromatic rings with electron-withdrawing groups (Cl, NO2). To potentially increase JNK3 activity, I propose combining favorable features from both molecules: the pyrazole-based heterocycle from the first molecule and the nitro-substituted chlorinated aromatic ring from the second molecule. Additionally, introducing a methoxy group on the aromatic ring (as in the first molecule) may enhance binding through electronic effects. I also suggest replacing the piperidinium ring (positively charged nitrogen in the first molecule) with a neutral piperidine to reduce potential off-target interactions and improve membrane permeability. This crossover and mutation aim to improve binding affinity and biological activity against JNK3. 

<<<Molecule>>>: \box{COc1ccc(CN2CCC(CNC(=O)c3c[nH]nc3-c3ccc(Cl)c([N+](=O)[O-])c3)CC2)cc1}}}","I have two molecules and their JNK3 scores. The JNK3 score measures a molecular's biological activity against JNK3.


[COc1ccc(C[NH+]2CCC(CNC(=O)c3c[nH]nc3-c3ccc(Cl)cc3)CC2)cc1,0.05]
[Cc1nn(C)cc1CNC(=O)c1ccc(Cn2cc(Cl)c([N+](=O)[O-])n2)cc1,0.05]Please propose a new molecule that has a higher JNK3 score. You can either make crossover and mutations based on the given molecules or just propose a new molecule based on your knowledge.



Your output should follow the format: {<<<Explaination>>>: $EXPLANATION, <<<Molecule>>>: \box{$Molecule}}. Here are the requirements:

        

1. $EXPLANATION should be your analysis.
2. The $Molecule should be the smiles of your propsosed molecule.
3. The molecule should be valid.
        "
7,13,CC(=O)Nc1ccc(NCc2csc(-c3cccc(Cl)c3)n2)c(C(F)(F)F)c1,0.11,0.03808333333333334,0.2,0.0,0.046319467349652844,154,False,,"{<<<Explanation>>>: The first molecule has a JNK3 score of 0.06 and contains a complex bicyclic system with a chlorophenyl-thiazole moiety and fluorinated aromatic rings, suggesting that halogenation and heterocyclic structures contribute to activity. The second molecule has a slightly higher score of 0.08 and features an acetamide linked to a trifluoromethyl-substituted aromatic ring and a fluorobenzyl amine, indicating that electron-withdrawing groups like CF3 and fluorine on aromatic rings may enhance activity. To propose a molecule with a potentially higher JNK3 score, I will combine features from both molecules: retain the acetamide and trifluoromethyl-substituted aromatic ring from the second molecule for potency, and introduce a heterocyclic thiazole ring with a chlorophenyl substituent from the first molecule to enhance binding affinity. Additionally, I will keep fluorine substituents to maintain electron-withdrawing effects. This hybrid molecule is expected to have improved interactions with JNK3, potentially increasing the score beyond 0.08. 

<<<Molecule>>>: \box{CC(=O)Nc1ccc(NCc2csc(n2)C3=CC=CC(Cl)=C3)c(C(F)(F)F)c1}}","I have two molecules and their JNK3 scores. The JNK3 score measures a molecular's biological activity against JNK3.


[COC1=CC(F)=C(NC(=O)C=C2CN(C(=O)NC3=NC=C(CC4=CC=CC(Cl)=C4)S3)C2)C=C1F,0.06]
[CC(=O)Nc1ccc(NCc2ccccc2F)c(C(F)(F)F)c1,0.08]Please propose a new molecule that has a higher JNK3 score. You can either make crossover and mutations based on the given molecules or just propose a new molecule based on your knowledge.



Your output should follow the format: {<<<Explaination>>>: $EXPLANATION, <<<Molecule>>>: \box{$Molecule}}. Here are the requirements:

        

1. $EXPLANATION should be your analysis.
2. The $Molecule should be the smiles of your propsosed molecule.
3. The molecule should be valid.
        "
7,14,COc1ccccc1C(=O)N1CCCC(C(=O)Nc2ccc(-c3ccncc3)cc2)C1,0.1,0.03808333333333334,0.2,0.0,0.046319467349652844,154,False,,"{<<<Explanation>>>: The first molecule has a JNK3 score of 0.12 and features a piperidine ring linked to an amide and a methoxyphenyl group, with an additional amide connected to a biphenyl-pyridine moiety. The second molecule has a higher score of 0.2 and contains a methoxyphenyl group connected via an amide to a fused bicyclic system with a piperidine ring incorporated in the structure. The second molecule’s fused bicyclic system with a nitrogen heterocycle likely contributes to better binding affinity.

To propose a molecule with a potentially higher JNK3 score, I will combine the favorable features of both molecules: the methoxyphenyl amide from the second molecule and the biphenyl-pyridine moiety from the first molecule, while maintaining the piperidine ring that may enhance binding. Specifically, I will design a molecule where the methoxyphenyl amide is connected to a piperidine ring, which is further connected via an amide to the biphenyl-pyridine fragment. This hybrid should retain key pharmacophores and possibly improve activity.

<<<Molecule>>>: \box{COc1ccccc1C(=O)N2CCCC(C(=O)Nc3ccc(-c4ccncc4)cc3)C2}}}","I have two molecules and their JNK3 scores. The JNK3 score measures a molecular's biological activity against JNK3.


[COc1ccc(C(=O)N2CCCC(C(=O)Nc3ccc(-c4ccncc4)cc3)C2)cc1,0.12]
[COc1ccccc1C(=O)Nc1ccc2c(N3CCCC3)ncnc2c1,0.2]Please propose a new molecule that has a higher JNK3 score. You can either make crossover and mutations based on the given molecules or just propose a new molecule based on your knowledge.



Your output should follow the format: {<<<Explaination>>>: $EXPLANATION, <<<Molecule>>>: \box{$Molecule}}. Here are the requirements:

        

1. $EXPLANATION should be your analysis.
2. The $Molecule should be the smiles of your propsosed molecule.
3. The molecule should be valid.
        "
7,15,CCSCC(C)N(C)C(=O)NCc1ccc(Nc2ccccc2OC)cc1N(C)C,0.09,0.03808333333333334,0.2,0.0,0.046319467349652844,154,False,,"Both given molecules have very low JNK3 scores (0.02 and 0.01), indicating weak activity. The first molecule features a peptide-like backbone with an amide linkage and aromatic substitution, while the second has a bicyclic system with a positively charged amine and a bulky tert-butyl ether group. To improve JNK3 activity, it is often beneficial to combine features that enhance binding affinity, such as maintaining the amide linkage for hydrogen bonding and incorporating aromatic or heteroaromatic rings for π-π stacking interactions. Additionally, reducing steric hindrance and optimizing the basic amine groups can improve binding. I propose a molecule that merges the amide backbone and aromatic substitution from the first molecule with a less bulky, more planar bicyclic aromatic system inspired by the second molecule, replacing the bulky tert-butyl group with a simpler methoxy group to reduce steric hindrance and maintain polarity. This hybrid molecule should have improved binding potential and thus a higher JNK3 score.","I have two molecules and their JNK3 scores. The JNK3 score measures a molecular's biological activity against JNK3.


[CCSC[C@@H](C)N(C)C(=O)NCc1ccc(C)cc1N(C)C,0.02]
[CC(C)C[C@H]1C[NH2+]CC[C@@H]1c1cccc2c1OC(C)(C)C2,0.01]Please propose a new molecule that has a higher JNK3 score. You can either make crossover and mutations based on the given molecules or just propose a new molecule based on your knowledge.



Your output should follow the format: {<<<Explaination>>>: $EXPLANATION, <<<Molecule>>>: \box{$Molecule}}. Here are the requirements:

        

1. $EXPLANATION should be your analysis.
2. The $Molecule should be the smiles of your propsosed molecule.
3. The molecule should be valid.
        "
7,16,CC1=CC=C(Cl)C(O[C@H](C)C(=O)NC2=NC(C3=CC=C([C@@H](C)CC4=CC(O)=CC=C4[N+](=O)[O-])C=C3)=CS2)=C1,0.09,0.03808333333333334,0.2,0.0,0.046319467349652844,154,False,,Fallback to genetic operations due to LLM error: ,"Fallback genetic operation for parents: ['CC(=O)N[C@H](C)C1=CC=C(C2=CSC(NC(=O)[C@@H](C)OC3=CC(C)=CC=C3Cl)=N2)C=C1', 'O=C(NC[C@H]1CCC[NH+](CC2=CC(O)=CC=C2[N+](=O)[O-])C1)C1=CC=CC=C1']"
7,17,CC(=O)Nc1ccc(NCc2ccccc2F)c(C(F)(F)F)c1,0.08,0.03808333333333334,0.2,0.0,0.046319467349652844,154,False,,,
7,18,O=C(N1CCOCC1)C12C[C@H]3C[C@@H](C1)CC(c1ccc([N+](=O)[O-])cc1)(C3)C2,0.07,0.03808333333333334,0.2,0.0,0.046319467349652844,154,False,,,
7,19,O=C(NCC1CCC[NH+](Cc2cc(O)ccc2[N+](=O)[O-])C1)Nc1ccc(Cn2cc(Cl)c([N+](=O)[O-])n2)cc1,0.07,0.03808333333333334,0.2,0.0,0.046319467349652844,154,False,,"{<<<Explanation>>>: Both given molecules have low JNK3 scores (0.05), indicating weak activity. To improve activity, we can combine favorable features from both molecules. The first molecule has a chiral piperidine ring linked to a phenol substituted with a nitro group, while the second molecule contains a pyrazole ring with a nitro and chloro substitution and an amide linkage to a methylated pyrazole. Nitro groups and halogens often enhance binding affinity through electronic effects and interactions with the kinase active site. To propose a molecule with potentially higher JNK3 activity, I suggest a hybrid structure that retains the piperidine ring from the first molecule (important for conformational rigidity and binding) and incorporates the pyrazole ring with chloro and nitro substituents from the second molecule, connected via an amide linker to a phenyl ring. This design aims to combine the key pharmacophores and improve binding interactions with JNK3. The proposed molecule is: O=C(NC[C@H]1CCC[NH+](Cc2cc(O)ccc2[N+](=O)[O-])C1)Nc3ccc(Cn4cc(Cl)c([N+](=O)[O-])n4)cc3. This molecule is valid and merges the structural motifs that may enhance JNK3 inhibition. , <<<Molecule>>>: \box{O=C(NC[C@H]1CCC[NH+](Cc2cc(O)ccc2[N+](=O)[O-])C1)Nc3ccc(Cn4cc(Cl)c([N+](=O)[O-])n4)cc3}}","I have two molecules and their JNK3 scores. The JNK3 score measures a molecular's biological activity against JNK3.


[O=C(NC[C@H]1CCC[NH+](Cc2cc(O)ccc2[N+](=O)[O-])C1)c1ccccc1,0.05]
[Cc1nn(C)cc1CNC(=O)c1ccc(Cn2cc(Cl)c([N+](=O)[O-])n2)cc1,0.05]Please propose a new molecule that has a higher JNK3 score. You can either make crossover and mutations based on the given molecules or just propose a new molecule based on your knowledge.



Your output should follow the format: {<<<Explaination>>>: $EXPLANATION, <<<Molecule>>>: \box{$Molecule}}. Here are the requirements:

        

1. $EXPLANATION should be your analysis.
2. The $Molecule should be the smiles of your propsosed molecule.
3. The molecule should be valid.
        "
7,20,Cc1nonc1CC(=O)N1CCC[C@H](C(=O)Nc2ccc(-c3ccn[nH]3)cc2)C1,0.06,0.03808333333333334,0.2,0.0,0.046319467349652844,154,False,,,
7,21,Fc1ccc2oc(C[NH2+]C[C@@H]3CN4CCCC[C@@H]4CO3)cc2c1,0.06,0.03808333333333334,0.2,0.0,0.046319467349652844,154,False,,,
7,22,Cc1ccc([C@H](C)NC(=O)N[C@H]2CC(=O)N(C3CC3)C2)cc1[N+](=O)[O-],0.06,0.03808333333333334,0.2,0.0,0.046319467349652844,154,False,,,
7,23,COc1nc(N[C@@H]2C[NH+]3CCC2CC3)ccc1N,0.06,0.03808333333333334,0.2,0.0,0.046319467349652844,154,False,,,
7,24,COC1=CC(F)=C(NC(=O)C=C2CN(C(=O)NC3=NC=C(CC4=CC=CC(Cl)=C4)S3)C2)C=C1F,0.06,0.03808333333333334,0.2,0.0,0.046319467349652844,154,False,,Fallback to genetic operations due to LLM error: ,"Fallback genetic operation for parents: ['COC1=CC(F)=C(NC(=O)C=C2CN(C(=O)NC3=NC=NC4=C3CCC4)C2)C=C1F', 'C[NH+]1CCC(NC(=O)NC2=NC=C(CC3=CC=CC(Cl)=C3)S2)CC1']"
7,25,COc1ccc(CNC(=O)c2cc(OC)c(OC)cc2[N+](=O)[O-])cn1,0.05,0.03808333333333334,0.2,0.0,0.046319467349652844,154,False,,,
7,26,CS[C@@H](C)C1=CC=CC(NC(=O)C2=CN(C)N=C2C2=CC=CC=C2)=C1,0.05,0.03808333333333334,0.2,0.0,0.046319467349652844,154,False,,,
7,27,Cc1nn(C)cc1CNC(=O)c1ccc(Cn2cc(Cl)c([N+](=O)[O-])n2)cc1,0.05,0.03808333333333334,0.2,0.0,0.046319467349652844,154,False,,,
7,28,COc1ccc(C[NH+]2CCC(CNC(=O)c3c[nH]nc3-c3ccc(Cl)cc3)CC2)cc1,0.05,0.03808333333333334,0.2,0.0,0.046319467349652844,154,False,,,
7,29,O=C(NC[C@H]1CCC[NH+](CC2=CC(O)=CC=C2[N+](=O)[O-])C1)C1=CC=CC=C1,0.05,0.03808333333333334,0.2,0.0,0.046319467349652844,154,False,,,
7,30,Cc1ccccc1C(=O)Nc1ccc2c(N3CCCC3)ncnc2c1-c1cc(Cl)cc(Cl)c1,0.05,0.03808333333333334,0.2,0.0,0.046319467349652844,154,False,,"The first molecule has a very low JNK3 score (0.02), while the second molecule has a higher score (0.19). The second molecule contains a fused bicyclic system with a purine-like scaffold and a piperidine ring, which might contribute to better binding affinity. The first molecule has a different scaffold with a bicyclic lactam and dichlorophenyl group but lower activity. To design a molecule with potentially higher JNK3 activity, I propose combining the purine-like bicyclic core and the piperidine ring from the second molecule with the dichlorophenyl substituent from the first molecule, as halogenated aromatic rings often enhance binding through hydrophobic and halogen bonding interactions. Additionally, I will keep the amide linkage to maintain hydrogen bonding potential. This hybrid molecule might improve binding affinity and thus increase the JNK3 score.","I have two molecules and their JNK3 scores. The JNK3 score measures a molecular's biological activity against JNK3.


[C=C(C)CN(C)C(=O)CN1CC2=C(C1=O)[C@@H](c1ccc(Cl)cc1Cl)NC(=O)N2CC,0.02]
[Cc1ccccc1C(=O)Nc1ccc2c(N3CCCC3)ncnc2c1,0.19]Please propose a new molecule that has a higher JNK3 score. You can either make crossover and mutations based on the given molecules or just propose a new molecule based on your knowledge.



Your output should follow the format: {<<<Explaination>>>: $EXPLANATION, <<<Molecule>>>: \box{$Molecule}}. Here are the requirements:

        

1. $EXPLANATION should be your analysis.
2. The $Molecule should be the smiles of your propsosed molecule.
3. The molecule should be valid.
        "
7,31,CSC(C)c1ccc(NC(=O)c2cn(C)nc2-c2ccccc2)cc1F,0.05,0.03808333333333334,0.2,0.0,0.046319467349652844,154,False,,"{<<<Explanation>>>: The first molecule has a higher JNK3 score (0.05) compared to the second (0.01), indicating that the scaffold with the substituted aniline linked to a methylated purine-like heterocycle is more active. The second molecule contains a thiosemicarbazide moiety attached to a hydroxy-biphenyl system with a fluorophenyl amide, which shows lower activity. To improve activity, I propose combining the key features of the first molecule (the aniline-purine amide scaffold) with a fluorine substituent on the phenyl ring to potentially enhance binding affinity and metabolic stability. Introducing a fluorine on the phenyl ring of the first molecule may increase lipophilicity and binding interactions, potentially increasing the JNK3 score. This is a mutation of the first molecule by adding a fluorine substituent on the phenyl ring para to the amide linkage.

<<<Molecule>>>: \box{CS[C@@H](C)C1=CC=C(C=C1F)NC(=O)C2=CN(C)N=C2C3=CC=CC=C3}}","I have two molecules and their JNK3 scores. The JNK3 score measures a molecular's biological activity against JNK3.


[CS[C@@H](C)C1=CC=CC(NC(=O)C2=CN(C)N=C2C2=CC=CC=C2)=C1,0.05]
[O=C(NC(=S)Nc1c(O)ccc2ccccc12)c1cccc(F)c1,0.01]Please propose a new molecule that has a higher JNK3 score. You can either make crossover and mutations based on the given molecules or just propose a new molecule based on your knowledge.



Your output should follow the format: {<<<Explaination>>>: $EXPLANATION, <<<Molecule>>>: \box{$Molecule}}. Here are the requirements:

        

1. $EXPLANATION should be your analysis.
2. The $Molecule should be the smiles of your propsosed molecule.
3. The molecule should be valid.
        "
7,32,CC1=CC=C(NC(=O)CN2C(=O)S/C(=C/C3=C(F)C=CC=C3Cl)C2=O)C=C1,0.04,0.03808333333333334,0.2,0.0,0.046319467349652844,154,False,,,
7,33,C[C@H](NC(=O)NCC1=CC=CC2=CC=CN=C21)C1=CN(C)N=C1,0.04,0.03808333333333334,0.2,0.0,0.046319467349652844,154,False,,,
7,34,CC(=O)c1ccc(N[C@H]2CC(=O)N(CC(F)(F)F)C2)c([N+](=O)[O-])c1,0.04,0.03808333333333334,0.2,0.0,0.046319467349652844,154,False,,,
7,35,Cc1cnc(C[NH+](C)CCCc2cc(-c3ccc(F)cc3)[nH]n2)o1,0.04,0.03808333333333334,0.2,0.0,0.046319467349652844,154,False,,,
7,36,CC(=O)N[C@H](C)C1=CC=C(C2=CSC(NC(=O)[C@@H](C)OC3=CC(C)=CC=C3Cl)=N2)C=C1,0.04,0.03808333333333334,0.2,0.0,0.046319467349652844,154,False,,,
7,37,CC(C)N1C=CC(CCNCC2=CN=C(C3=CSC=C3)S2)=N1,0.04,0.03808333333333334,0.2,0.0,0.046319467349652844,154,False,,,
7,38,CS[C@@H](C)C1=CC(NC(=O)C2=CN(C)N=C2NC(=O)NCC2=CC=CC3=CC=CN=C32)=CC=C1,0.04,0.03808333333333334,0.2,0.0,0.046319467349652844,154,False,,Fallback to genetic operations due to LLM error: ,"Fallback genetic operation for parents: ['CS[C@@H](C)C1=CC=CC(NC(=O)C2=CN(C)N=C2C2=CC=CC=C2)=C1', 'C[C@H](NC(=O)NCC1=CC=CC2=CC=CN=C21)C1=CN(C)N=C1']"
7,39,Cc1ccc(C(C)NC(=O)N2[CH]OCC2)c([N+](=O)[O-])c1,0.04,0.03808333333333334,0.2,0.0,0.046319467349652844,154,False,,"Both given molecules have relatively low JNK3 scores (0.06 and 0.02), indicating modest activity. The first molecule features a nitro-substituted phenyl ring linked to a chiral amide-containing bicyclic lactam, while the second has a methoxy-substituted bicyclic ether with an amide linked to a substituted phenyl ring. To potentially increase JNK3 activity, I propose combining favorable features: the nitro group from the first molecule (which can enhance binding through electronic effects) and the bicyclic ether scaffold from the second molecule (which may provide conformational rigidity and better fit in the binding site). Additionally, replacing the acetyl group on the phenyl ring with a less electron-withdrawing methyl group might improve binding affinity by modulating electronic properties. This hybrid molecule maintains key hydrogen bonding capabilities and introduces structural elements that could enhance interaction with JNK3, potentially leading to a higher score.","I have two molecules and their JNK3 scores. The JNK3 score measures a molecular's biological activity against JNK3.


[Cc1ccc([C@H](C)NC(=O)N[C@H]2CC(=O)N(C3CC3)C2)cc1[N+](=O)[O-],0.06]
[COc1ccc2c(c1)C[C@@H](C(=O)Nc1ccc(C(C)=O)c(C)c1)CO2,0.02]Please propose a new molecule that has a higher JNK3 score. You can either make crossover and mutations based on the given molecules or just propose a new molecule based on your knowledge.



Your output should follow the format: {<<<Explaination>>>: $EXPLANATION, <<<Molecule>>>: \box{$Molecule}}. Here are the requirements:

        

1. $EXPLANATION should be your analysis.
2. The $Molecule should be the smiles of your propsosed molecule.
3. The molecule should be valid.
        "
7,40,[NH3+]C[C@H](CO)CC1=CC(Br)=CC(NC(=O)CS[C@H]2CCCC3=C2C=CC=C3)=C1,0.04,0.03808333333333334,0.2,0.0,0.046319467349652844,154,False,,Fallback to genetic operations due to LLM error: ,"Fallback genetic operation for parents: ['CC1=NN(C)C(C)=C1NC(=O)CS[C@H]1CCCC2=CC=CC=C21', '[NH3+]C[C@H](CO)CC1=CC(F)=CC(Br)=C1']"
7,41,CC(=O)NC1=CC=C(Cl)C1C1=CC=NC=C1,0.04,0.03808333333333334,0.2,0.0,0.046319467349652844,154,False,,Fallback to genetic operations due to LLM error: ,"Fallback genetic operation for parents: ['CC(=O)NC1=CC=C(NC(=O)C2=NC(Cl)=CC=C2Cl)C=C1C1=CC=NC=C1', 'C=C(C)CN(C)C(=O)CN1CC2=C(C1=O)[C@@H](C1=CC=C(Cl)C=C1Cl)NC(=O)N2CC']"
7,42,C[C@H]([NH2+][C@H]1CCOC1)c1ccnc(Cl)c1,0.03,0.03808333333333334,0.2,0.0,0.046319467349652844,154,False,,,
7,43,COc1cc(-c2noc(C3C[C@@H](C)O[C@@H](C)C3)n2)ccn1,0.03,0.03808333333333334,0.2,0.0,0.046319467349652844,154,False,,,
7,44,COc1cc(C)c(CN2CCN(C(=O)c3ccc(N4CCCCC4)c([N+](=O)[O-])c3)CC2)cc1OC,0.03,0.03808333333333334,0.2,0.0,0.046319467349652844,154,False,,,
7,45,Cc1ccc2nc(N3CCC(C(=O)NCC(C)(C)CO)CC3)nc(C)c2c1,0.03,0.03808333333333334,0.2,0.0,0.046319467349652844,154,False,,,
7,46,C[C@@H]1COCCN1Cc1ccc(C(=O)NN)cn1,0.03,0.03808333333333334,0.2,0.0,0.046319467349652844,154,False,,,
7,47,[NH3+]C[C@H](CO)CC1=CC(F)=CC(Br)=C1,0.03,0.03808333333333334,0.2,0.0,0.046319467349652844,154,False,,,
7,48,C[C@@H](CO)CSC[C@@H]([NH3+])C1=CC=C2OCCCOC2=C1,0.03,0.03808333333333334,0.2,0.0,0.046319467349652844,154,False,,,
7,49,Cc1ccc(-c2ncco2)cc1NC(=O)c1nc(Cl)ccc1Cl,0.03,0.03808333333333334,0.2,0.0,0.046319467349652844,154,False,,,
7,50,O=C(Nc1ccc2c(c1)CCO2)N1CCC[C@H]1c1nc2ccccc2[nH]1,0.03,0.03808333333333334,0.2,0.0,0.046319467349652844,154,False,,,
7,51,N#CCc1ccc2[nH]ccc2n1,0.03,0.03808333333333334,0.2,0.0,0.046319467349652844,154,False,,,
7,52,COC1=CC(F)=C(NC(=O)C=C2CN(C(=O)NC3=NC=NC4=C3CCC4)C2)C=C1F,0.03,0.03808333333333334,0.2,0.0,0.046319467349652844,154,False,,,
7,53,CC(=O)NC1=CC=C(NC(=O)C2=NC(Cl)=CC=C2Cl)C=C1C1=CC=NC=C1,0.03,0.03808333333333334,0.2,0.0,0.046319467349652844,154,False,,,
7,54,CCCCO[C@@H]1C[C@H](NC(=O)c2occc2Br)C1(C)C,0.02,0.03808333333333334,0.2,0.0,0.046319467349652844,154,False,,,
7,55,NC(=O)c1cccc(CNC(=O)CSc2nc3ccccc3o2)c1,0.02,0.03808333333333334,0.2,0.0,0.046319467349652844,154,False,,,
7,56,CCC[C@@H](C(=O)N1CCN(CC(=O)NC2=C(C)C=CC=C2C)CC1)C1=CC=CC=C1,0.02,0.03808333333333334,0.2,0.0,0.046319467349652844,154,False,,,
7,57,COc1ccc([C@H](NC(=O)c2ccc3nccnc3c2)C2CCOCC2)cc1,0.02,0.03808333333333334,0.2,0.0,0.046319467349652844,154,False,,,
7,58,COc1cc(-c2ccccc2)sc1C(=O)NC[C@@H](O)C(C)(C)C,0.02,0.03808333333333334,0.2,0.0,0.046319467349652844,154,False,,,
7,59,Cc1nn(C)cc1CN1C[C@H](CO)OC[C@@H]1C,0.02,0.03808333333333334,0.2,0.0,0.046319467349652844,154,False,,,
7,60,Cc1cc(NC(=O)Nc2cccc(Cl)c2)ncc1Br,0.02,0.03808333333333334,0.2,0.0,0.046319467349652844,154,False,,,
7,61,CCSC[C@@H](C)N(C)C(=O)NCc1ccc(C)cc1N(C)C,0.02,0.03808333333333334,0.2,0.0,0.046319467349652844,154,False,,,
7,62,C=C(C)CN(C)C(=O)CN1CC2=C(C1=O)[C@@H](C1=CC=C(Cl)C=C1Cl)NC(=O)N2CC,0.02,0.03808333333333334,0.2,0.0,0.046319467349652844,154,False,,,
7,63,COc1ccc2c(c1)C[C@@H](C(=O)Nc1ccc(C(C)=O)c(C)c1)CO2,0.02,0.03808333333333334,0.2,0.0,0.046319467349652844,154,False,,,
7,64,Cc1[nH+]ccn1Cc1nnc([C@@H]2CCC[NH+](Cc3cccnc3)C2)n1C,0.02,0.03808333333333334,0.2,0.0,0.046319467349652844,154,False,,,
7,65,COc1ccc([C@@H]2CC(=O)C3=C(C2)N[C@@H]2N=NC(O)=C2[C@H]3c2ccc(Cl)c(Cl)c2)cc1OC,0.02,0.03808333333333334,0.2,0.0,0.046319467349652844,154,False,,,
7,66,C[C@H]1Cc2cc([C@@H](Cl)C3(C)CCCC3)ccc2O1,0.02,0.03808333333333334,0.2,0.0,0.046319467349652844,154,False,,,
7,67,C[NH+]1CCC(NC(=O)NC2=NC=C(CC3=CC=CC(Cl)=C3)S2)CC1,0.02,0.03808333333333334,0.2,0.0,0.046319467349652844,154,False,,,
7,68,O=C(NCC1CCN(C(=O)c2ccccn2)CC1)C(=O)NC1CCCC1,0.02,0.03808333333333334,0.2,0.0,0.046319467349652844,154,False,,,
7,69,C[C@H](Cc1ccsc1)[NH+](C)Cc1cnc(N2CC[NH+](C)CC2)nc1,0.02,0.03808333333333334,0.2,0.0,0.046319467349652844,154,False,,,
7,70,COc1ccc(NC(=O)C[NH+]2CCCN(Cc3cccc(Cl)c3)S2(=O)=O)cc1,0.02,0.03808333333333334,0.2,0.0,0.046319467349652844,154,False,,,
7,71,CSC(C)c1cccc(NC(=O)NC(C)COC2CCOCC2)c1,0.02,0.03808333333333334,0.2,0.0,0.046319467349652844,154,False,,"The first molecule has a JNK3 score of 0.05, which is higher than the second molecule's 0.01. The first molecule features a substituted aniline linked to a methylated purine-like heterocycle, while the second molecule has a bulky tert-butyl group and a morpholine ring. To improve the JNK3 score, I propose combining the key amide linkage and aromatic system from the first molecule with the morpholine ring from the second molecule, which may enhance solubility and binding interactions. Additionally, introducing a small alkyl substitution on the aromatic ring could improve hydrophobic interactions. This hybrid molecule maintains the core amide and aromatic system from the first molecule but replaces the purine moiety with a morpholine-containing amide, potentially increasing activity against JNK3.","I have two molecules and their JNK3 scores. The JNK3 score measures a molecular's biological activity against JNK3.


[CS[C@@H](C)C1=CC=CC(NC(=O)C2=CN(C)N=C2C2=CC=CC=C2)=C1,0.05]
[CCC(C)(C)NC(=O)c1ccc(NC(=O)N[C@@H](C)[C@H]2CCCO2)cc1,0.01]Please propose a new molecule that has a higher JNK3 score. You can either make crossover and mutations based on the given molecules or just propose a new molecule based on your knowledge.



Your output should follow the format: {<<<Explaination>>>: $EXPLANATION, <<<Molecule>>>: \box{$Molecule}}. Here are the requirements:

        

1. $EXPLANATION should be your analysis.
2. The $Molecule should be the smiles of your propsosed molecule.
3. The molecule should be valid.
        "
7,72,O=C1N[C@@H](c2ccccc2F)c2c1oc1ccccc1c2=O,0.01,0.03808333333333334,0.2,0.0,0.046319467349652844,154,False,,,
7,73,CS(=O)(=O)N[C@H]1CCN(c2ccc(Cl)c(F)c2)C1=O,0.01,0.03808333333333334,0.2,0.0,0.046319467349652844,154,False,,,
7,74,CCC(C)(C)NC(=O)c1ccc(NC(=O)N[C@@H](C)[C@H]2CCCO2)cc1,0.01,0.03808333333333334,0.2,0.0,0.046319467349652844,154,False,,,
7,75,CSCC[C@H](NC(=O)N[C@@H]1CCCCC1(C)C)C(=O)[O-],0.01,0.03808333333333334,0.2,0.0,0.046319467349652844,154,False,,,
7,76,CC(C)C(=O)Nc1nc2ccc(CCC(=O)NCc3ccccc3Cl)cc2s1,0.01,0.03808333333333334,0.2,0.0,0.046319467349652844,154,False,,,
7,77,Cc1nn(-c2ccccc2)c(C)c1NC(=O)CN1CCc2cc(F)ccc2C1,0.01,0.03808333333333334,0.2,0.0,0.046319467349652844,154,False,,,
7,78,COc1ccc(C[C@H](C)C[NH+](C)Cc2cn3cccnc3n2)cc1,0.01,0.03808333333333334,0.2,0.0,0.046319467349652844,154,False,,,
7,79,CCc1nsc(NCC(=O)NC(C)(C)C)n1,0.01,0.03808333333333334,0.2,0.0,0.046319467349652844,154,False,,,
7,80,CCCN(C)c1nccn2c(=O)n(CC(=O)Nc3cccc(SC)c3)nc12,0.01,0.03808333333333334,0.2,0.0,0.046319467349652844,154,False,,,
7,81,O=C(Nc1ccc(-c2nnc3n2CCCCC3)cc1)c1ccccc1C(F)(F)F,0.01,0.03808333333333334,0.2,0.0,0.046319467349652844,154,False,,,
7,82,CC(C)c1cccc(C(C)C)c1NC(=O)CCN1C(=O)[C@H]2CC[C@@](C)(C1=O)C2(C)C,0.01,0.03808333333333334,0.2,0.0,0.046319467349652844,154,False,,,
7,83,Cc1cccc(CN(C(=O)c2cccc(N3CCNC3=O)c2)C(C)C)c1,0.01,0.03808333333333334,0.2,0.0,0.046319467349652844,154,False,,,
7,84,COc1ccc(C(=O)N2C[C@@H](C)[NH2+]C[C@H]2C)cc1O,0.01,0.03808333333333334,0.2,0.0,0.046319467349652844,154,False,,,
7,85,O=C(NC(=S)Nc1c(O)ccc2ccccc12)c1cccc(F)c1,0.01,0.03808333333333334,0.2,0.0,0.046319467349652844,154,False,,,
7,86,CC(=O)Nc1ccc(NC(=O)CCc2cnn(-c3ccccc3)c2)cc1,0.01,0.03808333333333334,0.2,0.0,0.046319467349652844,154,False,,,
7,87,COc1cc(F)c(NC(=O)C=C2CN(C(=O)OC(C)(C)C)C2)cc1F,0.01,0.03808333333333334,0.2,0.0,0.046319467349652844,154,False,,,
7,88,C[C@@H](Nc1ccc([N-]S(C)(=O)=O)cc1)C(=O)Nc1ccc2c(c1)OCO2,0.01,0.03808333333333334,0.2,0.0,0.046319467349652844,154,False,,,
7,89,CCC[C@@H]1C[C@@H](Nc2cc(OC)ccc2F)CCO1,0.01,0.03808333333333334,0.2,0.0,0.046319467349652844,154,False,,,
7,90,Cc1ccc(S(=O)(=O)CCC(=O)Oc2ccc(Cl)cc2Cl)cc1,0.01,0.03808333333333334,0.2,0.0,0.046319467349652844,154,False,,,
7,91,CCN(CC(=O)Nc1cccc(OC)c1)C(=O)c1ccc(F)cc1Br,0.01,0.03808333333333334,0.2,0.0,0.046319467349652844,154,False,,,
7,92,COC(=O)[C@@H]1CCCN(C(=O)NC2CCC([NH+]3CCCCC3)CC2)C1,0.01,0.03808333333333334,0.2,0.0,0.046319467349652844,154,False,,,
7,93,O=C(C[NH+]1CCN(c2ccc(C(F)(F)F)cn2)CC1)N1CCC[C@H]1c1ccc2c(c1)OCCO2,0.01,0.03808333333333334,0.2,0.0,0.046319467349652844,154,False,,,
7,94,CC(C)C[C@H]1C[NH2+]CC[C@@H]1c1cccc2c1OC(C)(C)C2,0.01,0.03808333333333334,0.2,0.0,0.046319467349652844,154,False,,,
7,95,Cc1cccc(C[NH+]2CCC[C@@]3(CC[NH+](Cc4cnn(C(C)C)c4)C3)C2)c1,0.01,0.03808333333333334,0.2,0.0,0.046319467349652844,154,False,,,
7,96,CC1=NN(C)C(C)=C1NC(=O)CS[C@H]1CCCC2=CC=CC=C21,0.01,0.03808333333333334,0.2,0.0,0.046319467349652844,154,False,,,
7,97,CC1(C)CN(CCOc2ccc(S(C)(=O)=O)cc2)CC[S@@]1=O,0.01,0.03808333333333334,0.2,0.0,0.046319467349652844,154,False,,,
7,98,O=C(NCc1ccc(N2CCC(O)CC2)c(F)c1)c1ccn(-c2ccc(F)cc2)n1,0.01,0.03808333333333334,0.2,0.0,0.046319467349652844,154,False,,,
7,99,Cc1cc(/C=C(\C#N)C(=O)Nc2ccccc2)c(C)n1-c1ccc(I)cc1,0.01,0.03808333333333334,0.2,0.0,0.046319467349652844,154,False,,,
7,100,COc1ccc(C2CC(=O)N3NC(=O)N(C=C(C)CN)C3C2c2ccc(Cl)cc2Cl)cc1OC,0.01,0.03808333333333334,0.2,0.0,0.046319467349652844,154,False,,"Both given molecules have the same JNK3 score of 0.02, indicating low activity. To improve the JNK3 score, I will combine favorable features from both molecules: the bicyclic core with nitrogen heterocycles from the first molecule, which may provide good binding interactions, and the amide-linked chlorophenyl group from the second molecule, which could enhance binding affinity through hydrophobic and halogen bonding interactions. Additionally, I will introduce a small alkene side chain (from the second molecule) to increase molecular flexibility and potential interactions. This hybrid molecule maintains key pharmacophores and adds diversity to improve activity.","I have two molecules and their JNK3 scores. The JNK3 score measures a molecular's biological activity against JNK3.


[COc1ccc([C@@H]2CC(=O)C3=C(C2)N[C@@H]2N=NC(O)=C2[C@H]3c2ccc(Cl)c(Cl)c2)cc1OC,0.02]
[C=C(C)CN(C)C(=O)CN1CC2=C(C1=O)[C@@H](c1ccc(Cl)cc1Cl)NC(=O)N2CC,0.02]Please propose a new molecule that has a higher JNK3 score. You can either make crossover and mutations based on the given molecules or just propose a new molecule based on your knowledge.



Your output should follow the format: {<<<Explaination>>>: $EXPLANATION, <<<Molecule>>>: \box{$Molecule}}. Here are the requirements:

        

1. $EXPLANATION should be your analysis.
2. The $Molecule should be the smiles of your propsosed molecule.
3. The molecule should be valid.
        "
7,101,C[C@@H](CO)CSC[C@@H]([NH3+])C1=CC=CCC1,0.01,0.03808333333333334,0.2,0.0,0.046319467349652844,154,False,,Fallback to genetic operations due to LLM error: ,"Fallback genetic operation for parents: ['CCC[C@@H](C(=O)N1CCN(CC(=O)NC2=C(C)C=CC=C2C)CC1)C1=CC=CC=C1', 'C[C@@H](CO)CSC[C@@H]([NH3+])C1=CC=C2OCCCOC2=C1']"
7,102,CCSCCN1CCN(c2nc(OC)ccc2N)CC1C(=O)NCc1ccc(N(C)C)cc1,0.01,0.03808333333333334,0.2,0.0,0.046319467349652844,154,False,,"{<<<Explanation>>>: The first molecule has a JNK3 score of 0.09 and contains a bis-thiol (CCSCC) moiety linked to a substituted aniline with dimethylamino groups and a methoxyphenyl group, suggesting some affinity for JNK3. The second molecule has a score of 0.06 and features a methoxy-substituted pyrimidine ring linked to a chiral azetidine-like structure with a positive charge, indicating a different scaffold with moderate activity.

To improve the JNK3 score, I propose combining the key features of both molecules: the bis-thiol moiety from the first molecule, which might contribute to binding via sulfur interactions, and the methoxy-substituted heterocycle from the second molecule, which may enhance binding affinity and specificity. Additionally, I will introduce a piperazine ring as a linker to improve solubility and flexibility, and maintain the dimethylamino substitution to preserve the basicity and potential hydrogen bonding.

This hybrid molecule is expected to have improved interactions with JNK3 due to the combination of sulfur-containing groups and heterocyclic aromatic systems, potentially increasing the JNK3 score beyond 0.09.

<<<Molecule>>>: \box{CCSCCN1CCN(c2nc(OC)ccc2N)CC1C(=O)NCc3ccc(N(C)C)cc3} }","I have two molecules and their JNK3 scores. The JNK3 score measures a molecular's biological activity against JNK3.


[CCSCC(C)N(C)C(=O)NCc1ccc(Nc2ccccc2OC)cc1N(C)C,0.09]
[COc1nc(N[C@@H]2C[NH+]3CCC2CC3)ccc1N,0.06]Please propose a new molecule that has a higher JNK3 score. You can either make crossover and mutations based on the given molecules or just propose a new molecule based on your knowledge.



Your output should follow the format: {<<<Explaination>>>: $EXPLANATION, <<<Molecule>>>: \box{$Molecule}}. Here are the requirements:

        

1. $EXPLANATION should be your analysis.
2. The $Molecule should be the smiles of your propsosed molecule.
3. The molecule should be valid.
        "
7,103,O=C(CCn1nnc2cc(-c3noc(Cc4ccc(Cl)cc4)n3)ccc21)N1CCCC1,0.0,0.03808333333333334,0.2,0.0,0.046319467349652844,154,False,,,
7,104,CCS(=O)(=O)c1ccc(C(=O)Nc2cc(C)nn2-c2nc3c(Cl)cccc3s2)cc1,0.0,0.03808333333333334,0.2,0.0,0.046319467349652844,154,False,,,
7,105,CC[NH2+][C@@H](C)[C@@H]1CCCC(C)(C)CC1,0.0,0.03808333333333334,0.2,0.0,0.046319467349652844,154,False,,,
7,106,C/C=C/C(=O)NCC(=O)Nc1cccc(C)c1C,0.0,0.03808333333333334,0.2,0.0,0.046319467349652844,154,False,,,
7,107,CC(C)OCCS(=O)(=O)N1CC(N2CC[NH2+]CC2)C1,0.0,0.03808333333333334,0.2,0.0,0.046319467349652844,154,False,,,
7,108,COc1ccc(CNC(=O)Nc2ccc(CC(N)=O)cc2)cc1OC,0.0,0.03808333333333334,0.2,0.0,0.046319467349652844,154,False,,,
7,109,Cc1nc2ccc(NC(=O)N3CCC[C@@H](C)CC3)cc2o1,0.0,0.03808333333333334,0.2,0.0,0.046319467349652844,154,False,,,
7,110,CCN(Cc1ccc(OC)cc1)C(=O)[C@H](C)Cc1ccccc1F,0.0,0.03808333333333334,0.2,0.0,0.046319467349652844,154,False,,,
7,111,COc1ccc(Oc2ccc(Cl)nn2)cc1,0.0,0.03808333333333334,0.2,0.0,0.046319467349652844,154,False,,,
7,112,O=C(NCc1ccccc1)c1cccc(S(=O)(=O)N2CCCCCC2)c1,0.0,0.03808333333333334,0.2,0.0,0.046319467349652844,154,False,,,
7,113,CCc1ccc(C(=O)OCC(=O)C2=c3ccccc3=[NH+]C2)cc1,0.0,0.03808333333333334,0.2,0.0,0.046319467349652844,154,False,,,
7,114,Cc1ccc(C(=O)CCC(=O)NCc2ccncc2)cc1,0.0,0.03808333333333334,0.2,0.0,0.046319467349652844,154,False,,,
7,115,CC(C)CN1CCO[C@@H](CNC(=O)c2ccc3[nH]nnc3c2)C1,0.0,0.03808333333333334,0.2,0.0,0.046319467349652844,154,False,,,
7,116,CCC(=O)Nc1ccc(C)c(NC(=O)C[C@@H]2CCCO2)c1,0.0,0.03808333333333334,0.2,0.0,0.046319467349652844,154,False,,,
7,117,C[C@H](SCCN1C(=O)NC(C)(C)C1=O)C(=O)NC1CCCCC1,0.0,0.03808333333333334,0.2,0.0,0.046319467349652844,154,False,,,
7,118,CC[C@@H](C)[C@H](C)[NH+](Cc1ccccc1NC(C)=O)C1CC1,0.0,0.03808333333333334,0.2,0.0,0.046319467349652844,154,False,,,
7,119,O=C(NCCC(F)(F)F)N1CCOc2ccccc2C1,0.0,0.03808333333333334,0.2,0.0,0.046319467349652844,154,False,,,
7,120,CCC(=O)Oc1ccc2cc(C(=O)NCCc3ccccc3)c(=O)oc2c1,0.0,0.03808333333333334,0.2,0.0,0.046319467349652844,154,False,,,
8,1,COc1ccccc1C(=O)Nc1ccc2c(N3CCCC3)ncnc2c1,0.2,0.04025000000000001,0.2,0.0,0.04659153177706581,159,False,,"{<<<Explanation>>>: Both given molecules share a common scaffold: a benzamide linked to a bicyclic system containing a substituted pyrimidine fused to a phenyl ring, with a piperidine or azetidine ring attached to the nitrogen. The difference lies in the ring size and substitution on the nitrogen-containing ring: one has a 4-membered azetidine ring with a methylene bridge ([CH]CCC) and a methoxy group on the phenyl ring (score 0.15), the other has a 5-membered piperidine ring (CCCC) and a methyl group on the phenyl ring (score 0.19). The piperidine ring and methyl substitution seem to improve activity.

To propose a molecule with potentially higher JNK3 activity, I will combine the beneficial features: keep the piperidine ring (which gave a higher score) and introduce a methoxy group on the phenyl ring (which might enhance binding via electronic effects or H-bonding). Additionally, I will replace the methyl group on the phenyl ring with a methoxy group to increase polarity and potential interactions. This hybrid molecule might have improved binding affinity and thus a higher JNK3 score.

<<<Molecule>>>: \box{COc1ccccc1C(=O)Nc1ccc2c(N3CCCC3)ncnc2c1}}","I have two molecules and their JNK3 scores. The JNK3 score measures a molecular's biological activity against JNK3.


[COc1ccccc1C(=O)Nc1ccc2c(N3[CH]CCC3)ncnc2c1,0.15]
[Cc1ccccc1C(=O)Nc1ccc2c(N3CCCC3)ncnc2c1,0.19]Please propose a new molecule that has a higher JNK3 score. You can either make crossover and mutations based on the given molecules or just propose a new molecule based on your knowledge.



Your output should follow the format: {<<<Explaination>>>: $EXPLANATION, <<<Molecule>>>: \box{$Molecule}}. Here are the requirements:

        

1. $EXPLANATION should be your analysis.
2. The $Molecule should be the smiles of your propsosed molecule.
3. The molecule should be valid.
        "
8,2,Cc1ccccc1C(=O)Nc1ccc2c(N3CCCC3)ncnc2c1,0.19,0.04025000000000001,0.2,0.0,0.04659153177706581,159,False,,,
8,3,Cc1ccc(O)cc1C(=O)Nc1ccc2c(N3CCCC3)ncnc2c1,0.19,0.04025000000000001,0.2,0.0,0.04659153177706581,159,False,,"{<<<Explanation>>>: Both given molecules share a common core structure: a substituted aminopyrimidine fused to a phenyl ring with a piperidine (N3CCCC3) substituent. The main difference lies in the acyl substituent attached to the aniline nitrogen: one has a salicylamide moiety (O=C(Nc1ccc2c(N3CCCC3)ncnc2c1)c1ccccc1O) and the other has a methylphenylacetamide (Cc1ccccc1C(=O)Nc1ccc2c(N3CCCC3)ncnc2c1). The second molecule has a slightly higher JNK3 score (0.19 vs 0.18), suggesting that the methylphenylacetamide substitution might be more favorable.

To improve the JNK3 score, I propose combining features from both molecules and introducing a small modification to enhance binding affinity or activity. Specifically, I will:

- Retain the aminopyrimidine-piperidine core.
- Use the methylphenylacetamide moiety from the second molecule, as it has a higher score.
- Introduce a hydroxyl group on the phenyl ring of the methylphenylacetamide to mimic the salicylamide's hydroxyl, potentially improving hydrogen bonding and solubility.
- This hybrid approach may increase interactions with JNK3 and improve activity.

The proposed molecule SMILES is: Cc1ccc(O)cc1C(=O)Nc1ccc2c(N3CCCC3)ncnc2c1

This is a methyl-4-hydroxyphenylacetamide attached to the same core, combining beneficial features from both molecules.

<<<Molecule>>>: \box{Cc1ccc(O)cc1C(=O)Nc1ccc2c(N3CCCC3)ncnc2c1}}","I have two molecules and their JNK3 scores. The JNK3 score measures a molecular's biological activity against JNK3.


[O=C(Nc1ccc2c(N3CCCC3)ncnc2c1)c1ccccc1O,0.18]
[Cc1ccccc1C(=O)Nc1ccc2c(N3CCCC3)ncnc2c1,0.19]Please propose a new molecule that has a higher JNK3 score. You can either make crossover and mutations based on the given molecules or just propose a new molecule based on your knowledge.



Your output should follow the format: {<<<Explaination>>>: $EXPLANATION, <<<Molecule>>>: \box{$Molecule}}. Here are the requirements:

        

1. $EXPLANATION should be your analysis.
2. The $Molecule should be the smiles of your propsosed molecule.
3. The molecule should be valid.
        "
8,4,O=C(Nc1ccc2c(N3CCCC3)ncnc2c1)c1ccccc1O,0.18,0.04025000000000001,0.2,0.0,0.04659153177706581,159,False,,"{<<<Explanation>>>: Both given molecules share a common scaffold: a benzamide linked to a fused bicyclic system containing a piperidine ring. The difference lies in the substituent on the benzene ring attached to the amide: one has a methyl group (–CH3) and the other a methoxy group (–OCH3). The methoxy substituent (electron-donating and capable of hydrogen bonding) slightly improves the JNK3 score (0.2 vs 0.19). To further enhance activity, I propose introducing a stronger electron-donating group that can also engage in hydrogen bonding, such as a hydroxyl group (–OH), which often improves binding affinity by forming additional hydrogen bonds with the target. Additionally, placing the hydroxyl group para to the amide linkage on the benzene ring could optimize interactions. Therefore, I propose replacing the methyl/methoxy substituent with a para-hydroxy group on the benzamide phenyl ring, keeping the rest of the molecule intact. This modification is likely to increase the JNK3 score by improving binding interactions.

<<<Molecule>>>: \box{Oc1ccccc1C(=O)Nc1ccc2c(N3CCCC3)ncnc2c1}}","I have two molecules and their JNK3 scores. The JNK3 score measures a molecular's biological activity against JNK3.


[Cc1ccccc1C(=O)Nc1ccc2c(N3CCCC3)ncnc2c1,0.19]
[COc1ccccc1C(=O)Nc1ccc2c(N3CCCC3)ncnc2c1,0.2]Please propose a new molecule that has a higher JNK3 score. You can either make crossover and mutations based on the given molecules or just propose a new molecule based on your knowledge.



Your output should follow the format: {<<<Explaination>>>: $EXPLANATION, <<<Molecule>>>: \box{$Molecule}}. Here are the requirements:

        

1. $EXPLANATION should be your analysis.
2. The $Molecule should be the smiles of your propsosed molecule.
3. The molecule should be valid.
        "
8,5,COC1=CC(F)=CC=C1C(=O)NC1=CC=C2C(=C1)N=CN=C2C1=CC=CC=C1,0.18,0.04025000000000001,0.2,0.0,0.04659153177706581,159,False,,Fallback to genetic operations due to LLM error: ,"Fallback genetic operation for parents: ['COC1=CC(F)=CC=C1C(=O)NC1=CC=C2C(=C1)N=CN=C2N1CCOCC1', 'CCC[C@@H](C(=O)N1CCN(CC(=O)NC2=C(C)C=CC=C2C)CC1)C1=CC=CC=C1']"
8,6,COc1ccccc1C(=O)Nc1ccc2c(N3[CH]CCC3)ncnc2c1,0.15,0.04025000000000001,0.2,0.0,0.04659153177706581,159,False,,"The first molecule has a higher JNK3 score (0.2) compared to the second (0.02), indicating that the scaffold and substituents in the first molecule are more favorable for JNK3 activity. The first molecule features a methoxyphenyl group linked via an amide to a bicyclic heterocycle containing a piperidine ring fused to a purine-like system. The second molecule has a charged imidazole and a piperidine linked to a substituted pyrazole, but with lower activity.

To improve activity, I propose combining the favorable amide linkage and methoxyphenyl group from the first molecule with the bicyclic heterocycle and piperidine ring from the second molecule, but modifying the heterocycle to include nitrogen atoms that may enhance binding. Additionally, adding a methoxy group to the phenyl ring may improve interactions.

Thus, I propose a molecule with a methoxyphenyl amide linked to a fused bicyclic system containing a piperidine and a purine-like heterocycle, incorporating the chiral center from the second molecule to potentially improve binding affinity.","I have two molecules and their JNK3 scores. The JNK3 score measures a molecular's biological activity against JNK3.


[COc1ccccc1C(=O)Nc1ccc2c(N3CCCC3)ncnc2c1,0.2]
[Cc1[nH+]ccn1Cc1nnc([C@@H]2CCC[NH+](Cc3cccnc3)C2)n1C,0.02]Please propose a new molecule that has a higher JNK3 score. You can either make crossover and mutations based on the given molecules or just propose a new molecule based on your knowledge.



Your output should follow the format: {<<<Explaination>>>: $EXPLANATION, <<<Molecule>>>: \box{$Molecule}}. Here are the requirements:

        

1. $EXPLANATION should be your analysis.
2. The $Molecule should be the smiles of your propsosed molecule.
3. The molecule should be valid.
        "
8,7,COC1=CC(F)=CC=C1C(=O)NC1=CC=C2C(=C1)N=CN=C2N1CCCC1,0.14,0.04025000000000001,0.2,0.0,0.04659153177706581,159,False,,,
8,8,COC1=CC(F)=CC=C1C(=O)NC1=CC=C2C(=C1)N=CN=C2N1CCOCC1,0.14,0.04025000000000001,0.2,0.0,0.04659153177706581,159,False,,,
8,9,COc1ccc(C(F)(F)F)cc1C(=O)Nc1ccc2c(N3[CH]CCC3)ncnc2c1,0.14,0.04025000000000001,0.2,0.0,0.04659153177706581,159,False,,"The first molecule has a higher JNK3 score (0.15) compared to the second (0.04), indicating better activity. The first molecule features a methoxyphenyl group linked via an amide to a bicyclic heterocycle containing a nitrogen-rich fused ring system, which likely contributes to its higher activity. The second molecule has a nitro-substituted phenyl ring and a trifluoromethyl group on a lactam ring, but its activity is lower.

To improve activity, I propose combining the favorable features of both molecules: retain the bicyclic heterocycle and amide linkage from the first molecule, but introduce the trifluoromethyl group from the second molecule to enhance binding affinity and metabolic stability. Specifically, I will modify the first molecule by adding a trifluoromethyl group on the phenyl ring (para to the methoxy group) to potentially increase hydrophobic interactions and improve activity.

This hybrid approach leverages the higher activity scaffold of the first molecule and the beneficial trifluoromethyl substitution from the second.","I have two molecules and their JNK3 scores. The JNK3 score measures a molecular's biological activity against JNK3.


[COc1ccccc1C(=O)Nc1ccc2c(N3[CH]CCC3)ncnc2c1,0.15]
[CC(=O)c1ccc(N[C@H]2CC(=O)N(CC(F)(F)F)C2)c([N+](=O)[O-])c1,0.04]Please propose a new molecule that has a higher JNK3 score. You can either make crossover and mutations based on the given molecules or just propose a new molecule based on your knowledge.



Your output should follow the format: {<<<Explaination>>>: $EXPLANATION, <<<Molecule>>>: \box{$Molecule}}. Here are the requirements:

        

1. $EXPLANATION should be your analysis.
2. The $Molecule should be the smiles of your propsosed molecule.
3. The molecule should be valid.
        "
8,10,COc1ccccc1C(=O)Nc1ccc2c(N3CCCN3)ncnc2c1,0.14,0.04025000000000001,0.2,0.0,0.04659153177706581,159,False,,"{<<<Explanation>>>: The first molecule has a JNK3 score of 0.15, which is higher than the second molecule's 0.07. The first molecule features a methoxyphenyl group linked to a bicyclic heterocycle containing a nitrogen bridge, while the second molecule has a more complex structure with nitro groups and a charged amine. Nitro groups and charged groups often reduce cell permeability and can negatively impact activity. To improve the JNK3 score, I propose to combine the favorable features of the first molecule (the methoxyphenyl and bicyclic heterocycle) with a less polar, less charged substituent inspired by the second molecule's amine side chain but without the nitro groups. Specifically, I will replace the nitro-substituted aromatic amine in the second molecule with a simpler, neutral amine side chain attached to the bicyclic core of the first molecule, maintaining the methoxyphenyl group and the amide linkage. This hybrid should improve binding affinity and biological activity by preserving key interactions and reducing polarity and charge that may hinder activity.

<<<Molecule>>>: \box{COc1ccccc1C(=O)Nc1ccc2c(N3CCCN3)ncnc2c1} }","I have two molecules and their JNK3 scores. The JNK3 score measures a molecular's biological activity against JNK3.


[COc1ccccc1C(=O)Nc1ccc2c(N3[CH]CCC3)ncnc2c1,0.15]
[O=C(NCC1CCC[NH+](Cc2cc(O)ccc2[N+](=O)[O-])C1)Nc1ccc(Cn2cc(Cl)c([N+](=O)[O-])n2)cc1,0.07]Please propose a new molecule that has a higher JNK3 score. You can either make crossover and mutations based on the given molecules or just propose a new molecule based on your knowledge.



Your output should follow the format: {<<<Explaination>>>: $EXPLANATION, <<<Molecule>>>: \box{$Molecule}}. Here are the requirements:

        

1. $EXPLANATION should be your analysis.
2. The $Molecule should be the smiles of your propsosed molecule.
3. The molecule should be valid.
        "
8,11,COc1ccc(C(=O)N2CCCC(C(=O)Nc3ccc(-c4ccncc4)cc3)C2)cc1,0.12,0.04025000000000001,0.2,0.0,0.04659153177706581,159,False,,"Both given molecules have relatively low JNK3 scores (0.06 and 0.05), indicating modest activity. The first molecule features a piperidine ring linked to an amide and a substituted phenyl ring with a pyrazole moiety, while the second molecule contains a methoxy-substituted aromatic system with a nitro group and an amide linkage. To potentially increase JNK3 activity, I propose combining the amide-linked aromatic system from the first molecule with the electron-donating methoxy groups from the second molecule to enhance binding affinity and improve interactions with the JNK3 active site. Additionally, replacing the pyrazole ring with a more planar heterocycle like a pyridine could improve stacking interactions. Therefore, I propose a molecule with a piperidine ring linked via an amide to a methoxy-substituted phenyl ring, which is further connected to a pyridine ring. This hybrid design aims to improve binding affinity and thus increase the JNK3 score.","I have two molecules and their JNK3 scores. The JNK3 score measures a molecular's biological activity against JNK3.


[Cc1nonc1CC(=O)N1CCC[C@H](C(=O)Nc2ccc(-c3ccn[nH]3)cc2)C1,0.06]
[COc1ccc(CNC(=O)c2cc(OC)c(OC)cc2[N+](=O)[O-])cn1,0.05]Please propose a new molecule that has a higher JNK3 score. You can either make crossover and mutations based on the given molecules or just propose a new molecule based on your knowledge.



Your output should follow the format: {<<<Explaination>>>: $EXPLANATION, <<<Molecule>>>: \box{$Molecule}}. Here are the requirements:

        

1. $EXPLANATION should be your analysis.
2. The $Molecule should be the smiles of your propsosed molecule.
3. The molecule should be valid.
        "
8,12,Cc1cc(F)ccc1C(=O)Nc1ccc2c(N3CCOCC3)ncnc2c1,0.12,0.04025000000000001,0.2,0.0,0.04659153177706581,159,False,,"The first molecule has a higher JNK3 score (0.19) compared to the second (0.07), indicating that the amide-linked aromatic system with a fused bicyclic heterocycle (a purine-like structure with a piperidine substituent) is more favorable for activity. The second molecule has a rigid bicyclic scaffold with a nitro-substituted phenyl ring, which might contribute less to activity. To improve the score, I propose combining the amide linkage and aromatic system from the first molecule with a modification to increase binding affinity: replacing the piperidine ring with a morpholine ring (which can improve solubility and hydrogen bonding) and adding a small electron-withdrawing group (like fluorine) on the phenyl ring to enhance interactions. This hybrid approach aims to retain the favorable scaffold of the first molecule while introducing beneficial mutations to improve activity against JNK3.","I have two molecules and their JNK3 scores. The JNK3 score measures a molecular's biological activity against JNK3.


[Cc1ccccc1C(=O)Nc1ccc2c(N3CCCC3)ncnc2c1,0.19]
[O=C(N1CCOCC1)C12C[C@H]3C[C@@H](C1)CC(c1ccc([N+](=O)[O-])cc1)(C3)C2,0.07]Please propose a new molecule that has a higher JNK3 score. You can either make crossover and mutations based on the given molecules or just propose a new molecule based on your knowledge.



Your output should follow the format: {<<<Explaination>>>: $EXPLANATION, <<<Molecule>>>: \box{$Molecule}}. Here are the requirements:

        

1. $EXPLANATION should be your analysis.
2. The $Molecule should be the smiles of your propsosed molecule.
3. The molecule should be valid.
        "
8,13,COc1ccc(CN2CCC(CNC(=O)c3c[nH]nc3-c3ccc(Cl)c([N+](=O)[O-])c3)CC2)cc1,0.11,0.04025000000000001,0.2,0.0,0.04659153177706581,159,False,,"{<<<Explanation>>>: Both given molecules have a JNK3 score of 0.05, indicating relatively low activity. They share some common features: an amide linkage connected to heterocyclic systems and aromatic rings with electron-withdrawing groups (Cl, NO2). To potentially increase JNK3 activity, I propose combining favorable features from both molecules: the pyrazole-based heterocycle from the first molecule and the nitro-substituted chlorinated aromatic ring from the second molecule. Additionally, introducing a methoxy group on the aromatic ring (as in the first molecule) may enhance binding through electronic effects. I also suggest replacing the piperidinium ring (positively charged nitrogen in the first molecule) with a neutral piperidine to reduce potential off-target interactions and improve membrane permeability. This crossover and mutation aim to improve binding affinity and biological activity against JNK3. 

<<<Molecule>>>: \box{COc1ccc(CN2CCC(CNC(=O)c3c[nH]nc3-c3ccc(Cl)c([N+](=O)[O-])c3)CC2)cc1}}}","I have two molecules and their JNK3 scores. The JNK3 score measures a molecular's biological activity against JNK3.


[COc1ccc(C[NH+]2CCC(CNC(=O)c3c[nH]nc3-c3ccc(Cl)cc3)CC2)cc1,0.05]
[Cc1nn(C)cc1CNC(=O)c1ccc(Cn2cc(Cl)c([N+](=O)[O-])n2)cc1,0.05]Please propose a new molecule that has a higher JNK3 score. You can either make crossover and mutations based on the given molecules or just propose a new molecule based on your knowledge.



Your output should follow the format: {<<<Explaination>>>: $EXPLANATION, <<<Molecule>>>: \box{$Molecule}}. Here are the requirements:

        

1. $EXPLANATION should be your analysis.
2. The $Molecule should be the smiles of your propsosed molecule.
3. The molecule should be valid.
        "
8,14,CC(=O)Nc1ccc(NCc2csc(-c3cccc(Cl)c3)n2)c(C(F)(F)F)c1,0.11,0.04025000000000001,0.2,0.0,0.04659153177706581,159,False,,"{<<<Explanation>>>: The first molecule has a JNK3 score of 0.06 and contains a complex bicyclic system with a chlorophenyl-thiazole moiety and fluorinated aromatic rings, suggesting that halogenation and heterocyclic structures contribute to activity. The second molecule has a slightly higher score of 0.08 and features an acetamide linked to a trifluoromethyl-substituted aromatic ring and a fluorobenzyl amine, indicating that electron-withdrawing groups like CF3 and fluorine on aromatic rings may enhance activity. To propose a molecule with a potentially higher JNK3 score, I will combine features from both molecules: retain the acetamide and trifluoromethyl-substituted aromatic ring from the second molecule for potency, and introduce a heterocyclic thiazole ring with a chlorophenyl substituent from the first molecule to enhance binding affinity. Additionally, I will keep fluorine substituents to maintain electron-withdrawing effects. This hybrid molecule is expected to have improved interactions with JNK3, potentially increasing the score beyond 0.08. 

<<<Molecule>>>: \box{CC(=O)Nc1ccc(NCc2csc(n2)C3=CC=CC(Cl)=C3)c(C(F)(F)F)c1}}","I have two molecules and their JNK3 scores. The JNK3 score measures a molecular's biological activity against JNK3.


[COC1=CC(F)=C(NC(=O)C=C2CN(C(=O)NC3=NC=C(CC4=CC=CC(Cl)=C4)S3)C2)C=C1F,0.06]
[CC(=O)Nc1ccc(NCc2ccccc2F)c(C(F)(F)F)c1,0.08]Please propose a new molecule that has a higher JNK3 score. You can either make crossover and mutations based on the given molecules or just propose a new molecule based on your knowledge.



Your output should follow the format: {<<<Explaination>>>: $EXPLANATION, <<<Molecule>>>: \box{$Molecule}}. Here are the requirements:

        

1. $EXPLANATION should be your analysis.
2. The $Molecule should be the smiles of your propsosed molecule.
3. The molecule should be valid.
        "
8,15,COc1ccccc1C(=O)N1CCCC(C(=O)Nc2ccc(-c3ccncc3)cc2)C1,0.1,0.04025000000000001,0.2,0.0,0.04659153177706581,159,False,,"{<<<Explanation>>>: The first molecule has a JNK3 score of 0.12 and features a piperidine ring linked to an amide and a methoxyphenyl group, with an additional amide connected to a biphenyl-pyridine moiety. The second molecule has a higher score of 0.2 and contains a methoxyphenyl group connected via an amide to a fused bicyclic system with a piperidine ring incorporated in the structure. The second molecule’s fused bicyclic system with a nitrogen heterocycle likely contributes to better binding affinity.

To propose a molecule with a potentially higher JNK3 score, I will combine the favorable features of both molecules: the methoxyphenyl amide from the second molecule and the biphenyl-pyridine moiety from the first molecule, while maintaining the piperidine ring that may enhance binding. Specifically, I will design a molecule where the methoxyphenyl amide is connected to a piperidine ring, which is further connected via an amide to the biphenyl-pyridine fragment. This hybrid should retain key pharmacophores and possibly improve activity.

<<<Molecule>>>: \box{COc1ccccc1C(=O)N2CCCC(C(=O)Nc3ccc(-c4ccncc4)cc3)C2}}}","I have two molecules and their JNK3 scores. The JNK3 score measures a molecular's biological activity against JNK3.


[COc1ccc(C(=O)N2CCCC(C(=O)Nc3ccc(-c4ccncc4)cc3)C2)cc1,0.12]
[COc1ccccc1C(=O)Nc1ccc2c(N3CCCC3)ncnc2c1,0.2]Please propose a new molecule that has a higher JNK3 score. You can either make crossover and mutations based on the given molecules or just propose a new molecule based on your knowledge.



Your output should follow the format: {<<<Explaination>>>: $EXPLANATION, <<<Molecule>>>: \box{$Molecule}}. Here are the requirements:

        

1. $EXPLANATION should be your analysis.
2. The $Molecule should be the smiles of your propsosed molecule.
3. The molecule should be valid.
        "
8,16,CCSCC(C)N(C)C(=O)NCc1ccc(Nc2ccccc2OC)cc1N(C)C,0.09,0.04025000000000001,0.2,0.0,0.04659153177706581,159,False,,"Both given molecules have very low JNK3 scores (0.02 and 0.01), indicating weak activity. The first molecule features a peptide-like backbone with an amide linkage and aromatic substitution, while the second has a bicyclic system with a positively charged amine and a bulky tert-butyl ether group. To improve JNK3 activity, it is often beneficial to combine features that enhance binding affinity, such as maintaining the amide linkage for hydrogen bonding and incorporating aromatic or heteroaromatic rings for π-π stacking interactions. Additionally, reducing steric hindrance and optimizing the basic amine groups can improve binding. I propose a molecule that merges the amide backbone and aromatic substitution from the first molecule with a less bulky, more planar bicyclic aromatic system inspired by the second molecule, replacing the bulky tert-butyl group with a simpler methoxy group to reduce steric hindrance and maintain polarity. This hybrid molecule should have improved binding potential and thus a higher JNK3 score.","I have two molecules and their JNK3 scores. The JNK3 score measures a molecular's biological activity against JNK3.


[CCSC[C@@H](C)N(C)C(=O)NCc1ccc(C)cc1N(C)C,0.02]
[CC(C)C[C@H]1C[NH2+]CC[C@@H]1c1cccc2c1OC(C)(C)C2,0.01]Please propose a new molecule that has a higher JNK3 score. You can either make crossover and mutations based on the given molecules or just propose a new molecule based on your knowledge.



Your output should follow the format: {<<<Explaination>>>: $EXPLANATION, <<<Molecule>>>: \box{$Molecule}}. Here are the requirements:

        

1. $EXPLANATION should be your analysis.
2. The $Molecule should be the smiles of your propsosed molecule.
3. The molecule should be valid.
        "
8,17,CC1=CC=C(Cl)C(O[C@H](C)C(=O)NC2=NC(C3=CC=C([C@@H](C)CC4=CC(O)=CC=C4[N+](=O)[O-])C=C3)=CS2)=C1,0.09,0.04025000000000001,0.2,0.0,0.04659153177706581,159,False,,Fallback to genetic operations due to LLM error: ,"Fallback genetic operation for parents: ['CC(=O)N[C@H](C)C1=CC=C(C2=CSC(NC(=O)[C@@H](C)OC3=CC(C)=CC=C3Cl)=N2)C=C1', 'O=C(NC[C@H]1CCC[NH+](CC2=CC(O)=CC=C2[N+](=O)[O-])C1)C1=CC=CC=C1']"
8,18,CC(=O)Nc1ccc(NCc2ccccc2F)c(C(F)(F)F)c1,0.08,0.04025000000000001,0.2,0.0,0.04659153177706581,159,False,,,
8,19,CC(=O)Nc1ccc(NCC2COC(N)C2C)c(C(F)(F)F)c1,0.08,0.04025000000000001,0.2,0.0,0.04659153177706581,159,False,,"{<<<Explanation>>>: The first molecule has a higher JNK3 score (0.11) compared to the second (0.01), indicating that the acetamide-substituted aromatic ring with a trifluoromethyl group and a thiazole linked to a chlorophenyl group contributes positively to activity. The second molecule, a chiral tetrahydrofuran with a methoxy-fluoro-substituted phenyl, shows low activity. To improve activity, I propose combining the acetamide and trifluoromethyl-substituted aromatic system from the first molecule with the tetrahydrofuran ring from the second molecule, replacing the thiazole-chlorophenyl moiety with the tetrahydrofuran ring to potentially enhance binding and solubility. This hybrid molecule maintains key pharmacophores from the first molecule while introducing the tetrahydrofuran ring to improve interactions and possibly increase the JNK3 score. 

<<<Molecule>>>: \box{CC(=O)Nc1ccc(NCC2CO[C@@H]([C@@H]2C)N)c(C(F)(F)F)c1}}","I have two molecules and their JNK3 scores. The JNK3 score measures a molecular's biological activity against JNK3.


[CC(=O)Nc1ccc(NCc2csc(-c3cccc(Cl)c3)n2)c(C(F)(F)F)c1,0.11]
[CCC[C@@H]1C[C@@H](Nc2cc(OC)ccc2F)CCO1,0.01]Please propose a new molecule that has a higher JNK3 score. You can either make crossover and mutations based on the given molecules or just propose a new molecule based on your knowledge.



Your output should follow the format: {<<<Explaination>>>: $EXPLANATION, <<<Molecule>>>: \box{$Molecule}}. Here are the requirements:

        

1. $EXPLANATION should be your analysis.
2. The $Molecule should be the smiles of your propsosed molecule.
3. The molecule should be valid.
        "
8,20,O=C(N1CCOCC1)C12C[C@H]3C[C@@H](C1)CC(c1ccc([N+](=O)[O-])cc1)(C3)C2,0.07,0.04025000000000001,0.2,0.0,0.04659153177706581,159,False,,,
8,21,O=C(NCC1CCC[NH+](Cc2cc(O)ccc2[N+](=O)[O-])C1)Nc1ccc(Cn2cc(Cl)c([N+](=O)[O-])n2)cc1,0.07,0.04025000000000001,0.2,0.0,0.04659153177706581,159,False,,"{<<<Explanation>>>: Both given molecules have low JNK3 scores (0.05), indicating weak activity. To improve activity, we can combine favorable features from both molecules. The first molecule has a chiral piperidine ring linked to a phenol substituted with a nitro group, while the second molecule contains a pyrazole ring with a nitro and chloro substitution and an amide linkage to a methylated pyrazole. Nitro groups and halogens often enhance binding affinity through electronic effects and interactions with the kinase active site. To propose a molecule with potentially higher JNK3 activity, I suggest a hybrid structure that retains the piperidine ring from the first molecule (important for conformational rigidity and binding) and incorporates the pyrazole ring with chloro and nitro substituents from the second molecule, connected via an amide linker to a phenyl ring. This design aims to combine the key pharmacophores and improve binding interactions with JNK3. The proposed molecule is: O=C(NC[C@H]1CCC[NH+](Cc2cc(O)ccc2[N+](=O)[O-])C1)Nc3ccc(Cn4cc(Cl)c([N+](=O)[O-])n4)cc3. This molecule is valid and merges the structural motifs that may enhance JNK3 inhibition. , <<<Molecule>>>: \box{O=C(NC[C@H]1CCC[NH+](Cc2cc(O)ccc2[N+](=O)[O-])C1)Nc3ccc(Cn4cc(Cl)c([N+](=O)[O-])n4)cc3}}","I have two molecules and their JNK3 scores. The JNK3 score measures a molecular's biological activity against JNK3.


[O=C(NC[C@H]1CCC[NH+](Cc2cc(O)ccc2[N+](=O)[O-])C1)c1ccccc1,0.05]
[Cc1nn(C)cc1CNC(=O)c1ccc(Cn2cc(Cl)c([N+](=O)[O-])n2)cc1,0.05]Please propose a new molecule that has a higher JNK3 score. You can either make crossover and mutations based on the given molecules or just propose a new molecule based on your knowledge.



Your output should follow the format: {<<<Explaination>>>: $EXPLANATION, <<<Molecule>>>: \box{$Molecule}}. Here are the requirements:

        

1. $EXPLANATION should be your analysis.
2. The $Molecule should be the smiles of your propsosed molecule.
3. The molecule should be valid.
        "
8,22,Cc1nonc1CC(=O)N1CCC[C@H](C(=O)Nc2ccc(-c3ccn[nH]3)cc2)C1,0.06,0.04025000000000001,0.2,0.0,0.04659153177706581,159,False,,,
8,23,Fc1ccc2oc(C[NH2+]C[C@@H]3CN4CCCC[C@@H]4CO3)cc2c1,0.06,0.04025000000000001,0.2,0.0,0.04659153177706581,159,False,,,
8,24,Cc1ccc([C@H](C)NC(=O)N[C@H]2CC(=O)N(C3CC3)C2)cc1[N+](=O)[O-],0.06,0.04025000000000001,0.2,0.0,0.04659153177706581,159,False,,,
8,25,COc1nc(N[C@@H]2C[NH+]3CCC2CC3)ccc1N,0.06,0.04025000000000001,0.2,0.0,0.04659153177706581,159,False,,,
8,26,COC1=CC(F)=C(NC(=O)C=C2CN(C(=O)NC3=NC=C(CC4=CC=CC(Cl)=C4)S3)C2)C=C1F,0.06,0.04025000000000001,0.2,0.0,0.04659153177706581,159,False,,Fallback to genetic operations due to LLM error: ,"Fallback genetic operation for parents: ['COC1=CC(F)=C(NC(=O)C=C2CN(C(=O)NC3=NC=NC4=C3CCC4)C2)C=C1F', 'C[NH+]1CCC(NC(=O)NC2=NC=C(CC3=CC=CC(Cl)=C3)S2)CC1']"
8,27,COc1ccc(CNC(=O)c2cc(OC)c(OC)cc2[N+](=O)[O-])cn1,0.05,0.04025000000000001,0.2,0.0,0.04659153177706581,159,False,,,
8,28,CS[C@@H](C)C1=CC=CC(NC(=O)C2=CN(C)N=C2C2=CC=CC=C2)=C1,0.05,0.04025000000000001,0.2,0.0,0.04659153177706581,159,False,,,
8,29,Cc1nn(C)cc1CNC(=O)c1ccc(Cn2cc(Cl)c([N+](=O)[O-])n2)cc1,0.05,0.04025000000000001,0.2,0.0,0.04659153177706581,159,False,,,
8,30,COc1ccc(C[NH+]2CCC(CNC(=O)c3c[nH]nc3-c3ccc(Cl)cc3)CC2)cc1,0.05,0.04025000000000001,0.2,0.0,0.04659153177706581,159,False,,,
8,31,O=C(NC[C@H]1CCC[NH+](CC2=CC(O)=CC=C2[N+](=O)[O-])C1)C1=CC=CC=C1,0.05,0.04025000000000001,0.2,0.0,0.04659153177706581,159,False,,,
8,32,Cc1ccccc1C(=O)Nc1ccc2c(N3CCCC3)ncnc2c1-c1cc(Cl)cc(Cl)c1,0.05,0.04025000000000001,0.2,0.0,0.04659153177706581,159,False,,"The first molecule has a very low JNK3 score (0.02), while the second molecule has a higher score (0.19). The second molecule contains a fused bicyclic system with a purine-like scaffold and a piperidine ring, which might contribute to better binding affinity. The first molecule has a different scaffold with a bicyclic lactam and dichlorophenyl group but lower activity. To design a molecule with potentially higher JNK3 activity, I propose combining the purine-like bicyclic core and the piperidine ring from the second molecule with the dichlorophenyl substituent from the first molecule, as halogenated aromatic rings often enhance binding through hydrophobic and halogen bonding interactions. Additionally, I will keep the amide linkage to maintain hydrogen bonding potential. This hybrid molecule might improve binding affinity and thus increase the JNK3 score.","I have two molecules and their JNK3 scores. The JNK3 score measures a molecular's biological activity against JNK3.


[C=C(C)CN(C)C(=O)CN1CC2=C(C1=O)[C@@H](c1ccc(Cl)cc1Cl)NC(=O)N2CC,0.02]
[Cc1ccccc1C(=O)Nc1ccc2c(N3CCCC3)ncnc2c1,0.19]Please propose a new molecule that has a higher JNK3 score. You can either make crossover and mutations based on the given molecules or just propose a new molecule based on your knowledge.



Your output should follow the format: {<<<Explaination>>>: $EXPLANATION, <<<Molecule>>>: \box{$Molecule}}. Here are the requirements:

        

1. $EXPLANATION should be your analysis.
2. The $Molecule should be the smiles of your propsosed molecule.
3. The molecule should be valid.
        "
8,33,CSC(C)c1ccc(NC(=O)c2cn(C)nc2-c2ccccc2)cc1F,0.05,0.04025000000000001,0.2,0.0,0.04659153177706581,159,False,,"{<<<Explanation>>>: The first molecule has a higher JNK3 score (0.05) compared to the second (0.01), indicating that the scaffold with the substituted aniline linked to a methylated purine-like heterocycle is more active. The second molecule contains a thiosemicarbazide moiety attached to a hydroxy-biphenyl system with a fluorophenyl amide, which shows lower activity. To improve activity, I propose combining the key features of the first molecule (the aniline-purine amide scaffold) with a fluorine substituent on the phenyl ring to potentially enhance binding affinity and metabolic stability. Introducing a fluorine on the phenyl ring of the first molecule may increase lipophilicity and binding interactions, potentially increasing the JNK3 score. This is a mutation of the first molecule by adding a fluorine substituent on the phenyl ring para to the amide linkage.

<<<Molecule>>>: \box{CS[C@@H](C)C1=CC=C(C=C1F)NC(=O)C2=CN(C)N=C2C3=CC=CC=C3}}","I have two molecules and their JNK3 scores. The JNK3 score measures a molecular's biological activity against JNK3.


[CS[C@@H](C)C1=CC=CC(NC(=O)C2=CN(C)N=C2C2=CC=CC=C2)=C1,0.05]
[O=C(NC(=S)Nc1c(O)ccc2ccccc12)c1cccc(F)c1,0.01]Please propose a new molecule that has a higher JNK3 score. You can either make crossover and mutations based on the given molecules or just propose a new molecule based on your knowledge.



Your output should follow the format: {<<<Explaination>>>: $EXPLANATION, <<<Molecule>>>: \box{$Molecule}}. Here are the requirements:

        

1. $EXPLANATION should be your analysis.
2. The $Molecule should be the smiles of your propsosed molecule.
3. The molecule should be valid.
        "
8,34,COc1ccccc1C(=O)Nc1ccc2c(N3CCCN3)ncnc2c1C(=O)NC1=NC=C(Cc2cccc(Cl)c2)[SH]1F,0.05,0.04025000000000001,0.2,0.0,0.04659153177706581,159,False,,"The first molecule has a JNK3 score of 0.06 and features a fluorinated aromatic ring with an amide-linked heterocyclic system containing a thiazole ring and a chlorophenyl substituent. The second molecule has a higher score of 0.15 and contains a methoxyphenyl group linked via an amide to a fused bicyclic purine-like system with a piperidine ring. To design a molecule with a potentially higher JNK3 score, I propose combining the favorable features of both molecules: the methoxyphenyl amide moiety from the second molecule, which may enhance binding affinity, and the heterocyclic system from the first molecule that includes the thiazole and chlorophenyl substituent, which might contribute to specificity and potency. Additionally, I will introduce a fluorine atom on the phenyl ring to potentially improve metabolic stability and binding interactions. This hybrid molecule aims to leverage the higher activity scaffold of the second molecule while incorporating the heterocyclic complexity and halogenation of the first, potentially resulting in improved JNK3 inhibition.","I have two molecules and their JNK3 scores. The JNK3 score measures a molecular's biological activity against JNK3.


[COC1=CC(F)=C(NC(=O)C=C2CN(C(=O)NC3=NC=C(CC4=CC=CC(Cl)=C4)S3)C2)C=C1F,0.06]
[COc1ccccc1C(=O)Nc1ccc2c(N3[CH]CCC3)ncnc2c1,0.15]Please propose a new molecule that has a higher JNK3 score. You can either make crossover and mutations based on the given molecules or just propose a new molecule based on your knowledge.



Your output should follow the format: {<<<Explaination>>>: $EXPLANATION, <<<Molecule>>>: \box{$Molecule}}. Here are the requirements:

        

1. $EXPLANATION should be your analysis.
2. The $Molecule should be the smiles of your propsosed molecule.
3. The molecule should be valid.
        "
8,35,CC1=CC=C(NC(=O)CN2C(=O)S/C(=C/C3=C(F)C=CC=C3Cl)C2=O)C=C1,0.04,0.04025000000000001,0.2,0.0,0.04659153177706581,159,False,,,
8,36,C[C@H](NC(=O)NCC1=CC=CC2=CC=CN=C21)C1=CN(C)N=C1,0.04,0.04025000000000001,0.2,0.0,0.04659153177706581,159,False,,,
8,37,CC(=O)c1ccc(N[C@H]2CC(=O)N(CC(F)(F)F)C2)c([N+](=O)[O-])c1,0.04,0.04025000000000001,0.2,0.0,0.04659153177706581,159,False,,,
8,38,Cc1cnc(C[NH+](C)CCCc2cc(-c3ccc(F)cc3)[nH]n2)o1,0.04,0.04025000000000001,0.2,0.0,0.04659153177706581,159,False,,,
8,39,CC(=O)N[C@H](C)C1=CC=C(C2=CSC(NC(=O)[C@@H](C)OC3=CC(C)=CC=C3Cl)=N2)C=C1,0.04,0.04025000000000001,0.2,0.0,0.04659153177706581,159,False,,,
8,40,CC(C)N1C=CC(CCNCC2=CN=C(C3=CSC=C3)S2)=N1,0.04,0.04025000000000001,0.2,0.0,0.04659153177706581,159,False,,,
8,41,CS[C@@H](C)C1=CC(NC(=O)C2=CN(C)N=C2NC(=O)NCC2=CC=CC3=CC=CN=C32)=CC=C1,0.04,0.04025000000000001,0.2,0.0,0.04659153177706581,159,False,,Fallback to genetic operations due to LLM error: ,"Fallback genetic operation for parents: ['CS[C@@H](C)C1=CC=CC(NC(=O)C2=CN(C)N=C2C2=CC=CC=C2)=C1', 'C[C@H](NC(=O)NCC1=CC=CC2=CC=CN=C21)C1=CN(C)N=C1']"
8,42,Cc1ccc(C(C)NC(=O)N2[CH]OCC2)c([N+](=O)[O-])c1,0.04,0.04025000000000001,0.2,0.0,0.04659153177706581,159,False,,"Both given molecules have relatively low JNK3 scores (0.06 and 0.02), indicating modest activity. The first molecule features a nitro-substituted phenyl ring linked to a chiral amide-containing bicyclic lactam, while the second has a methoxy-substituted bicyclic ether with an amide linked to a substituted phenyl ring. To potentially increase JNK3 activity, I propose combining favorable features: the nitro group from the first molecule (which can enhance binding through electronic effects) and the bicyclic ether scaffold from the second molecule (which may provide conformational rigidity and better fit in the binding site). Additionally, replacing the acetyl group on the phenyl ring with a less electron-withdrawing methyl group might improve binding affinity by modulating electronic properties. This hybrid molecule maintains key hydrogen bonding capabilities and introduces structural elements that could enhance interaction with JNK3, potentially leading to a higher score.","I have two molecules and their JNK3 scores. The JNK3 score measures a molecular's biological activity against JNK3.


[Cc1ccc([C@H](C)NC(=O)N[C@H]2CC(=O)N(C3CC3)C2)cc1[N+](=O)[O-],0.06]
[COc1ccc2c(c1)C[C@@H](C(=O)Nc1ccc(C(C)=O)c(C)c1)CO2,0.02]Please propose a new molecule that has a higher JNK3 score. You can either make crossover and mutations based on the given molecules or just propose a new molecule based on your knowledge.



Your output should follow the format: {<<<Explaination>>>: $EXPLANATION, <<<Molecule>>>: \box{$Molecule}}. Here are the requirements:

        

1. $EXPLANATION should be your analysis.
2. The $Molecule should be the smiles of your propsosed molecule.
3. The molecule should be valid.
        "
8,43,[NH3+]C[C@H](CO)CC1=CC(Br)=CC(NC(=O)CS[C@H]2CCCC3=C2C=CC=C3)=C1,0.04,0.04025000000000001,0.2,0.0,0.04659153177706581,159,False,,Fallback to genetic operations due to LLM error: ,"Fallback genetic operation for parents: ['CC1=NN(C)C(C)=C1NC(=O)CS[C@H]1CCCC2=CC=CC=C21', '[NH3+]C[C@H](CO)CC1=CC(F)=CC(Br)=C1']"
8,44,CC(=O)NC1=CC=C(Cl)C1C1=CC=NC=C1,0.04,0.04025000000000001,0.2,0.0,0.04659153177706581,159,False,,Fallback to genetic operations due to LLM error: ,"Fallback genetic operation for parents: ['CC(=O)NC1=CC=C(NC(=O)C2=NC(Cl)=CC=C2Cl)C=C1C1=CC=NC=C1', 'C=C(C)CN(C)C(=O)CN1CC2=C(C1=O)[C@@H](C1=CC=C(Cl)C=C1Cl)NC(=O)N2CC']"
8,45,C[C@H]([NH2+][C@H]1CCOC1)c1ccnc(Cl)c1,0.03,0.04025000000000001,0.2,0.0,0.04659153177706581,159,False,,,
8,46,COc1cc(-c2noc(C3C[C@@H](C)O[C@@H](C)C3)n2)ccn1,0.03,0.04025000000000001,0.2,0.0,0.04659153177706581,159,False,,,
8,47,COc1cc(C)c(CN2CCN(C(=O)c3ccc(N4CCCCC4)c([N+](=O)[O-])c3)CC2)cc1OC,0.03,0.04025000000000001,0.2,0.0,0.04659153177706581,159,False,,,
8,48,Cc1ccc2nc(N3CCC(C(=O)NCC(C)(C)CO)CC3)nc(C)c2c1,0.03,0.04025000000000001,0.2,0.0,0.04659153177706581,159,False,,,
8,49,C[C@@H]1COCCN1Cc1ccc(C(=O)NN)cn1,0.03,0.04025000000000001,0.2,0.0,0.04659153177706581,159,False,,,
8,50,[NH3+]C[C@H](CO)CC1=CC(F)=CC(Br)=C1,0.03,0.04025000000000001,0.2,0.0,0.04659153177706581,159,False,,,
8,51,C[C@@H](CO)CSC[C@@H]([NH3+])C1=CC=C2OCCCOC2=C1,0.03,0.04025000000000001,0.2,0.0,0.04659153177706581,159,False,,,
8,52,Cc1ccc(-c2ncco2)cc1NC(=O)c1nc(Cl)ccc1Cl,0.03,0.04025000000000001,0.2,0.0,0.04659153177706581,159,False,,,
8,53,O=C(Nc1ccc2c(c1)CCO2)N1CCC[C@H]1c1nc2ccccc2[nH]1,0.03,0.04025000000000001,0.2,0.0,0.04659153177706581,159,False,,,
8,54,N#CCc1ccc2[nH]ccc2n1,0.03,0.04025000000000001,0.2,0.0,0.04659153177706581,159,False,,,
8,55,COC1=CC(F)=C(NC(=O)C=C2CN(C(=O)NC3=NC=NC4=C3CCC4)C2)C=C1F,0.03,0.04025000000000001,0.2,0.0,0.04659153177706581,159,False,,,
8,56,CC(=O)NC1=CC=C(NC(=O)C2=NC(Cl)=CC=C2Cl)C=C1C1=CC=NC=C1,0.03,0.04025000000000001,0.2,0.0,0.04659153177706581,159,False,,,
8,57,CCCCO[C@@H]1C[C@H](NC(=O)c2occc2Br)C1(C)C,0.02,0.04025000000000001,0.2,0.0,0.04659153177706581,159,False,,,
8,58,NC(=O)c1cccc(CNC(=O)CSc2nc3ccccc3o2)c1,0.02,0.04025000000000001,0.2,0.0,0.04659153177706581,159,False,,,
8,59,CCC[C@@H](C(=O)N1CCN(CC(=O)NC2=C(C)C=CC=C2C)CC1)C1=CC=CC=C1,0.02,0.04025000000000001,0.2,0.0,0.04659153177706581,159,False,,,
8,60,COc1ccc([C@H](NC(=O)c2ccc3nccnc3c2)C2CCOCC2)cc1,0.02,0.04025000000000001,0.2,0.0,0.04659153177706581,159,False,,,
8,61,COc1cc(-c2ccccc2)sc1C(=O)NC[C@@H](O)C(C)(C)C,0.02,0.04025000000000001,0.2,0.0,0.04659153177706581,159,False,,,
8,62,Cc1nn(C)cc1CN1C[C@H](CO)OC[C@@H]1C,0.02,0.04025000000000001,0.2,0.0,0.04659153177706581,159,False,,,
8,63,Cc1cc(NC(=O)Nc2cccc(Cl)c2)ncc1Br,0.02,0.04025000000000001,0.2,0.0,0.04659153177706581,159,False,,,
8,64,CCSC[C@@H](C)N(C)C(=O)NCc1ccc(C)cc1N(C)C,0.02,0.04025000000000001,0.2,0.0,0.04659153177706581,159,False,,,
8,65,C=C(C)CN(C)C(=O)CN1CC2=C(C1=O)[C@@H](C1=CC=C(Cl)C=C1Cl)NC(=O)N2CC,0.02,0.04025000000000001,0.2,0.0,0.04659153177706581,159,False,,,
8,66,COc1ccc2c(c1)C[C@@H](C(=O)Nc1ccc(C(C)=O)c(C)c1)CO2,0.02,0.04025000000000001,0.2,0.0,0.04659153177706581,159,False,,,
8,67,Cc1[nH+]ccn1Cc1nnc([C@@H]2CCC[NH+](Cc3cccnc3)C2)n1C,0.02,0.04025000000000001,0.2,0.0,0.04659153177706581,159,False,,,
8,68,COc1ccc([C@@H]2CC(=O)C3=C(C2)N[C@@H]2N=NC(O)=C2[C@H]3c2ccc(Cl)c(Cl)c2)cc1OC,0.02,0.04025000000000001,0.2,0.0,0.04659153177706581,159,False,,,
8,69,C[C@H]1Cc2cc([C@@H](Cl)C3(C)CCCC3)ccc2O1,0.02,0.04025000000000001,0.2,0.0,0.04659153177706581,159,False,,,
8,70,C[NH+]1CCC(NC(=O)NC2=NC=C(CC3=CC=CC(Cl)=C3)S2)CC1,0.02,0.04025000000000001,0.2,0.0,0.04659153177706581,159,False,,,
8,71,O=C(NCC1CCN(C(=O)c2ccccn2)CC1)C(=O)NC1CCCC1,0.02,0.04025000000000001,0.2,0.0,0.04659153177706581,159,False,,,
8,72,C[C@H](Cc1ccsc1)[NH+](C)Cc1cnc(N2CC[NH+](C)CC2)nc1,0.02,0.04025000000000001,0.2,0.0,0.04659153177706581,159,False,,,
8,73,COc1ccc(NC(=O)C[NH+]2CCCN(Cc3cccc(Cl)c3)S2(=O)=O)cc1,0.02,0.04025000000000001,0.2,0.0,0.04659153177706581,159,False,,,
8,74,CSC(C)c1cccc(NC(=O)NC(C)COC2CCOCC2)c1,0.02,0.04025000000000001,0.2,0.0,0.04659153177706581,159,False,,"The first molecule has a JNK3 score of 0.05, which is higher than the second molecule's 0.01. The first molecule features a substituted aniline linked to a methylated purine-like heterocycle, while the second molecule has a bulky tert-butyl group and a morpholine ring. To improve the JNK3 score, I propose combining the key amide linkage and aromatic system from the first molecule with the morpholine ring from the second molecule, which may enhance solubility and binding interactions. Additionally, introducing a small alkyl substitution on the aromatic ring could improve hydrophobic interactions. This hybrid molecule maintains the core amide and aromatic system from the first molecule but replaces the purine moiety with a morpholine-containing amide, potentially increasing activity against JNK3.","I have two molecules and their JNK3 scores. The JNK3 score measures a molecular's biological activity against JNK3.


[CS[C@@H](C)C1=CC=CC(NC(=O)C2=CN(C)N=C2C2=CC=CC=C2)=C1,0.05]
[CCC(C)(C)NC(=O)c1ccc(NC(=O)N[C@@H](C)[C@H]2CCCO2)cc1,0.01]Please propose a new molecule that has a higher JNK3 score. You can either make crossover and mutations based on the given molecules or just propose a new molecule based on your knowledge.



Your output should follow the format: {<<<Explaination>>>: $EXPLANATION, <<<Molecule>>>: \box{$Molecule}}. Here are the requirements:

        

1. $EXPLANATION should be your analysis.
2. The $Molecule should be the smiles of your propsosed molecule.
3. The molecule should be valid.
        "
8,75,O=C1N[C@@H](c2ccccc2F)c2c1oc1ccccc1c2=O,0.01,0.04025000000000001,0.2,0.0,0.04659153177706581,159,False,,,
8,76,CS(=O)(=O)N[C@H]1CCN(c2ccc(Cl)c(F)c2)C1=O,0.01,0.04025000000000001,0.2,0.0,0.04659153177706581,159,False,,,
8,77,CCC(C)(C)NC(=O)c1ccc(NC(=O)N[C@@H](C)[C@H]2CCCO2)cc1,0.01,0.04025000000000001,0.2,0.0,0.04659153177706581,159,False,,,
8,78,CSCC[C@H](NC(=O)N[C@@H]1CCCCC1(C)C)C(=O)[O-],0.01,0.04025000000000001,0.2,0.0,0.04659153177706581,159,False,,,
8,79,CC(C)C(=O)Nc1nc2ccc(CCC(=O)NCc3ccccc3Cl)cc2s1,0.01,0.04025000000000001,0.2,0.0,0.04659153177706581,159,False,,,
8,80,Cc1nn(-c2ccccc2)c(C)c1NC(=O)CN1CCc2cc(F)ccc2C1,0.01,0.04025000000000001,0.2,0.0,0.04659153177706581,159,False,,,
8,81,COc1ccc(C[C@H](C)C[NH+](C)Cc2cn3cccnc3n2)cc1,0.01,0.04025000000000001,0.2,0.0,0.04659153177706581,159,False,,,
8,82,CCc1nsc(NCC(=O)NC(C)(C)C)n1,0.01,0.04025000000000001,0.2,0.0,0.04659153177706581,159,False,,,
8,83,CCCN(C)c1nccn2c(=O)n(CC(=O)Nc3cccc(SC)c3)nc12,0.01,0.04025000000000001,0.2,0.0,0.04659153177706581,159,False,,,
8,84,O=C(Nc1ccc(-c2nnc3n2CCCCC3)cc1)c1ccccc1C(F)(F)F,0.01,0.04025000000000001,0.2,0.0,0.04659153177706581,159,False,,,
8,85,CC(C)c1cccc(C(C)C)c1NC(=O)CCN1C(=O)[C@H]2CC[C@@](C)(C1=O)C2(C)C,0.01,0.04025000000000001,0.2,0.0,0.04659153177706581,159,False,,,
8,86,Cc1cccc(CN(C(=O)c2cccc(N3CCNC3=O)c2)C(C)C)c1,0.01,0.04025000000000001,0.2,0.0,0.04659153177706581,159,False,,,
8,87,COc1ccc(C(=O)N2C[C@@H](C)[NH2+]C[C@H]2C)cc1O,0.01,0.04025000000000001,0.2,0.0,0.04659153177706581,159,False,,,
8,88,O=C(NC(=S)Nc1c(O)ccc2ccccc12)c1cccc(F)c1,0.01,0.04025000000000001,0.2,0.0,0.04659153177706581,159,False,,,
8,89,CC(=O)Nc1ccc(NC(=O)CCc2cnn(-c3ccccc3)c2)cc1,0.01,0.04025000000000001,0.2,0.0,0.04659153177706581,159,False,,,
8,90,COc1cc(F)c(NC(=O)C=C2CN(C(=O)OC(C)(C)C)C2)cc1F,0.01,0.04025000000000001,0.2,0.0,0.04659153177706581,159,False,,,
8,91,C[C@@H](Nc1ccc([N-]S(C)(=O)=O)cc1)C(=O)Nc1ccc2c(c1)OCO2,0.01,0.04025000000000001,0.2,0.0,0.04659153177706581,159,False,,,
8,92,CCC[C@@H]1C[C@@H](Nc2cc(OC)ccc2F)CCO1,0.01,0.04025000000000001,0.2,0.0,0.04659153177706581,159,False,,,
8,93,Cc1ccc(S(=O)(=O)CCC(=O)Oc2ccc(Cl)cc2Cl)cc1,0.01,0.04025000000000001,0.2,0.0,0.04659153177706581,159,False,,,
8,94,CCN(CC(=O)Nc1cccc(OC)c1)C(=O)c1ccc(F)cc1Br,0.01,0.04025000000000001,0.2,0.0,0.04659153177706581,159,False,,,
8,95,COC(=O)[C@@H]1CCCN(C(=O)NC2CCC([NH+]3CCCCC3)CC2)C1,0.01,0.04025000000000001,0.2,0.0,0.04659153177706581,159,False,,,
8,96,O=C(C[NH+]1CCN(c2ccc(C(F)(F)F)cn2)CC1)N1CCC[C@H]1c1ccc2c(c1)OCCO2,0.01,0.04025000000000001,0.2,0.0,0.04659153177706581,159,False,,,
8,97,CC(C)C[C@H]1C[NH2+]CC[C@@H]1c1cccc2c1OC(C)(C)C2,0.01,0.04025000000000001,0.2,0.0,0.04659153177706581,159,False,,,
8,98,Cc1cccc(C[NH+]2CCC[C@@]3(CC[NH+](Cc4cnn(C(C)C)c4)C3)C2)c1,0.01,0.04025000000000001,0.2,0.0,0.04659153177706581,159,False,,,
8,99,CC1=NN(C)C(C)=C1NC(=O)CS[C@H]1CCCC2=CC=CC=C21,0.01,0.04025000000000001,0.2,0.0,0.04659153177706581,159,False,,,
8,100,CC1(C)CN(CCOc2ccc(S(C)(=O)=O)cc2)CC[S@@]1=O,0.01,0.04025000000000001,0.2,0.0,0.04659153177706581,159,False,,,
8,101,O=C(NCc1ccc(N2CCC(O)CC2)c(F)c1)c1ccn(-c2ccc(F)cc2)n1,0.01,0.04025000000000001,0.2,0.0,0.04659153177706581,159,False,,,
8,102,Cc1cc(/C=C(\C#N)C(=O)Nc2ccccc2)c(C)n1-c1ccc(I)cc1,0.01,0.04025000000000001,0.2,0.0,0.04659153177706581,159,False,,,
8,103,COc1ccc(C2CC(=O)N3NC(=O)N(C=C(C)CN)C3C2c2ccc(Cl)cc2Cl)cc1OC,0.01,0.04025000000000001,0.2,0.0,0.04659153177706581,159,False,,"Both given molecules have the same JNK3 score of 0.02, indicating low activity. To improve the JNK3 score, I will combine favorable features from both molecules: the bicyclic core with nitrogen heterocycles from the first molecule, which may provide good binding interactions, and the amide-linked chlorophenyl group from the second molecule, which could enhance binding affinity through hydrophobic and halogen bonding interactions. Additionally, I will introduce a small alkene side chain (from the second molecule) to increase molecular flexibility and potential interactions. This hybrid molecule maintains key pharmacophores and adds diversity to improve activity.","I have two molecules and their JNK3 scores. The JNK3 score measures a molecular's biological activity against JNK3.


[COc1ccc([C@@H]2CC(=O)C3=C(C2)N[C@@H]2N=NC(O)=C2[C@H]3c2ccc(Cl)c(Cl)c2)cc1OC,0.02]
[C=C(C)CN(C)C(=O)CN1CC2=C(C1=O)[C@@H](c1ccc(Cl)cc1Cl)NC(=O)N2CC,0.02]Please propose a new molecule that has a higher JNK3 score. You can either make crossover and mutations based on the given molecules or just propose a new molecule based on your knowledge.



Your output should follow the format: {<<<Explaination>>>: $EXPLANATION, <<<Molecule>>>: \box{$Molecule}}. Here are the requirements:

        

1. $EXPLANATION should be your analysis.
2. The $Molecule should be the smiles of your propsosed molecule.
3. The molecule should be valid.
        "
8,104,C[C@@H](CO)CSC[C@@H]([NH3+])C1=CC=CCC1,0.01,0.04025000000000001,0.2,0.0,0.04659153177706581,159,False,,Fallback to genetic operations due to LLM error: ,"Fallback genetic operation for parents: ['CCC[C@@H](C(=O)N1CCN(CC(=O)NC2=C(C)C=CC=C2C)CC1)C1=CC=CC=C1', 'C[C@@H](CO)CSC[C@@H]([NH3+])C1=CC=C2OCCCOC2=C1']"
8,105,CCSCCN1CCN(c2nc(OC)ccc2N)CC1C(=O)NCc1ccc(N(C)C)cc1,0.01,0.04025000000000001,0.2,0.0,0.04659153177706581,159,False,,"{<<<Explanation>>>: The first molecule has a JNK3 score of 0.09 and contains a bis-thiol (CCSCC) moiety linked to a substituted aniline with dimethylamino groups and a methoxyphenyl group, suggesting some affinity for JNK3. The second molecule has a score of 0.06 and features a methoxy-substituted pyrimidine ring linked to a chiral azetidine-like structure with a positive charge, indicating a different scaffold with moderate activity.

To improve the JNK3 score, I propose combining the key features of both molecules: the bis-thiol moiety from the first molecule, which might contribute to binding via sulfur interactions, and the methoxy-substituted heterocycle from the second molecule, which may enhance binding affinity and specificity. Additionally, I will introduce a piperazine ring as a linker to improve solubility and flexibility, and maintain the dimethylamino substitution to preserve the basicity and potential hydrogen bonding.

This hybrid molecule is expected to have improved interactions with JNK3 due to the combination of sulfur-containing groups and heterocyclic aromatic systems, potentially increasing the JNK3 score beyond 0.09.

<<<Molecule>>>: \box{CCSCCN1CCN(c2nc(OC)ccc2N)CC1C(=O)NCc3ccc(N(C)C)cc3} }","I have two molecules and their JNK3 scores. The JNK3 score measures a molecular's biological activity against JNK3.


[CCSCC(C)N(C)C(=O)NCc1ccc(Nc2ccccc2OC)cc1N(C)C,0.09]
[COc1nc(N[C@@H]2C[NH+]3CCC2CC3)ccc1N,0.06]Please propose a new molecule that has a higher JNK3 score. You can either make crossover and mutations based on the given molecules or just propose a new molecule based on your knowledge.



Your output should follow the format: {<<<Explaination>>>: $EXPLANATION, <<<Molecule>>>: \box{$Molecule}}. Here are the requirements:

        

1. $EXPLANATION should be your analysis.
2. The $Molecule should be the smiles of your propsosed molecule.
3. The molecule should be valid.
        "
8,106,O=C(NCC1CCC[NH+](Cc2cccc(O)c2)C1)c1ccccc1-c1cnn[nH]1,0.01,0.04025000000000001,0.2,0.0,0.04659153177706581,159,False,,"Both given molecules have relatively low JNK3 scores (0.05 and 0.06). The first molecule features a phenyl amide linked to a chiral piperidine ring with a nitrophenol substituent, while the second molecule has a chiral piperidine amide linked to a substituted phenyl ring with a pyridyl-triazole moiety. To improve JNK3 activity, I propose combining the nitrophenol moiety from the first molecule, which may contribute to binding via hydrogen bonding and electronic effects, with the heteroaryl substitution from the second molecule, which can enhance specificity and interactions with the kinase active site. Additionally, replacing the nitro group with a less electron-withdrawing but still polar group like a cyano or hydroxyl might improve binding affinity and reduce potential toxicity. I will propose a molecule that retains the chiral piperidine amide core, attaches a phenyl ring bearing a hydroxyl group (instead of nitro) and a pyridyl-triazole substituent to enhance interactions and potentially increase the JNK3 score. This crossover and mutation strategy aims to combine favorable features from both molecules to improve biological activity.","I have two molecules and their JNK3 scores. The JNK3 score measures a molecular's biological activity against JNK3.


[O=C(NC[C@H]1CCC[NH+](CC2=CC(O)=CC=C2[N+](=O)[O-])C1)C1=CC=CC=C1,0.05]
[Cc1nonc1CC(=O)N1CCC[C@H](C(=O)Nc2ccc(-c3ccn[nH]3)cc2)C1,0.06]Please propose a new molecule that has a higher JNK3 score. You can either make crossover and mutations based on the given molecules or just propose a new molecule based on your knowledge.



Your output should follow the format: {<<<Explaination>>>: $EXPLANATION, <<<Molecule>>>: \box{$Molecule}}. Here are the requirements:

        

1. $EXPLANATION should be your analysis.
2. The $Molecule should be the smiles of your propsosed molecule.
3. The molecule should be valid.
        "
8,107,O=C(CCn1nnc2cc(-c3noc(Cc4ccc(Cl)cc4)n3)ccc21)N1CCCC1,0.0,0.04025000000000001,0.2,0.0,0.04659153177706581,159,False,,,
8,108,CCS(=O)(=O)c1ccc(C(=O)Nc2cc(C)nn2-c2nc3c(Cl)cccc3s2)cc1,0.0,0.04025000000000001,0.2,0.0,0.04659153177706581,159,False,,,
8,109,CC[NH2+][C@@H](C)[C@@H]1CCCC(C)(C)CC1,0.0,0.04025000000000001,0.2,0.0,0.04659153177706581,159,False,,,
8,110,C/C=C/C(=O)NCC(=O)Nc1cccc(C)c1C,0.0,0.04025000000000001,0.2,0.0,0.04659153177706581,159,False,,,
8,111,CC(C)OCCS(=O)(=O)N1CC(N2CC[NH2+]CC2)C1,0.0,0.04025000000000001,0.2,0.0,0.04659153177706581,159,False,,,
8,112,COc1ccc(CNC(=O)Nc2ccc(CC(N)=O)cc2)cc1OC,0.0,0.04025000000000001,0.2,0.0,0.04659153177706581,159,False,,,
8,113,Cc1nc2ccc(NC(=O)N3CCC[C@@H](C)CC3)cc2o1,0.0,0.04025000000000001,0.2,0.0,0.04659153177706581,159,False,,,
8,114,CCN(Cc1ccc(OC)cc1)C(=O)[C@H](C)Cc1ccccc1F,0.0,0.04025000000000001,0.2,0.0,0.04659153177706581,159,False,,,
8,115,COc1ccc(Oc2ccc(Cl)nn2)cc1,0.0,0.04025000000000001,0.2,0.0,0.04659153177706581,159,False,,,
8,116,O=C(NCc1ccccc1)c1cccc(S(=O)(=O)N2CCCCCC2)c1,0.0,0.04025000000000001,0.2,0.0,0.04659153177706581,159,False,,,
8,117,CCc1ccc(C(=O)OCC(=O)C2=c3ccccc3=[NH+]C2)cc1,0.0,0.04025000000000001,0.2,0.0,0.04659153177706581,159,False,,,
8,118,Cc1ccc(C(=O)CCC(=O)NCc2ccncc2)cc1,0.0,0.04025000000000001,0.2,0.0,0.04659153177706581,159,False,,,
8,119,CC(C)CN1CCO[C@@H](CNC(=O)c2ccc3[nH]nnc3c2)C1,0.0,0.04025000000000001,0.2,0.0,0.04659153177706581,159,False,,,
8,120,CCC(=O)Nc1ccc(C)c(NC(=O)C[C@@H]2CCCO2)c1,0.0,0.04025000000000001,0.2,0.0,0.04659153177706581,159,False,,,
9,1,COc1ccccc1C(=O)Nc1ccc2c(N3CCCC3)ncnc2c1,0.2,0.04483333333333334,0.2,0.0,0.04905750593832598,164,False,,"{<<<Explanation>>>: Both given molecules share a common scaffold: a benzamide linked to a bicyclic system containing a substituted pyrimidine fused to a phenyl ring, with a piperidine or azetidine ring attached to the nitrogen. The difference lies in the ring size and substitution on the nitrogen-containing ring: one has a 4-membered azetidine ring with a methylene bridge ([CH]CCC) and a methoxy group on the phenyl ring (score 0.15), the other has a 5-membered piperidine ring (CCCC) and a methyl group on the phenyl ring (score 0.19). The piperidine ring and methyl substitution seem to improve activity.

To propose a molecule with potentially higher JNK3 activity, I will combine the beneficial features: keep the piperidine ring (which gave a higher score) and introduce a methoxy group on the phenyl ring (which might enhance binding via electronic effects or H-bonding). Additionally, I will replace the methyl group on the phenyl ring with a methoxy group to increase polarity and potential interactions. This hybrid molecule might have improved binding affinity and thus a higher JNK3 score.

<<<Molecule>>>: \box{COc1ccccc1C(=O)Nc1ccc2c(N3CCCC3)ncnc2c1}}","I have two molecules and their JNK3 scores. The JNK3 score measures a molecular's biological activity against JNK3.


[COc1ccccc1C(=O)Nc1ccc2c(N3[CH]CCC3)ncnc2c1,0.15]
[Cc1ccccc1C(=O)Nc1ccc2c(N3CCCC3)ncnc2c1,0.19]Please propose a new molecule that has a higher JNK3 score. You can either make crossover and mutations based on the given molecules or just propose a new molecule based on your knowledge.



Your output should follow the format: {<<<Explaination>>>: $EXPLANATION, <<<Molecule>>>: \box{$Molecule}}. Here are the requirements:

        

1. $EXPLANATION should be your analysis.
2. The $Molecule should be the smiles of your propsosed molecule.
3. The molecule should be valid.
        "
9,2,Cc1ccccc1C(=O)Nc1ccc2c(N3CCCC3)ncnc2c1,0.19,0.04483333333333334,0.2,0.0,0.04905750593832598,164,False,,,
9,3,Cc1ccc(O)cc1C(=O)Nc1ccc2c(N3CCCC3)ncnc2c1,0.19,0.04483333333333334,0.2,0.0,0.04905750593832598,164,False,,"{<<<Explanation>>>: Both given molecules share a common core structure: a substituted aminopyrimidine fused to a phenyl ring with a piperidine (N3CCCC3) substituent. The main difference lies in the acyl substituent attached to the aniline nitrogen: one has a salicylamide moiety (O=C(Nc1ccc2c(N3CCCC3)ncnc2c1)c1ccccc1O) and the other has a methylphenylacetamide (Cc1ccccc1C(=O)Nc1ccc2c(N3CCCC3)ncnc2c1). The second molecule has a slightly higher JNK3 score (0.19 vs 0.18), suggesting that the methylphenylacetamide substitution might be more favorable.

To improve the JNK3 score, I propose combining features from both molecules and introducing a small modification to enhance binding affinity or activity. Specifically, I will:

- Retain the aminopyrimidine-piperidine core.
- Use the methylphenylacetamide moiety from the second molecule, as it has a higher score.
- Introduce a hydroxyl group on the phenyl ring of the methylphenylacetamide to mimic the salicylamide's hydroxyl, potentially improving hydrogen bonding and solubility.
- This hybrid approach may increase interactions with JNK3 and improve activity.

The proposed molecule SMILES is: Cc1ccc(O)cc1C(=O)Nc1ccc2c(N3CCCC3)ncnc2c1

This is a methyl-4-hydroxyphenylacetamide attached to the same core, combining beneficial features from both molecules.

<<<Molecule>>>: \box{Cc1ccc(O)cc1C(=O)Nc1ccc2c(N3CCCC3)ncnc2c1}}","I have two molecules and their JNK3 scores. The JNK3 score measures a molecular's biological activity against JNK3.


[O=C(Nc1ccc2c(N3CCCC3)ncnc2c1)c1ccccc1O,0.18]
[Cc1ccccc1C(=O)Nc1ccc2c(N3CCCC3)ncnc2c1,0.19]Please propose a new molecule that has a higher JNK3 score. You can either make crossover and mutations based on the given molecules or just propose a new molecule based on your knowledge.



Your output should follow the format: {<<<Explaination>>>: $EXPLANATION, <<<Molecule>>>: \box{$Molecule}}. Here are the requirements:

        

1. $EXPLANATION should be your analysis.
2. The $Molecule should be the smiles of your propsosed molecule.
3. The molecule should be valid.
        "
9,4,O=C(Nc1ccc2c(N3CCCC3)ncnc2c1)c1ccccc1O,0.18,0.04483333333333334,0.2,0.0,0.04905750593832598,164,False,,"{<<<Explanation>>>: Both given molecules share a common scaffold: a benzamide linked to a fused bicyclic system containing a piperidine ring. The difference lies in the substituent on the benzene ring attached to the amide: one has a methyl group (–CH3) and the other a methoxy group (–OCH3). The methoxy substituent (electron-donating and capable of hydrogen bonding) slightly improves the JNK3 score (0.2 vs 0.19). To further enhance activity, I propose introducing a stronger electron-donating group that can also engage in hydrogen bonding, such as a hydroxyl group (–OH), which often improves binding affinity by forming additional hydrogen bonds with the target. Additionally, placing the hydroxyl group para to the amide linkage on the benzene ring could optimize interactions. Therefore, I propose replacing the methyl/methoxy substituent with a para-hydroxy group on the benzamide phenyl ring, keeping the rest of the molecule intact. This modification is likely to increase the JNK3 score by improving binding interactions.

<<<Molecule>>>: \box{Oc1ccccc1C(=O)Nc1ccc2c(N3CCCC3)ncnc2c1}}","I have two molecules and their JNK3 scores. The JNK3 score measures a molecular's biological activity against JNK3.


[Cc1ccccc1C(=O)Nc1ccc2c(N3CCCC3)ncnc2c1,0.19]
[COc1ccccc1C(=O)Nc1ccc2c(N3CCCC3)ncnc2c1,0.2]Please propose a new molecule that has a higher JNK3 score. You can either make crossover and mutations based on the given molecules or just propose a new molecule based on your knowledge.



Your output should follow the format: {<<<Explaination>>>: $EXPLANATION, <<<Molecule>>>: \box{$Molecule}}. Here are the requirements:

        

1. $EXPLANATION should be your analysis.
2. The $Molecule should be the smiles of your propsosed molecule.
3. The molecule should be valid.
        "
9,5,COC1=CC(F)=CC=C1C(=O)NC1=CC=C2C(=C1)N=CN=C2C1=CC=CC=C1,0.18,0.04483333333333334,0.2,0.0,0.04905750593832598,164,False,,Fallback to genetic operations due to LLM error: ,"Fallback genetic operation for parents: ['COC1=CC(F)=CC=C1C(=O)NC1=CC=C2C(=C1)N=CN=C2N1CCOCC1', 'CCC[C@@H](C(=O)N1CCN(CC(=O)NC2=C(C)C=CC=C2C)CC1)C1=CC=CC=C1']"
9,6,COc1ccccc1Nc1ccc(CNC(=O)Nc2ccc3c(N4CCCC4)ncnc3c2)cc1,0.18,0.04483333333333334,0.2,0.0,0.04905750593832598,164,False,,"{<<<Explanation>>>: The first molecule has a JNK3 score of 0.09 and features a thiol-containing moiety (CCSCC) linked to a substituted aniline with methoxy and dimethylamino groups. The second molecule has a higher score of 0.18 and contains a fused bicyclic system with a piperidine ring and a phenol group, suggesting that rigid bicyclic scaffolds and hydrogen bonding groups may enhance activity. To propose a molecule with a potentially higher JNK3 score, I will combine the bicyclic fused heterocycle and piperidine ring from the second molecule with the methoxy-substituted aniline from the first molecule, aiming to retain beneficial hydrogen bonding and hydrophobic interactions. Additionally, I will replace the thiol-containing chain with a more stable amide linker to improve binding affinity and metabolic stability. This hybrid molecule should have improved interactions with JNK3 and thus a higher predicted score. 

<<<Molecule>>>: \box{O=C(Nc1ccc2c(N3CCCC3)ncnc2c1)NCc1ccc(Nc2ccccc2OC)cc1} }","I have two molecules and their JNK3 scores. The JNK3 score measures a molecular's biological activity against JNK3.


[CCSCC(C)N(C)C(=O)NCc1ccc(Nc2ccccc2OC)cc1N(C)C,0.09]
[O=C(Nc1ccc2c(N3CCCC3)ncnc2c1)c1ccccc1O,0.18]Please propose a new molecule that has a higher JNK3 score. You can either make crossover and mutations based on the given molecules or just propose a new molecule based on your knowledge.



Your output should follow the format: {<<<Explaination>>>: $EXPLANATION, <<<Molecule>>>: \box{$Molecule}}. Here are the requirements:

        

1. $EXPLANATION should be your analysis.
2. The $Molecule should be the smiles of your propsosed molecule.
3. The molecule should be valid.
        "
9,7,Cc1cc(Br)ccc1C(=O)Nc1ccc2c(N3CCCC3)ncnc2c1,0.16,0.04483333333333334,0.2,0.0,0.04905750593832598,164,False,,"The first molecule has a higher JNK3 score (0.19) compared to the second (0.02), suggesting that the core structure with the fused bicyclic system containing the pyrazolopyrimidine moiety and the piperidine ring (N3CCCC3) contributes positively to activity. The second molecule has a simpler aniline derivative with halogen substitutions (Br and Cl) but much lower activity. To improve activity, I propose to combine the favorable features: retain the bicyclic pyrazolopyrimidine core and piperidine ring from the first molecule, and introduce a halogen substitution (like Br) on the phenyl ring to potentially enhance binding through halogen bonding or hydrophobic interactions. Additionally, I will keep the amide linkage for stability. This hybrid approach aims to increase the JNK3 score by combining beneficial structural elements from both molecules.","I have two molecules and their JNK3 scores. The JNK3 score measures a molecular's biological activity against JNK3.


[Cc1ccccc1C(=O)Nc1ccc2c(N3CCCC3)ncnc2c1,0.19]
[Cc1cc(NC(=O)Nc2cccc(Cl)c2)ncc1Br,0.02]Please propose a new molecule that has a higher JNK3 score. You can either make crossover and mutations based on the given molecules or just propose a new molecule based on your knowledge.



Your output should follow the format: {<<<Explaination>>>: $EXPLANATION, <<<Molecule>>>: \box{$Molecule}}. Here are the requirements:

        

1. $EXPLANATION should be your analysis.
2. The $Molecule should be the smiles of your propsosed molecule.
3. The molecule should be valid.
        "
9,8,COC1=CC=CC=C1C(=O)NC1=CC=C2C(=C1)N=CN=C2N1[CH]CCC1,0.15,0.04483333333333334,0.2,0.0,0.04905750593832598,164,False,,,
9,9,COC1=CC(F)=CC=C1C(=O)NC1=CC=C2C(=C1)N=CN=C2N1CCCC1,0.14,0.04483333333333334,0.2,0.0,0.04905750593832598,164,False,,,
9,10,COC1=CC(F)=CC=C1C(=O)NC1=CC=C2C(=C1)N=CN=C2N1CCOCC1,0.14,0.04483333333333334,0.2,0.0,0.04905750593832598,164,False,,,
9,11,COc1ccc(C(F)(F)F)cc1C(=O)Nc1ccc2c(N3[CH]CCC3)ncnc2c1,0.14,0.04483333333333334,0.2,0.0,0.04905750593832598,164,False,,"The first molecule has a higher JNK3 score (0.15) compared to the second (0.04), indicating better activity. The first molecule features a methoxyphenyl group linked via an amide to a bicyclic heterocycle containing a nitrogen-rich fused ring system, which likely contributes to its higher activity. The second molecule has a nitro-substituted phenyl ring and a trifluoromethyl group on a lactam ring, but its activity is lower.

To improve activity, I propose combining the favorable features of both molecules: retain the bicyclic heterocycle and amide linkage from the first molecule, but introduce the trifluoromethyl group from the second molecule to enhance binding affinity and metabolic stability. Specifically, I will modify the first molecule by adding a trifluoromethyl group on the phenyl ring (para to the methoxy group) to potentially increase hydrophobic interactions and improve activity.

This hybrid approach leverages the higher activity scaffold of the first molecule and the beneficial trifluoromethyl substitution from the second.","I have two molecules and their JNK3 scores. The JNK3 score measures a molecular's biological activity against JNK3.


[COc1ccccc1C(=O)Nc1ccc2c(N3[CH]CCC3)ncnc2c1,0.15]
[CC(=O)c1ccc(N[C@H]2CC(=O)N(CC(F)(F)F)C2)c([N+](=O)[O-])c1,0.04]Please propose a new molecule that has a higher JNK3 score. You can either make crossover and mutations based on the given molecules or just propose a new molecule based on your knowledge.



Your output should follow the format: {<<<Explaination>>>: $EXPLANATION, <<<Molecule>>>: \box{$Molecule}}. Here are the requirements:

        

1. $EXPLANATION should be your analysis.
2. The $Molecule should be the smiles of your propsosed molecule.
3. The molecule should be valid.
        "
9,12,COc1ccccc1C(=O)Nc1ccc2c(N3CCCN3)ncnc2c1,0.14,0.04483333333333334,0.2,0.0,0.04905750593832598,164,False,,"{<<<Explanation>>>: The first molecule has a JNK3 score of 0.15, which is higher than the second molecule's 0.07. The first molecule features a methoxyphenyl group linked to a bicyclic heterocycle containing a nitrogen bridge, while the second molecule has a more complex structure with nitro groups and a charged amine. Nitro groups and charged groups often reduce cell permeability and can negatively impact activity. To improve the JNK3 score, I propose to combine the favorable features of the first molecule (the methoxyphenyl and bicyclic heterocycle) with a less polar, less charged substituent inspired by the second molecule's amine side chain but without the nitro groups. Specifically, I will replace the nitro-substituted aromatic amine in the second molecule with a simpler, neutral amine side chain attached to the bicyclic core of the first molecule, maintaining the methoxyphenyl group and the amide linkage. This hybrid should improve binding affinity and biological activity by preserving key interactions and reducing polarity and charge that may hinder activity.

<<<Molecule>>>: \box{COc1ccccc1C(=O)Nc1ccc2c(N3CCCN3)ncnc2c1} }","I have two molecules and their JNK3 scores. The JNK3 score measures a molecular's biological activity against JNK3.


[COc1ccccc1C(=O)Nc1ccc2c(N3[CH]CCC3)ncnc2c1,0.15]
[O=C(NCC1CCC[NH+](Cc2cc(O)ccc2[N+](=O)[O-])C1)Nc1ccc(Cn2cc(Cl)c([N+](=O)[O-])n2)cc1,0.07]Please propose a new molecule that has a higher JNK3 score. You can either make crossover and mutations based on the given molecules or just propose a new molecule based on your knowledge.



Your output should follow the format: {<<<Explaination>>>: $EXPLANATION, <<<Molecule>>>: \box{$Molecule}}. Here are the requirements:

        

1. $EXPLANATION should be your analysis.
2. The $Molecule should be the smiles of your propsosed molecule.
3. The molecule should be valid.
        "
9,13,COc1ccc(C(=O)N2CCCC(C(=O)Nc3ccc(-c4ccncc4)cc3)C2)cc1,0.12,0.04483333333333334,0.2,0.0,0.04905750593832598,164,False,,"Both given molecules have relatively low JNK3 scores (0.06 and 0.05), indicating modest activity. The first molecule features a piperidine ring linked to an amide and a substituted phenyl ring with a pyrazole moiety, while the second molecule contains a methoxy-substituted aromatic system with a nitro group and an amide linkage. To potentially increase JNK3 activity, I propose combining the amide-linked aromatic system from the first molecule with the electron-donating methoxy groups from the second molecule to enhance binding affinity and improve interactions with the JNK3 active site. Additionally, replacing the pyrazole ring with a more planar heterocycle like a pyridine could improve stacking interactions. Therefore, I propose a molecule with a piperidine ring linked via an amide to a methoxy-substituted phenyl ring, which is further connected to a pyridine ring. This hybrid design aims to improve binding affinity and thus increase the JNK3 score.","I have two molecules and their JNK3 scores. The JNK3 score measures a molecular's biological activity against JNK3.


[Cc1nonc1CC(=O)N1CCC[C@H](C(=O)Nc2ccc(-c3ccn[nH]3)cc2)C1,0.06]
[COc1ccc(CNC(=O)c2cc(OC)c(OC)cc2[N+](=O)[O-])cn1,0.05]Please propose a new molecule that has a higher JNK3 score. You can either make crossover and mutations based on the given molecules or just propose a new molecule based on your knowledge.



Your output should follow the format: {<<<Explaination>>>: $EXPLANATION, <<<Molecule>>>: \box{$Molecule}}. Here are the requirements:

        

1. $EXPLANATION should be your analysis.
2. The $Molecule should be the smiles of your propsosed molecule.
3. The molecule should be valid.
        "
9,14,Cc1cc(F)ccc1C(=O)Nc1ccc2c(N3CCOCC3)ncnc2c1,0.12,0.04483333333333334,0.2,0.0,0.04905750593832598,164,False,,"The first molecule has a higher JNK3 score (0.19) compared to the second (0.07), indicating that the amide-linked aromatic system with a fused bicyclic heterocycle (a purine-like structure with a piperidine substituent) is more favorable for activity. The second molecule has a rigid bicyclic scaffold with a nitro-substituted phenyl ring, which might contribute less to activity. To improve the score, I propose combining the amide linkage and aromatic system from the first molecule with a modification to increase binding affinity: replacing the piperidine ring with a morpholine ring (which can improve solubility and hydrogen bonding) and adding a small electron-withdrawing group (like fluorine) on the phenyl ring to enhance interactions. This hybrid approach aims to retain the favorable scaffold of the first molecule while introducing beneficial mutations to improve activity against JNK3.","I have two molecules and their JNK3 scores. The JNK3 score measures a molecular's biological activity against JNK3.


[Cc1ccccc1C(=O)Nc1ccc2c(N3CCCC3)ncnc2c1,0.19]
[O=C(N1CCOCC1)C12C[C@H]3C[C@@H](C1)CC(c1ccc([N+](=O)[O-])cc1)(C3)C2,0.07]Please propose a new molecule that has a higher JNK3 score. You can either make crossover and mutations based on the given molecules or just propose a new molecule based on your knowledge.



Your output should follow the format: {<<<Explaination>>>: $EXPLANATION, <<<Molecule>>>: \box{$Molecule}}. Here are the requirements:

        

1. $EXPLANATION should be your analysis.
2. The $Molecule should be the smiles of your propsosed molecule.
3. The molecule should be valid.
        "
9,15,COc1ccc(CN2CCC(CNC(=O)c3c[nH]nc3-c3ccc(Cl)c([N+](=O)[O-])c3)CC2)cc1,0.11,0.04483333333333334,0.2,0.0,0.04905750593832598,164,False,,"{<<<Explanation>>>: Both given molecules have a JNK3 score of 0.05, indicating relatively low activity. They share some common features: an amide linkage connected to heterocyclic systems and aromatic rings with electron-withdrawing groups (Cl, NO2). To potentially increase JNK3 activity, I propose combining favorable features from both molecules: the pyrazole-based heterocycle from the first molecule and the nitro-substituted chlorinated aromatic ring from the second molecule. Additionally, introducing a methoxy group on the aromatic ring (as in the first molecule) may enhance binding through electronic effects. I also suggest replacing the piperidinium ring (positively charged nitrogen in the first molecule) with a neutral piperidine to reduce potential off-target interactions and improve membrane permeability. This crossover and mutation aim to improve binding affinity and biological activity against JNK3. 

<<<Molecule>>>: \box{COc1ccc(CN2CCC(CNC(=O)c3c[nH]nc3-c3ccc(Cl)c([N+](=O)[O-])c3)CC2)cc1}}}","I have two molecules and their JNK3 scores. The JNK3 score measures a molecular's biological activity against JNK3.


[COc1ccc(C[NH+]2CCC(CNC(=O)c3c[nH]nc3-c3ccc(Cl)cc3)CC2)cc1,0.05]
[Cc1nn(C)cc1CNC(=O)c1ccc(Cn2cc(Cl)c([N+](=O)[O-])n2)cc1,0.05]Please propose a new molecule that has a higher JNK3 score. You can either make crossover and mutations based on the given molecules or just propose a new molecule based on your knowledge.



Your output should follow the format: {<<<Explaination>>>: $EXPLANATION, <<<Molecule>>>: \box{$Molecule}}. Here are the requirements:

        

1. $EXPLANATION should be your analysis.
2. The $Molecule should be the smiles of your propsosed molecule.
3. The molecule should be valid.
        "
9,16,CC(=O)Nc1ccc(NCc2csc(-c3cccc(Cl)c3)n2)c(C(F)(F)F)c1,0.11,0.04483333333333334,0.2,0.0,0.04905750593832598,164,False,,"{<<<Explanation>>>: The first molecule has a JNK3 score of 0.06 and contains a complex bicyclic system with a chlorophenyl-thiazole moiety and fluorinated aromatic rings, suggesting that halogenation and heterocyclic structures contribute to activity. The second molecule has a slightly higher score of 0.08 and features an acetamide linked to a trifluoromethyl-substituted aromatic ring and a fluorobenzyl amine, indicating that electron-withdrawing groups like CF3 and fluorine on aromatic rings may enhance activity. To propose a molecule with a potentially higher JNK3 score, I will combine features from both molecules: retain the acetamide and trifluoromethyl-substituted aromatic ring from the second molecule for potency, and introduce a heterocyclic thiazole ring with a chlorophenyl substituent from the first molecule to enhance binding affinity. Additionally, I will keep fluorine substituents to maintain electron-withdrawing effects. This hybrid molecule is expected to have improved interactions with JNK3, potentially increasing the score beyond 0.08. 

<<<Molecule>>>: \box{CC(=O)Nc1ccc(NCc2csc(n2)C3=CC=CC(Cl)=C3)c(C(F)(F)F)c1}}","I have two molecules and their JNK3 scores. The JNK3 score measures a molecular's biological activity against JNK3.


[COC1=CC(F)=C(NC(=O)C=C2CN(C(=O)NC3=NC=C(CC4=CC=CC(Cl)=C4)S3)C2)C=C1F,0.06]
[CC(=O)Nc1ccc(NCc2ccccc2F)c(C(F)(F)F)c1,0.08]Please propose a new molecule that has a higher JNK3 score. You can either make crossover and mutations based on the given molecules or just propose a new molecule based on your knowledge.



Your output should follow the format: {<<<Explaination>>>: $EXPLANATION, <<<Molecule>>>: \box{$Molecule}}. Here are the requirements:

        

1. $EXPLANATION should be your analysis.
2. The $Molecule should be the smiles of your propsosed molecule.
3. The molecule should be valid.
        "
9,17,COc1ccccc1C(=O)N1CCCC(C(=O)Nc2ccc(-c3ccncc3)cc2)C1,0.1,0.04483333333333334,0.2,0.0,0.04905750593832598,164,False,,"{<<<Explanation>>>: The first molecule has a JNK3 score of 0.12 and features a piperidine ring linked to an amide and a methoxyphenyl group, with an additional amide connected to a biphenyl-pyridine moiety. The second molecule has a higher score of 0.2 and contains a methoxyphenyl group connected via an amide to a fused bicyclic system with a piperidine ring incorporated in the structure. The second molecule’s fused bicyclic system with a nitrogen heterocycle likely contributes to better binding affinity.

To propose a molecule with a potentially higher JNK3 score, I will combine the favorable features of both molecules: the methoxyphenyl amide from the second molecule and the biphenyl-pyridine moiety from the first molecule, while maintaining the piperidine ring that may enhance binding. Specifically, I will design a molecule where the methoxyphenyl amide is connected to a piperidine ring, which is further connected via an amide to the biphenyl-pyridine fragment. This hybrid should retain key pharmacophores and possibly improve activity.

<<<Molecule>>>: \box{COc1ccccc1C(=O)N2CCCC(C(=O)Nc3ccc(-c4ccncc4)cc3)C2}}}","I have two molecules and their JNK3 scores. The JNK3 score measures a molecular's biological activity against JNK3.


[COc1ccc(C(=O)N2CCCC(C(=O)Nc3ccc(-c4ccncc4)cc3)C2)cc1,0.12]
[COc1ccccc1C(=O)Nc1ccc2c(N3CCCC3)ncnc2c1,0.2]Please propose a new molecule that has a higher JNK3 score. You can either make crossover and mutations based on the given molecules or just propose a new molecule based on your knowledge.



Your output should follow the format: {<<<Explaination>>>: $EXPLANATION, <<<Molecule>>>: \box{$Molecule}}. Here are the requirements:

        

1. $EXPLANATION should be your analysis.
2. The $Molecule should be the smiles of your propsosed molecule.
3. The molecule should be valid.
        "
9,18,CCSCC(C)N(C)C(=O)NCc1ccc(Nc2ccccc2OC)cc1N(C)C,0.09,0.04483333333333334,0.2,0.0,0.04905750593832598,164,False,,"Both given molecules have very low JNK3 scores (0.02 and 0.01), indicating weak activity. The first molecule features a peptide-like backbone with an amide linkage and aromatic substitution, while the second has a bicyclic system with a positively charged amine and a bulky tert-butyl ether group. To improve JNK3 activity, it is often beneficial to combine features that enhance binding affinity, such as maintaining the amide linkage for hydrogen bonding and incorporating aromatic or heteroaromatic rings for π-π stacking interactions. Additionally, reducing steric hindrance and optimizing the basic amine groups can improve binding. I propose a molecule that merges the amide backbone and aromatic substitution from the first molecule with a less bulky, more planar bicyclic aromatic system inspired by the second molecule, replacing the bulky tert-butyl group with a simpler methoxy group to reduce steric hindrance and maintain polarity. This hybrid molecule should have improved binding potential and thus a higher JNK3 score.","I have two molecules and their JNK3 scores. The JNK3 score measures a molecular's biological activity against JNK3.


[CCSC[C@@H](C)N(C)C(=O)NCc1ccc(C)cc1N(C)C,0.02]
[CC(C)C[C@H]1C[NH2+]CC[C@@H]1c1cccc2c1OC(C)(C)C2,0.01]Please propose a new molecule that has a higher JNK3 score. You can either make crossover and mutations based on the given molecules or just propose a new molecule based on your knowledge.



Your output should follow the format: {<<<Explaination>>>: $EXPLANATION, <<<Molecule>>>: \box{$Molecule}}. Here are the requirements:

        

1. $EXPLANATION should be your analysis.
2. The $Molecule should be the smiles of your propsosed molecule.
3. The molecule should be valid.
        "
9,19,CC1=CC=C(Cl)C(O[C@H](C)C(=O)NC2=NC(C3=CC=C([C@@H](C)CC4=CC(O)=CC=C4[N+](=O)[O-])C=C3)=CS2)=C1,0.09,0.04483333333333334,0.2,0.0,0.04905750593832598,164,False,,Fallback to genetic operations due to LLM error: ,"Fallback genetic operation for parents: ['CC(=O)N[C@H](C)C1=CC=C(C2=CSC(NC(=O)[C@@H](C)OC3=CC(C)=CC=C3Cl)=N2)C=C1', 'O=C(NC[C@H]1CCC[NH+](CC2=CC(O)=CC=C2[N+](=O)[O-])C1)C1=CC=CC=C1']"
9,20,Cc1ccc(Cl)c(OC(C)C(=O)Nc2cccs2)c1-c1ccc(C(C)Cc2cc(O)ccc2[N+](=O)[O-])cc1,0.09,0.04483333333333334,0.2,0.0,0.04905750593832598,164,False,,"The first molecule has a higher JNK3 score (0.09) compared to the second (0.02), indicating that its structural features contribute more effectively to JNK3 activity. Key features in the first molecule include a chlorophenyl group, a chiral center with an amide linkage to a thiazole ring, and a nitrophenol moiety, which may contribute to binding affinity through hydrogen bonding and electronic effects. The second molecule has a methoxy-thiophene core with a bulky tert-butyl group and a chiral alcohol, but lower activity.

To design a molecule with potentially higher JNK3 activity, I propose combining the chlorophenyl and nitrophenol features from the first molecule with the thiophene core from the second molecule, which may enhance binding through aromatic and heterocyclic interactions. Additionally, I will retain the amide linkage and chiral center to preserve key interactions. I will replace the bulky tert-butyl group with a smaller isopropyl group to reduce steric hindrance and potentially improve fit in the binding site.

This hybrid molecule aims to integrate favorable features from both molecules to increase JNK3 activity.","I have two molecules and their JNK3 scores. The JNK3 score measures a molecular's biological activity against JNK3.


[CC1=CC=C(Cl)C(O[C@H](C)C(=O)NC2=NC(C3=CC=C([C@@H](C)CC4=CC(O)=CC=C4[N+](=O)[O-])C=C3)=CS2)=C1,0.09]
[COc1cc(-c2ccccc2)sc1C(=O)NC[C@@H](O)C(C)(C)C,0.02]Please propose a new molecule that has a higher JNK3 score. You can either make crossover and mutations based on the given molecules or just propose a new molecule based on your knowledge.



Your output should follow the format: {<<<Explaination>>>: $EXPLANATION, <<<Molecule>>>: \box{$Molecule}}. Here are the requirements:

        

1. $EXPLANATION should be your analysis.
2. The $Molecule should be the smiles of your propsosed molecule.
3. The molecule should be valid.
        "
9,21,Cc1ccccc1C(=O)NNc1ccc2c(N3CCCO3)ncnc2c1,0.09,0.04483333333333334,0.2,0.0,0.04905750593832598,164,False,,"{<<<Explanation>>>: The first molecule has a higher JNK3 score (0.19) compared to the second (0.03), indicating that the core structure of the first molecule is more favorable for JNK3 activity. The first molecule features a benzamide linked to a fused bicyclic system containing a nitrogen heterocycle and a piperidine ring, which likely contributes to binding affinity. The second molecule has a morpholine ring and a hydrazide group, which may not be as effective.

To propose a molecule with potentially higher JNK3 activity, I will combine the favorable benzamide and bicyclic heterocycle core from the first molecule with a modification inspired by the second molecule's morpholine ring, replacing the piperidine ring in the first molecule with a morpholine ring to improve solubility and possibly binding interactions. Additionally, I will replace the amide NH with a hydrazide (C(=O)NN) group from the second molecule, which might enhance hydrogen bonding and activity.

This hybrid molecule keeps the key bicyclic heterocycle and benzamide core from the first molecule but introduces the hydrazide and morpholine features from the second molecule, potentially increasing JNK3 activity beyond 0.19.

<<<Molecule>>>: \box{Cc1ccccc1C(=O)NNc1ccc2c(n3OCCC3)ncnc2c1}}","I have two molecules and their JNK3 scores. The JNK3 score measures a molecular's biological activity against JNK3.


[Cc1ccccc1C(=O)Nc1ccc2c(N3CCCC3)ncnc2c1,0.19]
[C[C@@H]1COCCN1Cc1ccc(C(=O)NN)cn1,0.03]Please propose a new molecule that has a higher JNK3 score. You can either make crossover and mutations based on the given molecules or just propose a new molecule based on your knowledge.



Your output should follow the format: {<<<Explaination>>>: $EXPLANATION, <<<Molecule>>>: \box{$Molecule}}. Here are the requirements:

        

1. $EXPLANATION should be your analysis.
2. The $Molecule should be the smiles of your propsosed molecule.
3. The molecule should be valid.
        "
9,22,CC(=O)Nc1ccc(NCc2ccccc2F)c(C(F)(F)F)c1,0.08,0.04483333333333334,0.2,0.0,0.04905750593832598,164,False,,,
9,23,CC(=O)Nc1ccc(NCC2COC(N)C2C)c(C(F)(F)F)c1,0.08,0.04483333333333334,0.2,0.0,0.04905750593832598,164,False,,"{<<<Explanation>>>: The first molecule has a higher JNK3 score (0.11) compared to the second (0.01), indicating that the acetamide-substituted aromatic ring with a trifluoromethyl group and a thiazole linked to a chlorophenyl group contributes positively to activity. The second molecule, a chiral tetrahydrofuran with a methoxy-fluoro-substituted phenyl, shows low activity. To improve activity, I propose combining the acetamide and trifluoromethyl-substituted aromatic system from the first molecule with the tetrahydrofuran ring from the second molecule, replacing the thiazole-chlorophenyl moiety with the tetrahydrofuran ring to potentially enhance binding and solubility. This hybrid molecule maintains key pharmacophores from the first molecule while introducing the tetrahydrofuran ring to improve interactions and possibly increase the JNK3 score. 

<<<Molecule>>>: \box{CC(=O)Nc1ccc(NCC2CO[C@@H]([C@@H]2C)N)c(C(F)(F)F)c1}}","I have two molecules and their JNK3 scores. The JNK3 score measures a molecular's biological activity against JNK3.


[CC(=O)Nc1ccc(NCc2csc(-c3cccc(Cl)c3)n2)c(C(F)(F)F)c1,0.11]
[CCC[C@@H]1C[C@@H](Nc2cc(OC)ccc2F)CCO1,0.01]Please propose a new molecule that has a higher JNK3 score. You can either make crossover and mutations based on the given molecules or just propose a new molecule based on your knowledge.



Your output should follow the format: {<<<Explaination>>>: $EXPLANATION, <<<Molecule>>>: \box{$Molecule}}. Here are the requirements:

        

1. $EXPLANATION should be your analysis.
2. The $Molecule should be the smiles of your propsosed molecule.
3. The molecule should be valid.
        "
9,24,O=C(N1CCOCC1)C12C[C@H]3C[C@@H](C1)CC(c1ccc([N+](=O)[O-])cc1)(C3)C2,0.07,0.04483333333333334,0.2,0.0,0.04905750593832598,164,False,,,
9,25,O=C(NCC1CCC[NH+](Cc2cc(O)ccc2[N+](=O)[O-])C1)Nc1ccc(Cn2cc(Cl)c([N+](=O)[O-])n2)cc1,0.07,0.04483333333333334,0.2,0.0,0.04905750593832598,164,False,,"{<<<Explanation>>>: Both given molecules have low JNK3 scores (0.05), indicating weak activity. To improve activity, we can combine favorable features from both molecules. The first molecule has a chiral piperidine ring linked to a phenol substituted with a nitro group, while the second molecule contains a pyrazole ring with a nitro and chloro substitution and an amide linkage to a methylated pyrazole. Nitro groups and halogens often enhance binding affinity through electronic effects and interactions with the kinase active site. To propose a molecule with potentially higher JNK3 activity, I suggest a hybrid structure that retains the piperidine ring from the first molecule (important for conformational rigidity and binding) and incorporates the pyrazole ring with chloro and nitro substituents from the second molecule, connected via an amide linker to a phenyl ring. This design aims to combine the key pharmacophores and improve binding interactions with JNK3. The proposed molecule is: O=C(NC[C@H]1CCC[NH+](Cc2cc(O)ccc2[N+](=O)[O-])C1)Nc3ccc(Cn4cc(Cl)c([N+](=O)[O-])n4)cc3. This molecule is valid and merges the structural motifs that may enhance JNK3 inhibition. , <<<Molecule>>>: \box{O=C(NC[C@H]1CCC[NH+](Cc2cc(O)ccc2[N+](=O)[O-])C1)Nc3ccc(Cn4cc(Cl)c([N+](=O)[O-])n4)cc3}}","I have two molecules and their JNK3 scores. The JNK3 score measures a molecular's biological activity against JNK3.


[O=C(NC[C@H]1CCC[NH+](Cc2cc(O)ccc2[N+](=O)[O-])C1)c1ccccc1,0.05]
[Cc1nn(C)cc1CNC(=O)c1ccc(Cn2cc(Cl)c([N+](=O)[O-])n2)cc1,0.05]Please propose a new molecule that has a higher JNK3 score. You can either make crossover and mutations based on the given molecules or just propose a new molecule based on your knowledge.



Your output should follow the format: {<<<Explaination>>>: $EXPLANATION, <<<Molecule>>>: \box{$Molecule}}. Here are the requirements:

        

1. $EXPLANATION should be your analysis.
2. The $Molecule should be the smiles of your propsosed molecule.
3. The molecule should be valid.
        "
9,26,Cc1nonc1CC(=O)N1CCC[C@H](C(=O)Nc2ccc(-c3ccn[nH]3)cc2)C1,0.06,0.04483333333333334,0.2,0.0,0.04905750593832598,164,False,,,
9,27,Fc1ccc2oc(C[NH2+]C[C@@H]3CN4CCCC[C@@H]4CO3)cc2c1,0.06,0.04483333333333334,0.2,0.0,0.04905750593832598,164,False,,,
9,28,Cc1ccc([C@H](C)NC(=O)N[C@H]2CC(=O)N(C3CC3)C2)cc1[N+](=O)[O-],0.06,0.04483333333333334,0.2,0.0,0.04905750593832598,164,False,,,
9,29,COc1nc(N[C@@H]2C[NH+]3CCC2CC3)ccc1N,0.06,0.04483333333333334,0.2,0.0,0.04905750593832598,164,False,,,
9,30,COC1=CC(F)=C(NC(=O)C=C2CN(C(=O)NC3=NC=C(CC4=CC=CC(Cl)=C4)S3)C2)C=C1F,0.06,0.04483333333333334,0.2,0.0,0.04905750593832598,164,False,,Fallback to genetic operations due to LLM error: ,"Fallback genetic operation for parents: ['COC1=CC(F)=C(NC(=O)C=C2CN(C(=O)NC3=NC=NC4=C3CCC4)C2)C=C1F', 'C[NH+]1CCC(NC(=O)NC2=NC=C(CC3=CC=CC(Cl)=C3)S2)CC1']"
9,31,COc1ccc(CNC(=O)c2cc(OC)c(OC)cc2[N+](=O)[O-])cn1,0.05,0.04483333333333334,0.2,0.0,0.04905750593832598,164,False,,,
9,32,CS[C@@H](C)C1=CC=CC(NC(=O)C2=CN(C)N=C2C2=CC=CC=C2)=C1,0.05,0.04483333333333334,0.2,0.0,0.04905750593832598,164,False,,,
9,33,Cc1nn(C)cc1CNC(=O)c1ccc(Cn2cc(Cl)c([N+](=O)[O-])n2)cc1,0.05,0.04483333333333334,0.2,0.0,0.04905750593832598,164,False,,,
9,34,COc1ccc(C[NH+]2CCC(CNC(=O)c3c[nH]nc3-c3ccc(Cl)cc3)CC2)cc1,0.05,0.04483333333333334,0.2,0.0,0.04905750593832598,164,False,,,
9,35,O=C(NC[C@H]1CCC[NH+](CC2=CC(O)=CC=C2[N+](=O)[O-])C1)C1=CC=CC=C1,0.05,0.04483333333333334,0.2,0.0,0.04905750593832598,164,False,,,
9,36,Cc1ccccc1C(=O)Nc1ccc2c(N3CCCC3)ncnc2c1-c1cc(Cl)cc(Cl)c1,0.05,0.04483333333333334,0.2,0.0,0.04905750593832598,164,False,,"The first molecule has a very low JNK3 score (0.02), while the second molecule has a higher score (0.19). The second molecule contains a fused bicyclic system with a purine-like scaffold and a piperidine ring, which might contribute to better binding affinity. The first molecule has a different scaffold with a bicyclic lactam and dichlorophenyl group but lower activity. To design a molecule with potentially higher JNK3 activity, I propose combining the purine-like bicyclic core and the piperidine ring from the second molecule with the dichlorophenyl substituent from the first molecule, as halogenated aromatic rings often enhance binding through hydrophobic and halogen bonding interactions. Additionally, I will keep the amide linkage to maintain hydrogen bonding potential. This hybrid molecule might improve binding affinity and thus increase the JNK3 score.","I have two molecules and their JNK3 scores. The JNK3 score measures a molecular's biological activity against JNK3.


[C=C(C)CN(C)C(=O)CN1CC2=C(C1=O)[C@@H](c1ccc(Cl)cc1Cl)NC(=O)N2CC,0.02]
[Cc1ccccc1C(=O)Nc1ccc2c(N3CCCC3)ncnc2c1,0.19]Please propose a new molecule that has a higher JNK3 score. You can either make crossover and mutations based on the given molecules or just propose a new molecule based on your knowledge.



Your output should follow the format: {<<<Explaination>>>: $EXPLANATION, <<<Molecule>>>: \box{$Molecule}}. Here are the requirements:

        

1. $EXPLANATION should be your analysis.
2. The $Molecule should be the smiles of your propsosed molecule.
3. The molecule should be valid.
        "
9,37,CSC(C)c1ccc(NC(=O)c2cn(C)nc2-c2ccccc2)cc1F,0.05,0.04483333333333334,0.2,0.0,0.04905750593832598,164,False,,"{<<<Explanation>>>: The first molecule has a higher JNK3 score (0.05) compared to the second (0.01), indicating that the scaffold with the substituted aniline linked to a methylated purine-like heterocycle is more active. The second molecule contains a thiosemicarbazide moiety attached to a hydroxy-biphenyl system with a fluorophenyl amide, which shows lower activity. To improve activity, I propose combining the key features of the first molecule (the aniline-purine amide scaffold) with a fluorine substituent on the phenyl ring to potentially enhance binding affinity and metabolic stability. Introducing a fluorine on the phenyl ring of the first molecule may increase lipophilicity and binding interactions, potentially increasing the JNK3 score. This is a mutation of the first molecule by adding a fluorine substituent on the phenyl ring para to the amide linkage.

<<<Molecule>>>: \box{CS[C@@H](C)C1=CC=C(C=C1F)NC(=O)C2=CN(C)N=C2C3=CC=CC=C3}}","I have two molecules and their JNK3 scores. The JNK3 score measures a molecular's biological activity against JNK3.


[CS[C@@H](C)C1=CC=CC(NC(=O)C2=CN(C)N=C2C2=CC=CC=C2)=C1,0.05]
[O=C(NC(=S)Nc1c(O)ccc2ccccc12)c1cccc(F)c1,0.01]Please propose a new molecule that has a higher JNK3 score. You can either make crossover and mutations based on the given molecules or just propose a new molecule based on your knowledge.



Your output should follow the format: {<<<Explaination>>>: $EXPLANATION, <<<Molecule>>>: \box{$Molecule}}. Here are the requirements:

        

1. $EXPLANATION should be your analysis.
2. The $Molecule should be the smiles of your propsosed molecule.
3. The molecule should be valid.
        "
9,38,COc1ccccc1C(=O)Nc1ccc2c(N3CCCN3)ncnc2c1C(=O)NC1=NC=C(Cc2cccc(Cl)c2)[SH]1F,0.05,0.04483333333333334,0.2,0.0,0.04905750593832598,164,False,,"The first molecule has a JNK3 score of 0.06 and features a fluorinated aromatic ring with an amide-linked heterocyclic system containing a thiazole ring and a chlorophenyl substituent. The second molecule has a higher score of 0.15 and contains a methoxyphenyl group linked via an amide to a fused bicyclic purine-like system with a piperidine ring. To design a molecule with a potentially higher JNK3 score, I propose combining the favorable features of both molecules: the methoxyphenyl amide moiety from the second molecule, which may enhance binding affinity, and the heterocyclic system from the first molecule that includes the thiazole and chlorophenyl substituent, which might contribute to specificity and potency. Additionally, I will introduce a fluorine atom on the phenyl ring to potentially improve metabolic stability and binding interactions. This hybrid molecule aims to leverage the higher activity scaffold of the second molecule while incorporating the heterocyclic complexity and halogenation of the first, potentially resulting in improved JNK3 inhibition.","I have two molecules and their JNK3 scores. The JNK3 score measures a molecular's biological activity against JNK3.


[COC1=CC(F)=C(NC(=O)C=C2CN(C(=O)NC3=NC=C(CC4=CC=CC(Cl)=C4)S3)C2)C=C1F,0.06]
[COc1ccccc1C(=O)Nc1ccc2c(N3[CH]CCC3)ncnc2c1,0.15]Please propose a new molecule that has a higher JNK3 score. You can either make crossover and mutations based on the given molecules or just propose a new molecule based on your knowledge.



Your output should follow the format: {<<<Explaination>>>: $EXPLANATION, <<<Molecule>>>: \box{$Molecule}}. Here are the requirements:

        

1. $EXPLANATION should be your analysis.
2. The $Molecule should be the smiles of your propsosed molecule.
3. The molecule should be valid.
        "
9,39,CC1=CC=C(NC(=O)CN2C(=O)S/C(=C/C3=C(F)C=CC=C3Cl)C2=O)C=C1,0.04,0.04483333333333334,0.2,0.0,0.04905750593832598,164,False,,,
9,40,C[C@H](NC(=O)NCC1=CC=CC2=CC=CN=C21)C1=CN(C)N=C1,0.04,0.04483333333333334,0.2,0.0,0.04905750593832598,164,False,,,
9,41,CC(=O)c1ccc(N[C@H]2CC(=O)N(CC(F)(F)F)C2)c([N+](=O)[O-])c1,0.04,0.04483333333333334,0.2,0.0,0.04905750593832598,164,False,,,
9,42,Cc1cnc(C[NH+](C)CCCc2cc(-c3ccc(F)cc3)[nH]n2)o1,0.04,0.04483333333333334,0.2,0.0,0.04905750593832598,164,False,,,
9,43,CC(=O)N[C@H](C)C1=CC=C(C2=CSC(NC(=O)[C@@H](C)OC3=CC(C)=CC=C3Cl)=N2)C=C1,0.04,0.04483333333333334,0.2,0.0,0.04905750593832598,164,False,,,
9,44,CC(C)N1C=CC(CCNCC2=CN=C(C3=CSC=C3)S2)=N1,0.04,0.04483333333333334,0.2,0.0,0.04905750593832598,164,False,,,
9,45,CS[C@@H](C)C1=CC(NC(=O)C2=CN(C)N=C2NC(=O)NCC2=CC=CC3=CC=CN=C32)=CC=C1,0.04,0.04483333333333334,0.2,0.0,0.04905750593832598,164,False,,Fallback to genetic operations due to LLM error: ,"Fallback genetic operation for parents: ['CS[C@@H](C)C1=CC=CC(NC(=O)C2=CN(C)N=C2C2=CC=CC=C2)=C1', 'C[C@H](NC(=O)NCC1=CC=CC2=CC=CN=C21)C1=CN(C)N=C1']"
9,46,Cc1ccc(C(C)NC(=O)N2[CH]OCC2)c([N+](=O)[O-])c1,0.04,0.04483333333333334,0.2,0.0,0.04905750593832598,164,False,,"Both given molecules have relatively low JNK3 scores (0.06 and 0.02), indicating modest activity. The first molecule features a nitro-substituted phenyl ring linked to a chiral amide-containing bicyclic lactam, while the second has a methoxy-substituted bicyclic ether with an amide linked to a substituted phenyl ring. To potentially increase JNK3 activity, I propose combining favorable features: the nitro group from the first molecule (which can enhance binding through electronic effects) and the bicyclic ether scaffold from the second molecule (which may provide conformational rigidity and better fit in the binding site). Additionally, replacing the acetyl group on the phenyl ring with a less electron-withdrawing methyl group might improve binding affinity by modulating electronic properties. This hybrid molecule maintains key hydrogen bonding capabilities and introduces structural elements that could enhance interaction with JNK3, potentially leading to a higher score.","I have two molecules and their JNK3 scores. The JNK3 score measures a molecular's biological activity against JNK3.


[Cc1ccc([C@H](C)NC(=O)N[C@H]2CC(=O)N(C3CC3)C2)cc1[N+](=O)[O-],0.06]
[COc1ccc2c(c1)C[C@@H](C(=O)Nc1ccc(C(C)=O)c(C)c1)CO2,0.02]Please propose a new molecule that has a higher JNK3 score. You can either make crossover and mutations based on the given molecules or just propose a new molecule based on your knowledge.



Your output should follow the format: {<<<Explaination>>>: $EXPLANATION, <<<Molecule>>>: \box{$Molecule}}. Here are the requirements:

        

1. $EXPLANATION should be your analysis.
2. The $Molecule should be the smiles of your propsosed molecule.
3. The molecule should be valid.
        "
9,47,[NH3+]C[C@H](CO)CC1=CC(Br)=CC(NC(=O)CS[C@H]2CCCC3=C2C=CC=C3)=C1,0.04,0.04483333333333334,0.2,0.0,0.04905750593832598,164,False,,Fallback to genetic operations due to LLM error: ,"Fallback genetic operation for parents: ['CC1=NN(C)C(C)=C1NC(=O)CS[C@H]1CCCC2=CC=CC=C21', '[NH3+]C[C@H](CO)CC1=CC(F)=CC(Br)=C1']"
9,48,CC(=O)NC1=CC=C(Cl)C1C1=CC=NC=C1,0.04,0.04483333333333334,0.2,0.0,0.04905750593832598,164,False,,Fallback to genetic operations due to LLM error: ,"Fallback genetic operation for parents: ['CC(=O)NC1=CC=C(NC(=O)C2=NC(Cl)=CC=C2Cl)C=C1C1=CC=NC=C1', 'C=C(C)CN(C)C(=O)CN1CC2=C(C1=O)[C@@H](C1=CC=C(Cl)C=C1Cl)NC(=O)N2CC']"
9,49,C[C@H]([NH2+][C@H]1CCOC1)c1ccnc(Cl)c1,0.03,0.04483333333333334,0.2,0.0,0.04905750593832598,164,False,,,
9,50,COc1cc(-c2noc(C3C[C@@H](C)O[C@@H](C)C3)n2)ccn1,0.03,0.04483333333333334,0.2,0.0,0.04905750593832598,164,False,,,
9,51,COc1cc(C)c(CN2CCN(C(=O)c3ccc(N4CCCCC4)c([N+](=O)[O-])c3)CC2)cc1OC,0.03,0.04483333333333334,0.2,0.0,0.04905750593832598,164,False,,,
9,52,Cc1ccc2nc(N3CCC(C(=O)NCC(C)(C)CO)CC3)nc(C)c2c1,0.03,0.04483333333333334,0.2,0.0,0.04905750593832598,164,False,,,
9,53,C[C@@H]1COCCN1Cc1ccc(C(=O)NN)cn1,0.03,0.04483333333333334,0.2,0.0,0.04905750593832598,164,False,,,
9,54,[NH3+]C[C@H](CO)CC1=CC(F)=CC(Br)=C1,0.03,0.04483333333333334,0.2,0.0,0.04905750593832598,164,False,,,
9,55,C[C@@H](CO)CSC[C@@H]([NH3+])C1=CC=C2OCCCOC2=C1,0.03,0.04483333333333334,0.2,0.0,0.04905750593832598,164,False,,,
9,56,Cc1ccc(-c2ncco2)cc1NC(=O)c1nc(Cl)ccc1Cl,0.03,0.04483333333333334,0.2,0.0,0.04905750593832598,164,False,,,
9,57,O=C(Nc1ccc2c(c1)CCO2)N1CCC[C@H]1c1nc2ccccc2[nH]1,0.03,0.04483333333333334,0.2,0.0,0.04905750593832598,164,False,,,
9,58,N#CCc1ccc2[nH]ccc2n1,0.03,0.04483333333333334,0.2,0.0,0.04905750593832598,164,False,,,
9,59,COC1=CC(F)=C(NC(=O)C=C2CN(C(=O)NC3=NC=NC4=C3CCC4)C2)C=C1F,0.03,0.04483333333333334,0.2,0.0,0.04905750593832598,164,False,,,
9,60,CC(=O)NC1=CC=C(NC(=O)C2=NC(Cl)=CC=C2Cl)C=C1C1=CC=NC=C1,0.03,0.04483333333333334,0.2,0.0,0.04905750593832598,164,False,,,
9,61,COC1=CC=CC=C1C(=O)NC1=CC=C(C2=NN(C)C=C2C(=O)NC2=CC=CC([C@H](C)SC)=C2)C1,0.03,0.04483333333333334,0.2,0.0,0.04905750593832598,164,False,,Fallback to genetic operations due to LLM error: ,"Fallback genetic operation for parents: ['COC1=CC=CC=C1C(=O)NC1=CC=C2C(=C1)N=CN=C2N1[CH]CCC1', 'CS[C@@H](C)C1=CC=CC(NC(=O)C2=CN(C)N=C2C2=CC=CC=C2)=C1']"
9,62,CCCCO[C@@H]1C[C@H](NC(=O)c2occc2Br)C1(C)C,0.02,0.04483333333333334,0.2,0.0,0.04905750593832598,164,False,,,
9,63,NC(=O)c1cccc(CNC(=O)CSc2nc3ccccc3o2)c1,0.02,0.04483333333333334,0.2,0.0,0.04905750593832598,164,False,,,
9,64,CCC[C@@H](C(=O)N1CCN(CC(=O)NC2=C(C)C=CC=C2C)CC1)C1=CC=CC=C1,0.02,0.04483333333333334,0.2,0.0,0.04905750593832598,164,False,,,
9,65,COc1ccc([C@H](NC(=O)c2ccc3nccnc3c2)C2CCOCC2)cc1,0.02,0.04483333333333334,0.2,0.0,0.04905750593832598,164,False,,,
9,66,COc1cc(-c2ccccc2)sc1C(=O)NC[C@@H](O)C(C)(C)C,0.02,0.04483333333333334,0.2,0.0,0.04905750593832598,164,False,,,
9,67,Cc1nn(C)cc1CN1C[C@H](CO)OC[C@@H]1C,0.02,0.04483333333333334,0.2,0.0,0.04905750593832598,164,False,,,
9,68,Cc1cc(NC(=O)Nc2cccc(Cl)c2)ncc1Br,0.02,0.04483333333333334,0.2,0.0,0.04905750593832598,164,False,,,
9,69,CCSC[C@@H](C)N(C)C(=O)NCc1ccc(C)cc1N(C)C,0.02,0.04483333333333334,0.2,0.0,0.04905750593832598,164,False,,,
9,70,C=C(C)CN(C)C(=O)CN1CC2=C(C1=O)[C@@H](C1=CC=C(Cl)C=C1Cl)NC(=O)N2CC,0.02,0.04483333333333334,0.2,0.0,0.04905750593832598,164,False,,,
9,71,COc1ccc2c(c1)C[C@@H](C(=O)Nc1ccc(C(C)=O)c(C)c1)CO2,0.02,0.04483333333333334,0.2,0.0,0.04905750593832598,164,False,,,
9,72,Cc1[nH+]ccn1Cc1nnc([C@@H]2CCC[NH+](Cc3cccnc3)C2)n1C,0.02,0.04483333333333334,0.2,0.0,0.04905750593832598,164,False,,,
9,73,COc1ccc([C@@H]2CC(=O)C3=C(C2)N[C@@H]2N=NC(O)=C2[C@H]3c2ccc(Cl)c(Cl)c2)cc1OC,0.02,0.04483333333333334,0.2,0.0,0.04905750593832598,164,False,,,
9,74,C[C@H]1Cc2cc([C@@H](Cl)C3(C)CCCC3)ccc2O1,0.02,0.04483333333333334,0.2,0.0,0.04905750593832598,164,False,,,
9,75,C[NH+]1CCC(NC(=O)NC2=NC=C(CC3=CC=CC(Cl)=C3)S2)CC1,0.02,0.04483333333333334,0.2,0.0,0.04905750593832598,164,False,,,
9,76,O=C(NCC1CCN(C(=O)c2ccccn2)CC1)C(=O)NC1CCCC1,0.02,0.04483333333333334,0.2,0.0,0.04905750593832598,164,False,,,
9,77,C[C@H](Cc1ccsc1)[NH+](C)Cc1cnc(N2CC[NH+](C)CC2)nc1,0.02,0.04483333333333334,0.2,0.0,0.04905750593832598,164,False,,,
9,78,COc1ccc(NC(=O)C[NH+]2CCCN(Cc3cccc(Cl)c3)S2(=O)=O)cc1,0.02,0.04483333333333334,0.2,0.0,0.04905750593832598,164,False,,,
9,79,CSC(C)c1cccc(NC(=O)NC(C)COC2CCOCC2)c1,0.02,0.04483333333333334,0.2,0.0,0.04905750593832598,164,False,,"The first molecule has a JNK3 score of 0.05, which is higher than the second molecule's 0.01. The first molecule features a substituted aniline linked to a methylated purine-like heterocycle, while the second molecule has a bulky tert-butyl group and a morpholine ring. To improve the JNK3 score, I propose combining the key amide linkage and aromatic system from the first molecule with the morpholine ring from the second molecule, which may enhance solubility and binding interactions. Additionally, introducing a small alkyl substitution on the aromatic ring could improve hydrophobic interactions. This hybrid molecule maintains the core amide and aromatic system from the first molecule but replaces the purine moiety with a morpholine-containing amide, potentially increasing activity against JNK3.","I have two molecules and their JNK3 scores. The JNK3 score measures a molecular's biological activity against JNK3.


[CS[C@@H](C)C1=CC=CC(NC(=O)C2=CN(C)N=C2C2=CC=CC=C2)=C1,0.05]
[CCC(C)(C)NC(=O)c1ccc(NC(=O)N[C@@H](C)[C@H]2CCCO2)cc1,0.01]Please propose a new molecule that has a higher JNK3 score. You can either make crossover and mutations based on the given molecules or just propose a new molecule based on your knowledge.



Your output should follow the format: {<<<Explaination>>>: $EXPLANATION, <<<Molecule>>>: \box{$Molecule}}. Here are the requirements:

        

1. $EXPLANATION should be your analysis.
2. The $Molecule should be the smiles of your propsosed molecule.
3. The molecule should be valid.
        "
9,80,O=C1N[C@@H](c2ccccc2F)c2c1oc1ccccc1c2=O,0.01,0.04483333333333334,0.2,0.0,0.04905750593832598,164,False,,,
9,81,CS(=O)(=O)N[C@H]1CCN(c2ccc(Cl)c(F)c2)C1=O,0.01,0.04483333333333334,0.2,0.0,0.04905750593832598,164,False,,,
9,82,CCC(C)(C)NC(=O)c1ccc(NC(=O)N[C@@H](C)[C@H]2CCCO2)cc1,0.01,0.04483333333333334,0.2,0.0,0.04905750593832598,164,False,,,
9,83,CSCC[C@H](NC(=O)N[C@@H]1CCCCC1(C)C)C(=O)[O-],0.01,0.04483333333333334,0.2,0.0,0.04905750593832598,164,False,,,
9,84,CC(C)C(=O)Nc1nc2ccc(CCC(=O)NCc3ccccc3Cl)cc2s1,0.01,0.04483333333333334,0.2,0.0,0.04905750593832598,164,False,,,
9,85,Cc1nn(-c2ccccc2)c(C)c1NC(=O)CN1CCc2cc(F)ccc2C1,0.01,0.04483333333333334,0.2,0.0,0.04905750593832598,164,False,,,
9,86,COc1ccc(C[C@H](C)C[NH+](C)Cc2cn3cccnc3n2)cc1,0.01,0.04483333333333334,0.2,0.0,0.04905750593832598,164,False,,,
9,87,CCc1nsc(NCC(=O)NC(C)(C)C)n1,0.01,0.04483333333333334,0.2,0.0,0.04905750593832598,164,False,,,
9,88,CCCN(C)c1nccn2c(=O)n(CC(=O)Nc3cccc(SC)c3)nc12,0.01,0.04483333333333334,0.2,0.0,0.04905750593832598,164,False,,,
9,89,O=C(Nc1ccc(-c2nnc3n2CCCCC3)cc1)c1ccccc1C(F)(F)F,0.01,0.04483333333333334,0.2,0.0,0.04905750593832598,164,False,,,
9,90,CC(C)c1cccc(C(C)C)c1NC(=O)CCN1C(=O)[C@H]2CC[C@@](C)(C1=O)C2(C)C,0.01,0.04483333333333334,0.2,0.0,0.04905750593832598,164,False,,,
9,91,Cc1cccc(CN(C(=O)c2cccc(N3CCNC3=O)c2)C(C)C)c1,0.01,0.04483333333333334,0.2,0.0,0.04905750593832598,164,False,,,
9,92,COc1ccc(C(=O)N2C[C@@H](C)[NH2+]C[C@H]2C)cc1O,0.01,0.04483333333333334,0.2,0.0,0.04905750593832598,164,False,,,
9,93,O=C(NC(=S)Nc1c(O)ccc2ccccc12)c1cccc(F)c1,0.01,0.04483333333333334,0.2,0.0,0.04905750593832598,164,False,,,
9,94,CC(=O)Nc1ccc(NC(=O)CCc2cnn(-c3ccccc3)c2)cc1,0.01,0.04483333333333334,0.2,0.0,0.04905750593832598,164,False,,,
9,95,COc1cc(F)c(NC(=O)C=C2CN(C(=O)OC(C)(C)C)C2)cc1F,0.01,0.04483333333333334,0.2,0.0,0.04905750593832598,164,False,,,
9,96,C[C@@H](Nc1ccc([N-]S(C)(=O)=O)cc1)C(=O)Nc1ccc2c(c1)OCO2,0.01,0.04483333333333334,0.2,0.0,0.04905750593832598,164,False,,,
9,97,CCC[C@@H]1C[C@@H](Nc2cc(OC)ccc2F)CCO1,0.01,0.04483333333333334,0.2,0.0,0.04905750593832598,164,False,,,
9,98,Cc1ccc(S(=O)(=O)CCC(=O)Oc2ccc(Cl)cc2Cl)cc1,0.01,0.04483333333333334,0.2,0.0,0.04905750593832598,164,False,,,
9,99,CCN(CC(=O)Nc1cccc(OC)c1)C(=O)c1ccc(F)cc1Br,0.01,0.04483333333333334,0.2,0.0,0.04905750593832598,164,False,,,
9,100,COC(=O)[C@@H]1CCCN(C(=O)NC2CCC([NH+]3CCCCC3)CC2)C1,0.01,0.04483333333333334,0.2,0.0,0.04905750593832598,164,False,,,
9,101,O=C(C[NH+]1CCN(c2ccc(C(F)(F)F)cn2)CC1)N1CCC[C@H]1c1ccc2c(c1)OCCO2,0.01,0.04483333333333334,0.2,0.0,0.04905750593832598,164,False,,,
9,102,CC(C)C[C@H]1C[NH2+]CC[C@@H]1c1cccc2c1OC(C)(C)C2,0.01,0.04483333333333334,0.2,0.0,0.04905750593832598,164,False,,,
9,103,Cc1cccc(C[NH+]2CCC[C@@]3(CC[NH+](Cc4cnn(C(C)C)c4)C3)C2)c1,0.01,0.04483333333333334,0.2,0.0,0.04905750593832598,164,False,,,
9,104,CC1=NN(C)C(C)=C1NC(=O)CS[C@H]1CCCC2=CC=CC=C21,0.01,0.04483333333333334,0.2,0.0,0.04905750593832598,164,False,,,
9,105,CC1(C)CN(CCOc2ccc(S(C)(=O)=O)cc2)CC[S@@]1=O,0.01,0.04483333333333334,0.2,0.0,0.04905750593832598,164,False,,,
9,106,O=C(NCc1ccc(N2CCC(O)CC2)c(F)c1)c1ccn(-c2ccc(F)cc2)n1,0.01,0.04483333333333334,0.2,0.0,0.04905750593832598,164,False,,,
9,107,Cc1cc(/C=C(\C#N)C(=O)Nc2ccccc2)c(C)n1-c1ccc(I)cc1,0.01,0.04483333333333334,0.2,0.0,0.04905750593832598,164,False,,,
9,108,COc1ccc(C2CC(=O)N3NC(=O)N(C=C(C)CN)C3C2c2ccc(Cl)cc2Cl)cc1OC,0.01,0.04483333333333334,0.2,0.0,0.04905750593832598,164,False,,"Both given molecules have the same JNK3 score of 0.02, indicating low activity. To improve the JNK3 score, I will combine favorable features from both molecules: the bicyclic core with nitrogen heterocycles from the first molecule, which may provide good binding interactions, and the amide-linked chlorophenyl group from the second molecule, which could enhance binding affinity through hydrophobic and halogen bonding interactions. Additionally, I will introduce a small alkene side chain (from the second molecule) to increase molecular flexibility and potential interactions. This hybrid molecule maintains key pharmacophores and adds diversity to improve activity.","I have two molecules and their JNK3 scores. The JNK3 score measures a molecular's biological activity against JNK3.


[COc1ccc([C@@H]2CC(=O)C3=C(C2)N[C@@H]2N=NC(O)=C2[C@H]3c2ccc(Cl)c(Cl)c2)cc1OC,0.02]
[C=C(C)CN(C)C(=O)CN1CC2=C(C1=O)[C@@H](c1ccc(Cl)cc1Cl)NC(=O)N2CC,0.02]Please propose a new molecule that has a higher JNK3 score. You can either make crossover and mutations based on the given molecules or just propose a new molecule based on your knowledge.



Your output should follow the format: {<<<Explaination>>>: $EXPLANATION, <<<Molecule>>>: \box{$Molecule}}. Here are the requirements:

        

1. $EXPLANATION should be your analysis.
2. The $Molecule should be the smiles of your propsosed molecule.
3. The molecule should be valid.
        "
9,109,C[C@@H](CO)CSC[C@@H]([NH3+])C1=CC=CCC1,0.01,0.04483333333333334,0.2,0.0,0.04905750593832598,164,False,,Fallback to genetic operations due to LLM error: ,"Fallback genetic operation for parents: ['CCC[C@@H](C(=O)N1CCN(CC(=O)NC2=C(C)C=CC=C2C)CC1)C1=CC=CC=C1', 'C[C@@H](CO)CSC[C@@H]([NH3+])C1=CC=C2OCCCOC2=C1']"
9,110,CCSCCN1CCN(c2nc(OC)ccc2N)CC1C(=O)NCc1ccc(N(C)C)cc1,0.01,0.04483333333333334,0.2,0.0,0.04905750593832598,164,False,,"{<<<Explanation>>>: The first molecule has a JNK3 score of 0.09 and contains a bis-thiol (CCSCC) moiety linked to a substituted aniline with dimethylamino groups and a methoxyphenyl group, suggesting some affinity for JNK3. The second molecule has a score of 0.06 and features a methoxy-substituted pyrimidine ring linked to a chiral azetidine-like structure with a positive charge, indicating a different scaffold with moderate activity.

To improve the JNK3 score, I propose combining the key features of both molecules: the bis-thiol moiety from the first molecule, which might contribute to binding via sulfur interactions, and the methoxy-substituted heterocycle from the second molecule, which may enhance binding affinity and specificity. Additionally, I will introduce a piperazine ring as a linker to improve solubility and flexibility, and maintain the dimethylamino substitution to preserve the basicity and potential hydrogen bonding.

This hybrid molecule is expected to have improved interactions with JNK3 due to the combination of sulfur-containing groups and heterocyclic aromatic systems, potentially increasing the JNK3 score beyond 0.09.

<<<Molecule>>>: \box{CCSCCN1CCN(c2nc(OC)ccc2N)CC1C(=O)NCc3ccc(N(C)C)cc3} }","I have two molecules and their JNK3 scores. The JNK3 score measures a molecular's biological activity against JNK3.


[CCSCC(C)N(C)C(=O)NCc1ccc(Nc2ccccc2OC)cc1N(C)C,0.09]
[COc1nc(N[C@@H]2C[NH+]3CCC2CC3)ccc1N,0.06]Please propose a new molecule that has a higher JNK3 score. You can either make crossover and mutations based on the given molecules or just propose a new molecule based on your knowledge.



Your output should follow the format: {<<<Explaination>>>: $EXPLANATION, <<<Molecule>>>: \box{$Molecule}}. Here are the requirements:

        

1. $EXPLANATION should be your analysis.
2. The $Molecule should be the smiles of your propsosed molecule.
3. The molecule should be valid.
        "
9,111,O=C(NCC1CCC[NH+](Cc2cccc(O)c2)C1)c1ccccc1-c1cnn[nH]1,0.01,0.04483333333333334,0.2,0.0,0.04905750593832598,164,False,,"Both given molecules have relatively low JNK3 scores (0.05 and 0.06). The first molecule features a phenyl amide linked to a chiral piperidine ring with a nitrophenol substituent, while the second molecule has a chiral piperidine amide linked to a substituted phenyl ring with a pyridyl-triazole moiety. To improve JNK3 activity, I propose combining the nitrophenol moiety from the first molecule, which may contribute to binding via hydrogen bonding and electronic effects, with the heteroaryl substitution from the second molecule, which can enhance specificity and interactions with the kinase active site. Additionally, replacing the nitro group with a less electron-withdrawing but still polar group like a cyano or hydroxyl might improve binding affinity and reduce potential toxicity. I will propose a molecule that retains the chiral piperidine amide core, attaches a phenyl ring bearing a hydroxyl group (instead of nitro) and a pyridyl-triazole substituent to enhance interactions and potentially increase the JNK3 score. This crossover and mutation strategy aims to combine favorable features from both molecules to improve biological activity.","I have two molecules and their JNK3 scores. The JNK3 score measures a molecular's biological activity against JNK3.


[O=C(NC[C@H]1CCC[NH+](CC2=CC(O)=CC=C2[N+](=O)[O-])C1)C1=CC=CC=C1,0.05]
[Cc1nonc1CC(=O)N1CCC[C@H](C(=O)Nc2ccc(-c3ccn[nH]3)cc2)C1,0.06]Please propose a new molecule that has a higher JNK3 score. You can either make crossover and mutations based on the given molecules or just propose a new molecule based on your knowledge.



Your output should follow the format: {<<<Explaination>>>: $EXPLANATION, <<<Molecule>>>: \box{$Molecule}}. Here are the requirements:

        

1. $EXPLANATION should be your analysis.
2. The $Molecule should be the smiles of your propsosed molecule.
3. The molecule should be valid.
        "
9,112,O=C(CCn1nnc2cc(-c3noc(Cc4ccc(Cl)cc4)n3)ccc21)N1CCCC1,0.0,0.04483333333333334,0.2,0.0,0.04905750593832598,164,False,,,
9,113,CCS(=O)(=O)c1ccc(C(=O)Nc2cc(C)nn2-c2nc3c(Cl)cccc3s2)cc1,0.0,0.04483333333333334,0.2,0.0,0.04905750593832598,164,False,,,
9,114,CC[NH2+][C@@H](C)[C@@H]1CCCC(C)(C)CC1,0.0,0.04483333333333334,0.2,0.0,0.04905750593832598,164,False,,,
9,115,C/C=C/C(=O)NCC(=O)Nc1cccc(C)c1C,0.0,0.04483333333333334,0.2,0.0,0.04905750593832598,164,False,,,
9,116,CC(C)OCCS(=O)(=O)N1CC(N2CC[NH2+]CC2)C1,0.0,0.04483333333333334,0.2,0.0,0.04905750593832598,164,False,,,
9,117,COc1ccc(CNC(=O)Nc2ccc(CC(N)=O)cc2)cc1OC,0.0,0.04483333333333334,0.2,0.0,0.04905750593832598,164,False,,,
9,118,Cc1nc2ccc(NC(=O)N3CCC[C@@H](C)CC3)cc2o1,0.0,0.04483333333333334,0.2,0.0,0.04905750593832598,164,False,,,
9,119,CCN(Cc1ccc(OC)cc1)C(=O)[C@H](C)Cc1ccccc1F,0.0,0.04483333333333334,0.2,0.0,0.04905750593832598,164,False,,,
9,120,COc1ccc(Oc2ccc(Cl)nn2)cc1,0.0,0.04483333333333334,0.2,0.0,0.04905750593832598,164,False,,,
10,1,COc1ccccc1C(=O)Nc1ccc2c(N3CCCC3)ncnc2c1,0.2,0.046416666666666676,0.2,0.0,0.04857632882610853,169,False,,"{<<<Explanation>>>: Both given molecules share a common scaffold: a benzamide linked to a bicyclic system containing a substituted pyrimidine fused to a phenyl ring, with a piperidine or azetidine ring attached to the nitrogen. The difference lies in the ring size and substitution on the nitrogen-containing ring: one has a 4-membered azetidine ring with a methylene bridge ([CH]CCC) and a methoxy group on the phenyl ring (score 0.15), the other has a 5-membered piperidine ring (CCCC) and a methyl group on the phenyl ring (score 0.19). The piperidine ring and methyl substitution seem to improve activity.

To propose a molecule with potentially higher JNK3 activity, I will combine the beneficial features: keep the piperidine ring (which gave a higher score) and introduce a methoxy group on the phenyl ring (which might enhance binding via electronic effects or H-bonding). Additionally, I will replace the methyl group on the phenyl ring with a methoxy group to increase polarity and potential interactions. This hybrid molecule might have improved binding affinity and thus a higher JNK3 score.

<<<Molecule>>>: \box{COc1ccccc1C(=O)Nc1ccc2c(N3CCCC3)ncnc2c1}}","I have two molecules and their JNK3 scores. The JNK3 score measures a molecular's biological activity against JNK3.


[COc1ccccc1C(=O)Nc1ccc2c(N3[CH]CCC3)ncnc2c1,0.15]
[Cc1ccccc1C(=O)Nc1ccc2c(N3CCCC3)ncnc2c1,0.19]Please propose a new molecule that has a higher JNK3 score. You can either make crossover and mutations based on the given molecules or just propose a new molecule based on your knowledge.



Your output should follow the format: {<<<Explaination>>>: $EXPLANATION, <<<Molecule>>>: \box{$Molecule}}. Here are the requirements:

        

1. $EXPLANATION should be your analysis.
2. The $Molecule should be the smiles of your propsosed molecule.
3. The molecule should be valid.
        "
10,2,Cc1ccccc1C(=O)Nc1ccc2c(N3CCCC3)ncnc2c1,0.19,0.046416666666666676,0.2,0.0,0.04857632882610853,169,False,,,
10,3,CC1=CC=C(O)C=C1C(=O)NC1=CC=C2C(=C1)N=CN=C2N1CCCC1,0.19,0.046416666666666676,0.2,0.0,0.04857632882610853,169,False,,,
10,4,O=C(Nc1ccc2c(N3CCCC3)ncnc2c1)c1ccccc1O,0.18,0.046416666666666676,0.2,0.0,0.04857632882610853,169,False,,"{<<<Explanation>>>: Both given molecules share a common scaffold: a benzamide linked to a fused bicyclic system containing a piperidine ring. The difference lies in the substituent on the benzene ring attached to the amide: one has a methyl group (–CH3) and the other a methoxy group (–OCH3). The methoxy substituent (electron-donating and capable of hydrogen bonding) slightly improves the JNK3 score (0.2 vs 0.19). To further enhance activity, I propose introducing a stronger electron-donating group that can also engage in hydrogen bonding, such as a hydroxyl group (–OH), which often improves binding affinity by forming additional hydrogen bonds with the target. Additionally, placing the hydroxyl group para to the amide linkage on the benzene ring could optimize interactions. Therefore, I propose replacing the methyl/methoxy substituent with a para-hydroxy group on the benzamide phenyl ring, keeping the rest of the molecule intact. This modification is likely to increase the JNK3 score by improving binding interactions.

<<<Molecule>>>: \box{Oc1ccccc1C(=O)Nc1ccc2c(N3CCCC3)ncnc2c1}}","I have two molecules and their JNK3 scores. The JNK3 score measures a molecular's biological activity against JNK3.


[Cc1ccccc1C(=O)Nc1ccc2c(N3CCCC3)ncnc2c1,0.19]
[COc1ccccc1C(=O)Nc1ccc2c(N3CCCC3)ncnc2c1,0.2]Please propose a new molecule that has a higher JNK3 score. You can either make crossover and mutations based on the given molecules or just propose a new molecule based on your knowledge.



Your output should follow the format: {<<<Explaination>>>: $EXPLANATION, <<<Molecule>>>: \box{$Molecule}}. Here are the requirements:

        

1. $EXPLANATION should be your analysis.
2. The $Molecule should be the smiles of your propsosed molecule.
3. The molecule should be valid.
        "
10,5,COC1=CC(F)=CC=C1C(=O)NC1=CC=C2C(=C1)N=CN=C2C1=CC=CC=C1,0.18,0.046416666666666676,0.2,0.0,0.04857632882610853,169,False,,Fallback to genetic operations due to LLM error: ,"Fallback genetic operation for parents: ['COC1=CC(F)=CC=C1C(=O)NC1=CC=C2C(=C1)N=CN=C2N1CCOCC1', 'CCC[C@@H](C(=O)N1CCN(CC(=O)NC2=C(C)C=CC=C2C)CC1)C1=CC=CC=C1']"
10,6,COC1=CC=CC=C1NC1=CC=C(CNC(=O)NC2=CC=C3C(=C2)N=CN=C3N2CCCC2)C=C1,0.18,0.046416666666666676,0.2,0.0,0.04857632882610853,169,False,,,
10,7,Cc1cc(Br)ccc1C(=O)Nc1ccc2c(N3CCCC3)ncnc2c1,0.16,0.046416666666666676,0.2,0.0,0.04857632882610853,169,False,,"The first molecule has a higher JNK3 score (0.19) compared to the second (0.02), suggesting that the core structure with the fused bicyclic system containing the pyrazolopyrimidine moiety and the piperidine ring (N3CCCC3) contributes positively to activity. The second molecule has a simpler aniline derivative with halogen substitutions (Br and Cl) but much lower activity. To improve activity, I propose to combine the favorable features: retain the bicyclic pyrazolopyrimidine core and piperidine ring from the first molecule, and introduce a halogen substitution (like Br) on the phenyl ring to potentially enhance binding through halogen bonding or hydrophobic interactions. Additionally, I will keep the amide linkage for stability. This hybrid approach aims to increase the JNK3 score by combining beneficial structural elements from both molecules.","I have two molecules and their JNK3 scores. The JNK3 score measures a molecular's biological activity against JNK3.


[Cc1ccccc1C(=O)Nc1ccc2c(N3CCCC3)ncnc2c1,0.19]
[Cc1cc(NC(=O)Nc2cccc(Cl)c2)ncc1Br,0.02]Please propose a new molecule that has a higher JNK3 score. You can either make crossover and mutations based on the given molecules or just propose a new molecule based on your knowledge.



Your output should follow the format: {<<<Explaination>>>: $EXPLANATION, <<<Molecule>>>: \box{$Molecule}}. Here are the requirements:

        

1. $EXPLANATION should be your analysis.
2. The $Molecule should be the smiles of your propsosed molecule.
3. The molecule should be valid.
        "
10,8,COC1=CC=CC=C1C(=O)NC1=CC=C2C(=C1)N=CN=C2N1[CH]CCC1,0.15,0.046416666666666676,0.2,0.0,0.04857632882610853,169,False,,,
10,9,COC1=CC(F)=CC=C1C(=O)NC1=CC=C2C(=C1)N=CN=C2N1CCCC1,0.14,0.046416666666666676,0.2,0.0,0.04857632882610853,169,False,,,
10,10,COC1=CC(F)=CC=C1C(=O)NC1=CC=C2C(=C1)N=CN=C2N1CCOCC1,0.14,0.046416666666666676,0.2,0.0,0.04857632882610853,169,False,,,
10,11,COc1ccc(C(F)(F)F)cc1C(=O)Nc1ccc2c(N3[CH]CCC3)ncnc2c1,0.14,0.046416666666666676,0.2,0.0,0.04857632882610853,169,False,,"The first molecule has a higher JNK3 score (0.15) compared to the second (0.04), indicating better activity. The first molecule features a methoxyphenyl group linked via an amide to a bicyclic heterocycle containing a nitrogen-rich fused ring system, which likely contributes to its higher activity. The second molecule has a nitro-substituted phenyl ring and a trifluoromethyl group on a lactam ring, but its activity is lower.

To improve activity, I propose combining the favorable features of both molecules: retain the bicyclic heterocycle and amide linkage from the first molecule, but introduce the trifluoromethyl group from the second molecule to enhance binding affinity and metabolic stability. Specifically, I will modify the first molecule by adding a trifluoromethyl group on the phenyl ring (para to the methoxy group) to potentially increase hydrophobic interactions and improve activity.

This hybrid approach leverages the higher activity scaffold of the first molecule and the beneficial trifluoromethyl substitution from the second.","I have two molecules and their JNK3 scores. The JNK3 score measures a molecular's biological activity against JNK3.


[COc1ccccc1C(=O)Nc1ccc2c(N3[CH]CCC3)ncnc2c1,0.15]
[CC(=O)c1ccc(N[C@H]2CC(=O)N(CC(F)(F)F)C2)c([N+](=O)[O-])c1,0.04]Please propose a new molecule that has a higher JNK3 score. You can either make crossover and mutations based on the given molecules or just propose a new molecule based on your knowledge.



Your output should follow the format: {<<<Explaination>>>: $EXPLANATION, <<<Molecule>>>: \box{$Molecule}}. Here are the requirements:

        

1. $EXPLANATION should be your analysis.
2. The $Molecule should be the smiles of your propsosed molecule.
3. The molecule should be valid.
        "
10,12,COc1ccccc1C(=O)Nc1ccc2c(N3CCCN3)ncnc2c1,0.14,0.046416666666666676,0.2,0.0,0.04857632882610853,169,False,,"{<<<Explanation>>>: The first molecule has a JNK3 score of 0.15, which is higher than the second molecule's 0.07. The first molecule features a methoxyphenyl group linked to a bicyclic heterocycle containing a nitrogen bridge, while the second molecule has a more complex structure with nitro groups and a charged amine. Nitro groups and charged groups often reduce cell permeability and can negatively impact activity. To improve the JNK3 score, I propose to combine the favorable features of the first molecule (the methoxyphenyl and bicyclic heterocycle) with a less polar, less charged substituent inspired by the second molecule's amine side chain but without the nitro groups. Specifically, I will replace the nitro-substituted aromatic amine in the second molecule with a simpler, neutral amine side chain attached to the bicyclic core of the first molecule, maintaining the methoxyphenyl group and the amide linkage. This hybrid should improve binding affinity and biological activity by preserving key interactions and reducing polarity and charge that may hinder activity.

<<<Molecule>>>: \box{COc1ccccc1C(=O)Nc1ccc2c(N3CCCN3)ncnc2c1} }","I have two molecules and their JNK3 scores. The JNK3 score measures a molecular's biological activity against JNK3.


[COc1ccccc1C(=O)Nc1ccc2c(N3[CH]CCC3)ncnc2c1,0.15]
[O=C(NCC1CCC[NH+](Cc2cc(O)ccc2[N+](=O)[O-])C1)Nc1ccc(Cn2cc(Cl)c([N+](=O)[O-])n2)cc1,0.07]Please propose a new molecule that has a higher JNK3 score. You can either make crossover and mutations based on the given molecules or just propose a new molecule based on your knowledge.



Your output should follow the format: {<<<Explaination>>>: $EXPLANATION, <<<Molecule>>>: \box{$Molecule}}. Here are the requirements:

        

1. $EXPLANATION should be your analysis.
2. The $Molecule should be the smiles of your propsosed molecule.
3. The molecule should be valid.
        "
10,13,COc1ccc(C(=O)N2CCCC(C(=O)Nc3ccc(-c4ccncc4)cc3)C2)cc1,0.12,0.046416666666666676,0.2,0.0,0.04857632882610853,169,False,,"Both given molecules have relatively low JNK3 scores (0.06 and 0.05), indicating modest activity. The first molecule features a piperidine ring linked to an amide and a substituted phenyl ring with a pyrazole moiety, while the second molecule contains a methoxy-substituted aromatic system with a nitro group and an amide linkage. To potentially increase JNK3 activity, I propose combining the amide-linked aromatic system from the first molecule with the electron-donating methoxy groups from the second molecule to enhance binding affinity and improve interactions with the JNK3 active site. Additionally, replacing the pyrazole ring with a more planar heterocycle like a pyridine could improve stacking interactions. Therefore, I propose a molecule with a piperidine ring linked via an amide to a methoxy-substituted phenyl ring, which is further connected to a pyridine ring. This hybrid design aims to improve binding affinity and thus increase the JNK3 score.","I have two molecules and their JNK3 scores. The JNK3 score measures a molecular's biological activity against JNK3.


[Cc1nonc1CC(=O)N1CCC[C@H](C(=O)Nc2ccc(-c3ccn[nH]3)cc2)C1,0.06]
[COc1ccc(CNC(=O)c2cc(OC)c(OC)cc2[N+](=O)[O-])cn1,0.05]Please propose a new molecule that has a higher JNK3 score. You can either make crossover and mutations based on the given molecules or just propose a new molecule based on your knowledge.



Your output should follow the format: {<<<Explaination>>>: $EXPLANATION, <<<Molecule>>>: \box{$Molecule}}. Here are the requirements:

        

1. $EXPLANATION should be your analysis.
2. The $Molecule should be the smiles of your propsosed molecule.
3. The molecule should be valid.
        "
10,14,Cc1cc(F)ccc1C(=O)Nc1ccc2c(N3CCOCC3)ncnc2c1,0.12,0.046416666666666676,0.2,0.0,0.04857632882610853,169,False,,"The first molecule has a higher JNK3 score (0.19) compared to the second (0.07), indicating that the amide-linked aromatic system with a fused bicyclic heterocycle (a purine-like structure with a piperidine substituent) is more favorable for activity. The second molecule has a rigid bicyclic scaffold with a nitro-substituted phenyl ring, which might contribute less to activity. To improve the score, I propose combining the amide linkage and aromatic system from the first molecule with a modification to increase binding affinity: replacing the piperidine ring with a morpholine ring (which can improve solubility and hydrogen bonding) and adding a small electron-withdrawing group (like fluorine) on the phenyl ring to enhance interactions. This hybrid approach aims to retain the favorable scaffold of the first molecule while introducing beneficial mutations to improve activity against JNK3.","I have two molecules and their JNK3 scores. The JNK3 score measures a molecular's biological activity against JNK3.


[Cc1ccccc1C(=O)Nc1ccc2c(N3CCCC3)ncnc2c1,0.19]
[O=C(N1CCOCC1)C12C[C@H]3C[C@@H](C1)CC(c1ccc([N+](=O)[O-])cc1)(C3)C2,0.07]Please propose a new molecule that has a higher JNK3 score. You can either make crossover and mutations based on the given molecules or just propose a new molecule based on your knowledge.



Your output should follow the format: {<<<Explaination>>>: $EXPLANATION, <<<Molecule>>>: \box{$Molecule}}. Here are the requirements:

        

1. $EXPLANATION should be your analysis.
2. The $Molecule should be the smiles of your propsosed molecule.
3. The molecule should be valid.
        "
10,15,COc1ccc(CN2CCC(CNC(=O)c3c[nH]nc3-c3ccc(Cl)c([N+](=O)[O-])c3)CC2)cc1,0.11,0.046416666666666676,0.2,0.0,0.04857632882610853,169,False,,"{<<<Explanation>>>: Both given molecules have a JNK3 score of 0.05, indicating relatively low activity. They share some common features: an amide linkage connected to heterocyclic systems and aromatic rings with electron-withdrawing groups (Cl, NO2). To potentially increase JNK3 activity, I propose combining favorable features from both molecules: the pyrazole-based heterocycle from the first molecule and the nitro-substituted chlorinated aromatic ring from the second molecule. Additionally, introducing a methoxy group on the aromatic ring (as in the first molecule) may enhance binding through electronic effects. I also suggest replacing the piperidinium ring (positively charged nitrogen in the first molecule) with a neutral piperidine to reduce potential off-target interactions and improve membrane permeability. This crossover and mutation aim to improve binding affinity and biological activity against JNK3. 

<<<Molecule>>>: \box{COc1ccc(CN2CCC(CNC(=O)c3c[nH]nc3-c3ccc(Cl)c([N+](=O)[O-])c3)CC2)cc1}}}","I have two molecules and their JNK3 scores. The JNK3 score measures a molecular's biological activity against JNK3.


[COc1ccc(C[NH+]2CCC(CNC(=O)c3c[nH]nc3-c3ccc(Cl)cc3)CC2)cc1,0.05]
[Cc1nn(C)cc1CNC(=O)c1ccc(Cn2cc(Cl)c([N+](=O)[O-])n2)cc1,0.05]Please propose a new molecule that has a higher JNK3 score. You can either make crossover and mutations based on the given molecules or just propose a new molecule based on your knowledge.



Your output should follow the format: {<<<Explaination>>>: $EXPLANATION, <<<Molecule>>>: \box{$Molecule}}. Here are the requirements:

        

1. $EXPLANATION should be your analysis.
2. The $Molecule should be the smiles of your propsosed molecule.
3. The molecule should be valid.
        "
10,16,CC(=O)Nc1ccc(NCc2csc(-c3cccc(Cl)c3)n2)c(C(F)(F)F)c1,0.11,0.046416666666666676,0.2,0.0,0.04857632882610853,169,False,,"{<<<Explanation>>>: The first molecule has a JNK3 score of 0.06 and contains a complex bicyclic system with a chlorophenyl-thiazole moiety and fluorinated aromatic rings, suggesting that halogenation and heterocyclic structures contribute to activity. The second molecule has a slightly higher score of 0.08 and features an acetamide linked to a trifluoromethyl-substituted aromatic ring and a fluorobenzyl amine, indicating that electron-withdrawing groups like CF3 and fluorine on aromatic rings may enhance activity. To propose a molecule with a potentially higher JNK3 score, I will combine features from both molecules: retain the acetamide and trifluoromethyl-substituted aromatic ring from the second molecule for potency, and introduce a heterocyclic thiazole ring with a chlorophenyl substituent from the first molecule to enhance binding affinity. Additionally, I will keep fluorine substituents to maintain electron-withdrawing effects. This hybrid molecule is expected to have improved interactions with JNK3, potentially increasing the score beyond 0.08. 

<<<Molecule>>>: \box{CC(=O)Nc1ccc(NCc2csc(n2)C3=CC=CC(Cl)=C3)c(C(F)(F)F)c1}}","I have two molecules and their JNK3 scores. The JNK3 score measures a molecular's biological activity against JNK3.


[COC1=CC(F)=C(NC(=O)C=C2CN(C(=O)NC3=NC=C(CC4=CC=CC(Cl)=C4)S3)C2)C=C1F,0.06]
[CC(=O)Nc1ccc(NCc2ccccc2F)c(C(F)(F)F)c1,0.08]Please propose a new molecule that has a higher JNK3 score. You can either make crossover and mutations based on the given molecules or just propose a new molecule based on your knowledge.



Your output should follow the format: {<<<Explaination>>>: $EXPLANATION, <<<Molecule>>>: \box{$Molecule}}. Here are the requirements:

        

1. $EXPLANATION should be your analysis.
2. The $Molecule should be the smiles of your propsosed molecule.
3. The molecule should be valid.
        "
10,17,COc1ccccc1C(=O)N1CCCC(C(=O)Nc2ccc(-c3ccncc3)cc2)C1,0.1,0.046416666666666676,0.2,0.0,0.04857632882610853,169,False,,"{<<<Explanation>>>: The first molecule has a JNK3 score of 0.12 and features a piperidine ring linked to an amide and a methoxyphenyl group, with an additional amide connected to a biphenyl-pyridine moiety. The second molecule has a higher score of 0.2 and contains a methoxyphenyl group connected via an amide to a fused bicyclic system with a piperidine ring incorporated in the structure. The second molecule’s fused bicyclic system with a nitrogen heterocycle likely contributes to better binding affinity.

To propose a molecule with a potentially higher JNK3 score, I will combine the favorable features of both molecules: the methoxyphenyl amide from the second molecule and the biphenyl-pyridine moiety from the first molecule, while maintaining the piperidine ring that may enhance binding. Specifically, I will design a molecule where the methoxyphenyl amide is connected to a piperidine ring, which is further connected via an amide to the biphenyl-pyridine fragment. This hybrid should retain key pharmacophores and possibly improve activity.

<<<Molecule>>>: \box{COc1ccccc1C(=O)N2CCCC(C(=O)Nc3ccc(-c4ccncc4)cc3)C2}}}","I have two molecules and their JNK3 scores. The JNK3 score measures a molecular's biological activity against JNK3.


[COc1ccc(C(=O)N2CCCC(C(=O)Nc3ccc(-c4ccncc4)cc3)C2)cc1,0.12]
[COc1ccccc1C(=O)Nc1ccc2c(N3CCCC3)ncnc2c1,0.2]Please propose a new molecule that has a higher JNK3 score. You can either make crossover and mutations based on the given molecules or just propose a new molecule based on your knowledge.



Your output should follow the format: {<<<Explaination>>>: $EXPLANATION, <<<Molecule>>>: \box{$Molecule}}. Here are the requirements:

        

1. $EXPLANATION should be your analysis.
2. The $Molecule should be the smiles of your propsosed molecule.
3. The molecule should be valid.
        "
10,18,CCSCC(C)N(C)C(=O)NCc1ccc(Nc2ccccc2OC)cc1N(C)C,0.09,0.046416666666666676,0.2,0.0,0.04857632882610853,169,False,,"Both given molecules have very low JNK3 scores (0.02 and 0.01), indicating weak activity. The first molecule features a peptide-like backbone with an amide linkage and aromatic substitution, while the second has a bicyclic system with a positively charged amine and a bulky tert-butyl ether group. To improve JNK3 activity, it is often beneficial to combine features that enhance binding affinity, such as maintaining the amide linkage for hydrogen bonding and incorporating aromatic or heteroaromatic rings for π-π stacking interactions. Additionally, reducing steric hindrance and optimizing the basic amine groups can improve binding. I propose a molecule that merges the amide backbone and aromatic substitution from the first molecule with a less bulky, more planar bicyclic aromatic system inspired by the second molecule, replacing the bulky tert-butyl group with a simpler methoxy group to reduce steric hindrance and maintain polarity. This hybrid molecule should have improved binding potential and thus a higher JNK3 score.","I have two molecules and their JNK3 scores. The JNK3 score measures a molecular's biological activity against JNK3.


[CCSC[C@@H](C)N(C)C(=O)NCc1ccc(C)cc1N(C)C,0.02]
[CC(C)C[C@H]1C[NH2+]CC[C@@H]1c1cccc2c1OC(C)(C)C2,0.01]Please propose a new molecule that has a higher JNK3 score. You can either make crossover and mutations based on the given molecules or just propose a new molecule based on your knowledge.



Your output should follow the format: {<<<Explaination>>>: $EXPLANATION, <<<Molecule>>>: \box{$Molecule}}. Here are the requirements:

        

1. $EXPLANATION should be your analysis.
2. The $Molecule should be the smiles of your propsosed molecule.
3. The molecule should be valid.
        "
10,19,CC1=CC=C(Cl)C(O[C@H](C)C(=O)NC2=NC(C3=CC=C([C@@H](C)CC4=CC(O)=CC=C4[N+](=O)[O-])C=C3)=CS2)=C1,0.09,0.046416666666666676,0.2,0.0,0.04857632882610853,169,False,,Fallback to genetic operations due to LLM error: ,"Fallback genetic operation for parents: ['CC(=O)N[C@H](C)C1=CC=C(C2=CSC(NC(=O)[C@@H](C)OC3=CC(C)=CC=C3Cl)=N2)C=C1', 'O=C(NC[C@H]1CCC[NH+](CC2=CC(O)=CC=C2[N+](=O)[O-])C1)C1=CC=CC=C1']"
10,20,Cc1ccc(Cl)c(OC(C)C(=O)Nc2cccs2)c1-c1ccc(C(C)Cc2cc(O)ccc2[N+](=O)[O-])cc1,0.09,0.046416666666666676,0.2,0.0,0.04857632882610853,169,False,,"The first molecule has a higher JNK3 score (0.09) compared to the second (0.02), indicating that its structural features contribute more effectively to JNK3 activity. Key features in the first molecule include a chlorophenyl group, a chiral center with an amide linkage to a thiazole ring, and a nitrophenol moiety, which may contribute to binding affinity through hydrogen bonding and electronic effects. The second molecule has a methoxy-thiophene core with a bulky tert-butyl group and a chiral alcohol, but lower activity.

To design a molecule with potentially higher JNK3 activity, I propose combining the chlorophenyl and nitrophenol features from the first molecule with the thiophene core from the second molecule, which may enhance binding through aromatic and heterocyclic interactions. Additionally, I will retain the amide linkage and chiral center to preserve key interactions. I will replace the bulky tert-butyl group with a smaller isopropyl group to reduce steric hindrance and potentially improve fit in the binding site.

This hybrid molecule aims to integrate favorable features from both molecules to increase JNK3 activity.","I have two molecules and their JNK3 scores. The JNK3 score measures a molecular's biological activity against JNK3.


[CC1=CC=C(Cl)C(O[C@H](C)C(=O)NC2=NC(C3=CC=C([C@@H](C)CC4=CC(O)=CC=C4[N+](=O)[O-])C=C3)=CS2)=C1,0.09]
[COc1cc(-c2ccccc2)sc1C(=O)NC[C@@H](O)C(C)(C)C,0.02]Please propose a new molecule that has a higher JNK3 score. You can either make crossover and mutations based on the given molecules or just propose a new molecule based on your knowledge.



Your output should follow the format: {<<<Explaination>>>: $EXPLANATION, <<<Molecule>>>: \box{$Molecule}}. Here are the requirements:

        

1. $EXPLANATION should be your analysis.
2. The $Molecule should be the smiles of your propsosed molecule.
3. The molecule should be valid.
        "
10,21,Cc1ccccc1C(=O)NNc1ccc2c(N3CCCO3)ncnc2c1,0.09,0.046416666666666676,0.2,0.0,0.04857632882610853,169,False,,"{<<<Explanation>>>: The first molecule has a higher JNK3 score (0.19) compared to the second (0.03), indicating that the core structure of the first molecule is more favorable for JNK3 activity. The first molecule features a benzamide linked to a fused bicyclic system containing a nitrogen heterocycle and a piperidine ring, which likely contributes to binding affinity. The second molecule has a morpholine ring and a hydrazide group, which may not be as effective.

To propose a molecule with potentially higher JNK3 activity, I will combine the favorable benzamide and bicyclic heterocycle core from the first molecule with a modification inspired by the second molecule's morpholine ring, replacing the piperidine ring in the first molecule with a morpholine ring to improve solubility and possibly binding interactions. Additionally, I will replace the amide NH with a hydrazide (C(=O)NN) group from the second molecule, which might enhance hydrogen bonding and activity.

This hybrid molecule keeps the key bicyclic heterocycle and benzamide core from the first molecule but introduces the hydrazide and morpholine features from the second molecule, potentially increasing JNK3 activity beyond 0.19.

<<<Molecule>>>: \box{Cc1ccccc1C(=O)NNc1ccc2c(n3OCCC3)ncnc2c1}}","I have two molecules and their JNK3 scores. The JNK3 score measures a molecular's biological activity against JNK3.


[Cc1ccccc1C(=O)Nc1ccc2c(N3CCCC3)ncnc2c1,0.19]
[C[C@@H]1COCCN1Cc1ccc(C(=O)NN)cn1,0.03]Please propose a new molecule that has a higher JNK3 score. You can either make crossover and mutations based on the given molecules or just propose a new molecule based on your knowledge.



Your output should follow the format: {<<<Explaination>>>: $EXPLANATION, <<<Molecule>>>: \box{$Molecule}}. Here are the requirements:

        

1. $EXPLANATION should be your analysis.
2. The $Molecule should be the smiles of your propsosed molecule.
3. The molecule should be valid.
        "
10,22,CS[C@@H](C)C1=CC=C2C(=C1)N=CN=C2N1CCCC1,0.09,0.046416666666666676,0.2,0.0,0.04857632882610853,169,False,,Fallback to genetic operations due to LLM error: ,"Fallback genetic operation for parents: ['CS[C@@H](C)C1=CC(NC(=O)C2=CN(C)N=C2NC(=O)NCC2=CC=CC3=CC=CN=C32)=CC=C1', 'CC1=CC=C(O)C=C1C(=O)NC1=CC=C2C(=C1)N=CN=C2N1CCCC1']"
10,23,CC(=O)Nc1ccc(NCc2ccccc2F)c(C(F)(F)F)c1,0.08,0.046416666666666676,0.2,0.0,0.04857632882610853,169,False,,,
10,24,CC(=O)Nc1ccc(NCC2COC(N)C2C)c(C(F)(F)F)c1,0.08,0.046416666666666676,0.2,0.0,0.04857632882610853,169,False,,"{<<<Explanation>>>: The first molecule has a higher JNK3 score (0.11) compared to the second (0.01), indicating that the acetamide-substituted aromatic ring with a trifluoromethyl group and a thiazole linked to a chlorophenyl group contributes positively to activity. The second molecule, a chiral tetrahydrofuran with a methoxy-fluoro-substituted phenyl, shows low activity. To improve activity, I propose combining the acetamide and trifluoromethyl-substituted aromatic system from the first molecule with the tetrahydrofuran ring from the second molecule, replacing the thiazole-chlorophenyl moiety with the tetrahydrofuran ring to potentially enhance binding and solubility. This hybrid molecule maintains key pharmacophores from the first molecule while introducing the tetrahydrofuran ring to improve interactions and possibly increase the JNK3 score. 

<<<Molecule>>>: \box{CC(=O)Nc1ccc(NCC2CO[C@@H]([C@@H]2C)N)c(C(F)(F)F)c1}}","I have two molecules and their JNK3 scores. The JNK3 score measures a molecular's biological activity against JNK3.


[CC(=O)Nc1ccc(NCc2csc(-c3cccc(Cl)c3)n2)c(C(F)(F)F)c1,0.11]
[CCC[C@@H]1C[C@@H](Nc2cc(OC)ccc2F)CCO1,0.01]Please propose a new molecule that has a higher JNK3 score. You can either make crossover and mutations based on the given molecules or just propose a new molecule based on your knowledge.



Your output should follow the format: {<<<Explaination>>>: $EXPLANATION, <<<Molecule>>>: \box{$Molecule}}. Here are the requirements:

        

1. $EXPLANATION should be your analysis.
2. The $Molecule should be the smiles of your propsosed molecule.
3. The molecule should be valid.
        "
10,25,O=C(N1CCOCC1)C12C[C@H]3C[C@@H](C1)CC(c1ccc([N+](=O)[O-])cc1)(C3)C2,0.07,0.046416666666666676,0.2,0.0,0.04857632882610853,169,False,,,
10,26,O=C(NCC1CCC[NH+](Cc2cc(O)ccc2[N+](=O)[O-])C1)Nc1ccc(Cn2cc(Cl)c([N+](=O)[O-])n2)cc1,0.07,0.046416666666666676,0.2,0.0,0.04857632882610853,169,False,,"{<<<Explanation>>>: Both given molecules have low JNK3 scores (0.05), indicating weak activity. To improve activity, we can combine favorable features from both molecules. The first molecule has a chiral piperidine ring linked to a phenol substituted with a nitro group, while the second molecule contains a pyrazole ring with a nitro and chloro substitution and an amide linkage to a methylated pyrazole. Nitro groups and halogens often enhance binding affinity through electronic effects and interactions with the kinase active site. To propose a molecule with potentially higher JNK3 activity, I suggest a hybrid structure that retains the piperidine ring from the first molecule (important for conformational rigidity and binding) and incorporates the pyrazole ring with chloro and nitro substituents from the second molecule, connected via an amide linker to a phenyl ring. This design aims to combine the key pharmacophores and improve binding interactions with JNK3. The proposed molecule is: O=C(NC[C@H]1CCC[NH+](Cc2cc(O)ccc2[N+](=O)[O-])C1)Nc3ccc(Cn4cc(Cl)c([N+](=O)[O-])n4)cc3. This molecule is valid and merges the structural motifs that may enhance JNK3 inhibition. , <<<Molecule>>>: \box{O=C(NC[C@H]1CCC[NH+](Cc2cc(O)ccc2[N+](=O)[O-])C1)Nc3ccc(Cn4cc(Cl)c([N+](=O)[O-])n4)cc3}}","I have two molecules and their JNK3 scores. The JNK3 score measures a molecular's biological activity against JNK3.


[O=C(NC[C@H]1CCC[NH+](Cc2cc(O)ccc2[N+](=O)[O-])C1)c1ccccc1,0.05]
[Cc1nn(C)cc1CNC(=O)c1ccc(Cn2cc(Cl)c([N+](=O)[O-])n2)cc1,0.05]Please propose a new molecule that has a higher JNK3 score. You can either make crossover and mutations based on the given molecules or just propose a new molecule based on your knowledge.



Your output should follow the format: {<<<Explaination>>>: $EXPLANATION, <<<Molecule>>>: \box{$Molecule}}. Here are the requirements:

        

1. $EXPLANATION should be your analysis.
2. The $Molecule should be the smiles of your propsosed molecule.
3. The molecule should be valid.
        "
10,27,Cc1nonc1CC(=O)N1CCC[C@H](C(=O)Nc2ccc(-c3ccn[nH]3)cc2)C1,0.06,0.046416666666666676,0.2,0.0,0.04857632882610853,169,False,,,
10,28,Fc1ccc2oc(C[NH2+]C[C@@H]3CN4CCCC[C@@H]4CO3)cc2c1,0.06,0.046416666666666676,0.2,0.0,0.04857632882610853,169,False,,,
10,29,Cc1ccc([C@H](C)NC(=O)N[C@H]2CC(=O)N(C3CC3)C2)cc1[N+](=O)[O-],0.06,0.046416666666666676,0.2,0.0,0.04857632882610853,169,False,,,
10,30,COc1nc(N[C@@H]2C[NH+]3CCC2CC3)ccc1N,0.06,0.046416666666666676,0.2,0.0,0.04857632882610853,169,False,,,
10,31,COC1=CC(F)=C(NC(=O)C=C2CN(C(=O)NC3=NC=C(CC4=CC=CC(Cl)=C4)S3)C2)C=C1F,0.06,0.046416666666666676,0.2,0.0,0.04857632882610853,169,False,,Fallback to genetic operations due to LLM error: ,"Fallback genetic operation for parents: ['COC1=CC(F)=C(NC(=O)C=C2CN(C(=O)NC3=NC=NC4=C3CCC4)C2)C=C1F', 'C[NH+]1CCC(NC(=O)NC2=NC=C(CC3=CC=CC(Cl)=C3)S2)CC1']"
10,32,COc1ccc(CNC(=O)c2cc(OC)c(OC)cc2[N+](=O)[O-])cn1,0.05,0.046416666666666676,0.2,0.0,0.04857632882610853,169,False,,,
10,33,CS[C@@H](C)C1=CC=CC(NC(=O)C2=CN(C)N=C2C2=CC=CC=C2)=C1,0.05,0.046416666666666676,0.2,0.0,0.04857632882610853,169,False,,,
10,34,Cc1nn(C)cc1CNC(=O)c1ccc(Cn2cc(Cl)c([N+](=O)[O-])n2)cc1,0.05,0.046416666666666676,0.2,0.0,0.04857632882610853,169,False,,,
10,35,COc1ccc(C[NH+]2CCC(CNC(=O)c3c[nH]nc3-c3ccc(Cl)cc3)CC2)cc1,0.05,0.046416666666666676,0.2,0.0,0.04857632882610853,169,False,,,
10,36,O=C(NC[C@H]1CCC[NH+](CC2=CC(O)=CC=C2[N+](=O)[O-])C1)C1=CC=CC=C1,0.05,0.046416666666666676,0.2,0.0,0.04857632882610853,169,False,,,
10,37,Cc1ccccc1C(=O)Nc1ccc2c(N3CCCC3)ncnc2c1-c1cc(Cl)cc(Cl)c1,0.05,0.046416666666666676,0.2,0.0,0.04857632882610853,169,False,,"The first molecule has a very low JNK3 score (0.02), while the second molecule has a higher score (0.19). The second molecule contains a fused bicyclic system with a purine-like scaffold and a piperidine ring, which might contribute to better binding affinity. The first molecule has a different scaffold with a bicyclic lactam and dichlorophenyl group but lower activity. To design a molecule with potentially higher JNK3 activity, I propose combining the purine-like bicyclic core and the piperidine ring from the second molecule with the dichlorophenyl substituent from the first molecule, as halogenated aromatic rings often enhance binding through hydrophobic and halogen bonding interactions. Additionally, I will keep the amide linkage to maintain hydrogen bonding potential. This hybrid molecule might improve binding affinity and thus increase the JNK3 score.","I have two molecules and their JNK3 scores. The JNK3 score measures a molecular's biological activity against JNK3.


[C=C(C)CN(C)C(=O)CN1CC2=C(C1=O)[C@@H](c1ccc(Cl)cc1Cl)NC(=O)N2CC,0.02]
[Cc1ccccc1C(=O)Nc1ccc2c(N3CCCC3)ncnc2c1,0.19]Please propose a new molecule that has a higher JNK3 score. You can either make crossover and mutations based on the given molecules or just propose a new molecule based on your knowledge.



Your output should follow the format: {<<<Explaination>>>: $EXPLANATION, <<<Molecule>>>: \box{$Molecule}}. Here are the requirements:

        

1. $EXPLANATION should be your analysis.
2. The $Molecule should be the smiles of your propsosed molecule.
3. The molecule should be valid.
        "
10,38,CSC(C)c1ccc(NC(=O)c2cn(C)nc2-c2ccccc2)cc1F,0.05,0.046416666666666676,0.2,0.0,0.04857632882610853,169,False,,"{<<<Explanation>>>: The first molecule has a higher JNK3 score (0.05) compared to the second (0.01), indicating that the scaffold with the substituted aniline linked to a methylated purine-like heterocycle is more active. The second molecule contains a thiosemicarbazide moiety attached to a hydroxy-biphenyl system with a fluorophenyl amide, which shows lower activity. To improve activity, I propose combining the key features of the first molecule (the aniline-purine amide scaffold) with a fluorine substituent on the phenyl ring to potentially enhance binding affinity and metabolic stability. Introducing a fluorine on the phenyl ring of the first molecule may increase lipophilicity and binding interactions, potentially increasing the JNK3 score. This is a mutation of the first molecule by adding a fluorine substituent on the phenyl ring para to the amide linkage.

<<<Molecule>>>: \box{CS[C@@H](C)C1=CC=C(C=C1F)NC(=O)C2=CN(C)N=C2C3=CC=CC=C3}}","I have two molecules and their JNK3 scores. The JNK3 score measures a molecular's biological activity against JNK3.


[CS[C@@H](C)C1=CC=CC(NC(=O)C2=CN(C)N=C2C2=CC=CC=C2)=C1,0.05]
[O=C(NC(=S)Nc1c(O)ccc2ccccc12)c1cccc(F)c1,0.01]Please propose a new molecule that has a higher JNK3 score. You can either make crossover and mutations based on the given molecules or just propose a new molecule based on your knowledge.



Your output should follow the format: {<<<Explaination>>>: $EXPLANATION, <<<Molecule>>>: \box{$Molecule}}. Here are the requirements:

        

1. $EXPLANATION should be your analysis.
2. The $Molecule should be the smiles of your propsosed molecule.
3. The molecule should be valid.
        "
10,39,COc1ccccc1C(=O)Nc1ccc2c(N3CCCN3)ncnc2c1C(=O)NC1=NC=C(Cc2cccc(Cl)c2)[SH]1F,0.05,0.046416666666666676,0.2,0.0,0.04857632882610853,169,False,,"The first molecule has a JNK3 score of 0.06 and features a fluorinated aromatic ring with an amide-linked heterocyclic system containing a thiazole ring and a chlorophenyl substituent. The second molecule has a higher score of 0.15 and contains a methoxyphenyl group linked via an amide to a fused bicyclic purine-like system with a piperidine ring. To design a molecule with a potentially higher JNK3 score, I propose combining the favorable features of both molecules: the methoxyphenyl amide moiety from the second molecule, which may enhance binding affinity, and the heterocyclic system from the first molecule that includes the thiazole and chlorophenyl substituent, which might contribute to specificity and potency. Additionally, I will introduce a fluorine atom on the phenyl ring to potentially improve metabolic stability and binding interactions. This hybrid molecule aims to leverage the higher activity scaffold of the second molecule while incorporating the heterocyclic complexity and halogenation of the first, potentially resulting in improved JNK3 inhibition.","I have two molecules and their JNK3 scores. The JNK3 score measures a molecular's biological activity against JNK3.


[COC1=CC(F)=C(NC(=O)C=C2CN(C(=O)NC3=NC=C(CC4=CC=CC(Cl)=C4)S3)C2)C=C1F,0.06]
[COc1ccccc1C(=O)Nc1ccc2c(N3[CH]CCC3)ncnc2c1,0.15]Please propose a new molecule that has a higher JNK3 score. You can either make crossover and mutations based on the given molecules or just propose a new molecule based on your knowledge.



Your output should follow the format: {<<<Explaination>>>: $EXPLANATION, <<<Molecule>>>: \box{$Molecule}}. Here are the requirements:

        

1. $EXPLANATION should be your analysis.
2. The $Molecule should be the smiles of your propsosed molecule.
3. The molecule should be valid.
        "
10,40,CC1=CC=C(NC(=O)CN2C(=O)S/C(=C/C3=C(F)C=CC=C3Cl)C2=O)C=C1,0.04,0.046416666666666676,0.2,0.0,0.04857632882610853,169,False,,,
10,41,C[C@H](NC(=O)NCC1=CC=CC2=CC=CN=C21)C1=CN(C)N=C1,0.04,0.046416666666666676,0.2,0.0,0.04857632882610853,169,False,,,
10,42,CC(=O)c1ccc(N[C@H]2CC(=O)N(CC(F)(F)F)C2)c([N+](=O)[O-])c1,0.04,0.046416666666666676,0.2,0.0,0.04857632882610853,169,False,,,
10,43,Cc1cnc(C[NH+](C)CCCc2cc(-c3ccc(F)cc3)[nH]n2)o1,0.04,0.046416666666666676,0.2,0.0,0.04857632882610853,169,False,,,
10,44,CC(=O)N[C@H](C)C1=CC=C(C2=CSC(NC(=O)[C@@H](C)OC3=CC(C)=CC=C3Cl)=N2)C=C1,0.04,0.046416666666666676,0.2,0.0,0.04857632882610853,169,False,,,
10,45,CC(C)N1C=CC(CCNCC2=CN=C(C3=CSC=C3)S2)=N1,0.04,0.046416666666666676,0.2,0.0,0.04857632882610853,169,False,,,
10,46,CS[C@@H](C)C1=CC(NC(=O)C2=CN(C)N=C2NC(=O)NCC2=CC=CC3=CC=CN=C32)=CC=C1,0.04,0.046416666666666676,0.2,0.0,0.04857632882610853,169,False,,Fallback to genetic operations due to LLM error: ,"Fallback genetic operation for parents: ['CS[C@@H](C)C1=CC=CC(NC(=O)C2=CN(C)N=C2C2=CC=CC=C2)=C1', 'C[C@H](NC(=O)NCC1=CC=CC2=CC=CN=C21)C1=CN(C)N=C1']"
10,47,Cc1ccc(C(C)NC(=O)N2[CH]OCC2)c([N+](=O)[O-])c1,0.04,0.046416666666666676,0.2,0.0,0.04857632882610853,169,False,,"Both given molecules have relatively low JNK3 scores (0.06 and 0.02), indicating modest activity. The first molecule features a nitro-substituted phenyl ring linked to a chiral amide-containing bicyclic lactam, while the second has a methoxy-substituted bicyclic ether with an amide linked to a substituted phenyl ring. To potentially increase JNK3 activity, I propose combining favorable features: the nitro group from the first molecule (which can enhance binding through electronic effects) and the bicyclic ether scaffold from the second molecule (which may provide conformational rigidity and better fit in the binding site). Additionally, replacing the acetyl group on the phenyl ring with a less electron-withdrawing methyl group might improve binding affinity by modulating electronic properties. This hybrid molecule maintains key hydrogen bonding capabilities and introduces structural elements that could enhance interaction with JNK3, potentially leading to a higher score.","I have two molecules and their JNK3 scores. The JNK3 score measures a molecular's biological activity against JNK3.


[Cc1ccc([C@H](C)NC(=O)N[C@H]2CC(=O)N(C3CC3)C2)cc1[N+](=O)[O-],0.06]
[COc1ccc2c(c1)C[C@@H](C(=O)Nc1ccc(C(C)=O)c(C)c1)CO2,0.02]Please propose a new molecule that has a higher JNK3 score. You can either make crossover and mutations based on the given molecules or just propose a new molecule based on your knowledge.



Your output should follow the format: {<<<Explaination>>>: $EXPLANATION, <<<Molecule>>>: \box{$Molecule}}. Here are the requirements:

        

1. $EXPLANATION should be your analysis.
2. The $Molecule should be the smiles of your propsosed molecule.
3. The molecule should be valid.
        "
10,48,[NH3+]C[C@H](CO)CC1=CC(Br)=CC(NC(=O)CS[C@H]2CCCC3=C2C=CC=C3)=C1,0.04,0.046416666666666676,0.2,0.0,0.04857632882610853,169,False,,Fallback to genetic operations due to LLM error: ,"Fallback genetic operation for parents: ['CC1=NN(C)C(C)=C1NC(=O)CS[C@H]1CCCC2=CC=CC=C21', '[NH3+]C[C@H](CO)CC1=CC(F)=CC(Br)=C1']"
10,49,CC(=O)NC1=CC=C(Cl)C1C1=CC=NC=C1,0.04,0.046416666666666676,0.2,0.0,0.04857632882610853,169,False,,Fallback to genetic operations due to LLM error: ,"Fallback genetic operation for parents: ['CC(=O)NC1=CC=C(NC(=O)C2=NC(Cl)=CC=C2Cl)C=C1C1=CC=NC=C1', 'C=C(C)CN(C)C(=O)CN1CC2=C(C1=O)[C@@H](C1=CC=C(Cl)C=C1Cl)NC(=O)N2CC']"
10,50,Cc1cc(F)ccc1C(=O)N1CCOCC1CNC(=O)c1c[nH]nc1-c1ccc(Cl)cc1,0.04,0.046416666666666676,0.2,0.0,0.04857632882610853,169,False,,"The first molecule has a JNK3 score of 0.05 and contains a methoxyphenyl group linked to a piperidinium ring with a substituted pyrazole and chlorophenyl moiety. The second molecule has a higher score of 0.12 and features a fluoromethylphenyl amide linked to a fused bicyclic system with a morpholine substituent. To design a molecule with a potentially higher JNK3 score, I propose combining favorable features from both molecules: the fluoromethylphenyl amide group from the second molecule (which may enhance binding through hydrogen bonding and hydrophobic interactions) and the pyrazole-chlorophenyl moiety from the first molecule (which may contribute to specificity and potency). Additionally, replacing the piperidinium ring with a morpholine ring (as in the second molecule) could improve solubility and binding. Thus, the proposed molecule is a fluoromethylphenyl amide linked to a morpholine ring, which is further connected via an amide bond to a pyrazole ring substituted with a chlorophenyl group. This hybrid design aims to combine the beneficial structural motifs to increase biological activity against JNK3.","I have two molecules and their JNK3 scores. The JNK3 score measures a molecular's biological activity against JNK3.


[COc1ccc(C[NH+]2CCC(CNC(=O)c3c[nH]nc3-c3ccc(Cl)cc3)CC2)cc1,0.05]
[Cc1cc(F)ccc1C(=O)Nc1ccc2c(N3CCOCC3)ncnc2c1,0.12]Please propose a new molecule that has a higher JNK3 score. You can either make crossover and mutations based on the given molecules or just propose a new molecule based on your knowledge.



Your output should follow the format: {<<<Explaination>>>: $EXPLANATION, <<<Molecule>>>: \box{$Molecule}}. Here are the requirements:

        

1. $EXPLANATION should be your analysis.
2. The $Molecule should be the smiles of your propsosed molecule.
3. The molecule should be valid.
        "
10,51,CSC(C)c1cccc(NC(=O)c2ncnc3c2ncn3S(=O)(=O)c2ccccc2)c1,0.04,0.046416666666666676,0.2,0.0,0.04857632882610853,169,False,,"{<<<Explanation>>>: The first molecule is a sulfonyl-containing aromatic compound with a low JNK3 score of 0.01, and the second molecule is a chiral thioether linked to a substituted aniline and a heterocyclic amide with a slightly higher score of 0.05. To improve the JNK3 activity, I propose combining features from both molecules: retaining the thioether and chiral center from the second molecule, which may contribute to binding specificity, and introducing a sulfonyl group similar to the first molecule to enhance interactions with the kinase active site. Additionally, I will replace the chlorinated phenyl ester in the first molecule with a heteroaromatic ring to improve binding affinity and solubility. The proposed molecule includes a chiral thioether linked to a phenyl ring bearing a sulfonyl group and an amide linked to a purine-like heterocycle, which is known to interact well with kinases. This hybrid design aims to increase the JNK3 score beyond 0.05. <<<Molecule>>>: \box{CS[C@@H](C)C1=CC=CC(NC(=O)C2=NC=NC3=C2N=CN3S(=O)(=O)C4=CC=CC=C4)=C1}}","I have two molecules and their JNK3 scores. The JNK3 score measures a molecular's biological activity against JNK3.


[Cc1ccc(S(=O)(=O)CCC(=O)Oc2ccc(Cl)cc2Cl)cc1,0.01]
[CS[C@@H](C)C1=CC=CC(NC(=O)C2=CN(C)N=C2C2=CC=CC=C2)=C1,0.05]Please propose a new molecule that has a higher JNK3 score. You can either make crossover and mutations based on the given molecules or just propose a new molecule based on your knowledge.



Your output should follow the format: {<<<Explaination>>>: $EXPLANATION, <<<Molecule>>>: \box{$Molecule}}. Here are the requirements:

        

1. $EXPLANATION should be your analysis.
2. The $Molecule should be the smiles of your propsosed molecule.
3. The molecule should be valid.
        "
10,52,C[C@H]([NH2+][C@H]1CCOC1)c1ccnc(Cl)c1,0.03,0.046416666666666676,0.2,0.0,0.04857632882610853,169,False,,,
10,53,COc1cc(-c2noc(C3C[C@@H](C)O[C@@H](C)C3)n2)ccn1,0.03,0.046416666666666676,0.2,0.0,0.04857632882610853,169,False,,,
10,54,COc1cc(C)c(CN2CCN(C(=O)c3ccc(N4CCCCC4)c([N+](=O)[O-])c3)CC2)cc1OC,0.03,0.046416666666666676,0.2,0.0,0.04857632882610853,169,False,,,
10,55,Cc1ccc2nc(N3CCC(C(=O)NCC(C)(C)CO)CC3)nc(C)c2c1,0.03,0.046416666666666676,0.2,0.0,0.04857632882610853,169,False,,,
10,56,C[C@@H]1COCCN1Cc1ccc(C(=O)NN)cn1,0.03,0.046416666666666676,0.2,0.0,0.04857632882610853,169,False,,,
10,57,[NH3+]C[C@H](CO)CC1=CC(F)=CC(Br)=C1,0.03,0.046416666666666676,0.2,0.0,0.04857632882610853,169,False,,,
10,58,C[C@@H](CO)CSC[C@@H]([NH3+])C1=CC=C2OCCCOC2=C1,0.03,0.046416666666666676,0.2,0.0,0.04857632882610853,169,False,,,
10,59,Cc1ccc(-c2ncco2)cc1NC(=O)c1nc(Cl)ccc1Cl,0.03,0.046416666666666676,0.2,0.0,0.04857632882610853,169,False,,,
10,60,O=C(Nc1ccc2c(c1)CCO2)N1CCC[C@H]1c1nc2ccccc2[nH]1,0.03,0.046416666666666676,0.2,0.0,0.04857632882610853,169,False,,,
10,61,N#CCc1ccc2[nH]ccc2n1,0.03,0.046416666666666676,0.2,0.0,0.04857632882610853,169,False,,,
10,62,COC1=CC(F)=C(NC(=O)C=C2CN(C(=O)NC3=NC=NC4=C3CCC4)C2)C=C1F,0.03,0.046416666666666676,0.2,0.0,0.04857632882610853,169,False,,,
10,63,CC(=O)NC1=CC=C(NC(=O)C2=NC(Cl)=CC=C2Cl)C=C1C1=CC=NC=C1,0.03,0.046416666666666676,0.2,0.0,0.04857632882610853,169,False,,,
10,64,COC1=CC=CC=C1C(=O)NC1=CC=C(C2=NN(C)C=C2C(=O)NC2=CC=CC([C@H](C)SC)=C2)C1,0.03,0.046416666666666676,0.2,0.0,0.04857632882610853,169,False,,Fallback to genetic operations due to LLM error: ,"Fallback genetic operation for parents: ['COC1=CC=CC=C1C(=O)NC1=CC=C2C(=C1)N=CN=C2N1[CH]CCC1', 'CS[C@@H](C)C1=CC=CC(NC(=O)C2=CN(C)N=C2C2=CC=CC=C2)=C1']"
10,65,CCCCO[C@@H]1C[C@H](NC(=O)c2occc2Br)C1(C)C,0.02,0.046416666666666676,0.2,0.0,0.04857632882610853,169,False,,,
10,66,NC(=O)c1cccc(CNC(=O)CSc2nc3ccccc3o2)c1,0.02,0.046416666666666676,0.2,0.0,0.04857632882610853,169,False,,,
10,67,CCC[C@@H](C(=O)N1CCN(CC(=O)NC2=C(C)C=CC=C2C)CC1)C1=CC=CC=C1,0.02,0.046416666666666676,0.2,0.0,0.04857632882610853,169,False,,,
10,68,COc1ccc([C@H](NC(=O)c2ccc3nccnc3c2)C2CCOCC2)cc1,0.02,0.046416666666666676,0.2,0.0,0.04857632882610853,169,False,,,
10,69,COc1cc(-c2ccccc2)sc1C(=O)NC[C@@H](O)C(C)(C)C,0.02,0.046416666666666676,0.2,0.0,0.04857632882610853,169,False,,,
10,70,Cc1nn(C)cc1CN1C[C@H](CO)OC[C@@H]1C,0.02,0.046416666666666676,0.2,0.0,0.04857632882610853,169,False,,,
10,71,Cc1cc(NC(=O)Nc2cccc(Cl)c2)ncc1Br,0.02,0.046416666666666676,0.2,0.0,0.04857632882610853,169,False,,,
10,72,CCSC[C@@H](C)N(C)C(=O)NCc1ccc(C)cc1N(C)C,0.02,0.046416666666666676,0.2,0.0,0.04857632882610853,169,False,,,
10,73,C=C(C)CN(C)C(=O)CN1CC2=C(C1=O)[C@@H](C1=CC=C(Cl)C=C1Cl)NC(=O)N2CC,0.02,0.046416666666666676,0.2,0.0,0.04857632882610853,169,False,,,
10,74,COc1ccc2c(c1)C[C@@H](C(=O)Nc1ccc(C(C)=O)c(C)c1)CO2,0.02,0.046416666666666676,0.2,0.0,0.04857632882610853,169,False,,,
10,75,Cc1[nH+]ccn1Cc1nnc([C@@H]2CCC[NH+](Cc3cccnc3)C2)n1C,0.02,0.046416666666666676,0.2,0.0,0.04857632882610853,169,False,,,
10,76,COc1ccc([C@@H]2CC(=O)C3=C(C2)N[C@@H]2N=NC(O)=C2[C@H]3c2ccc(Cl)c(Cl)c2)cc1OC,0.02,0.046416666666666676,0.2,0.0,0.04857632882610853,169,False,,,
10,77,C[C@H]1Cc2cc([C@@H](Cl)C3(C)CCCC3)ccc2O1,0.02,0.046416666666666676,0.2,0.0,0.04857632882610853,169,False,,,
10,78,C[NH+]1CCC(NC(=O)NC2=NC=C(CC3=CC=CC(Cl)=C3)S2)CC1,0.02,0.046416666666666676,0.2,0.0,0.04857632882610853,169,False,,,
10,79,O=C(NCC1CCN(C(=O)c2ccccn2)CC1)C(=O)NC1CCCC1,0.02,0.046416666666666676,0.2,0.0,0.04857632882610853,169,False,,,
10,80,C[C@H](Cc1ccsc1)[NH+](C)Cc1cnc(N2CC[NH+](C)CC2)nc1,0.02,0.046416666666666676,0.2,0.0,0.04857632882610853,169,False,,,
10,81,COc1ccc(NC(=O)C[NH+]2CCCN(Cc3cccc(Cl)c3)S2(=O)=O)cc1,0.02,0.046416666666666676,0.2,0.0,0.04857632882610853,169,False,,,
10,82,CSC(C)c1cccc(NC(=O)NC(C)COC2CCOCC2)c1,0.02,0.046416666666666676,0.2,0.0,0.04857632882610853,169,False,,"The first molecule has a JNK3 score of 0.05, which is higher than the second molecule's 0.01. The first molecule features a substituted aniline linked to a methylated purine-like heterocycle, while the second molecule has a bulky tert-butyl group and a morpholine ring. To improve the JNK3 score, I propose combining the key amide linkage and aromatic system from the first molecule with the morpholine ring from the second molecule, which may enhance solubility and binding interactions. Additionally, introducing a small alkyl substitution on the aromatic ring could improve hydrophobic interactions. This hybrid molecule maintains the core amide and aromatic system from the first molecule but replaces the purine moiety with a morpholine-containing amide, potentially increasing activity against JNK3.","I have two molecules and their JNK3 scores. The JNK3 score measures a molecular's biological activity against JNK3.


[CS[C@@H](C)C1=CC=CC(NC(=O)C2=CN(C)N=C2C2=CC=CC=C2)=C1,0.05]
[CCC(C)(C)NC(=O)c1ccc(NC(=O)N[C@@H](C)[C@H]2CCCO2)cc1,0.01]Please propose a new molecule that has a higher JNK3 score. You can either make crossover and mutations based on the given molecules or just propose a new molecule based on your knowledge.



Your output should follow the format: {<<<Explaination>>>: $EXPLANATION, <<<Molecule>>>: \box{$Molecule}}. Here are the requirements:

        

1. $EXPLANATION should be your analysis.
2. The $Molecule should be the smiles of your propsosed molecule.
3. The molecule should be valid.
        "
10,83,C=C(C)CN(C)C(=O)CN1CC2=C(C1=O)[C@@H](C1=CC=C(C)C1Cl)NC(=O)N2CC,0.02,0.046416666666666676,0.2,0.0,0.04857632882610853,169,False,,Fallback to genetic operations due to LLM error: ,"Fallback genetic operation for parents: ['C=C(C)CN(C)C(=O)CN1CC2=C(C1=O)[C@@H](C1=CC=C(Cl)C=C1Cl)NC(=O)N2CC', 'CC1=CC=C(NC(=O)CN2C(=O)S/C(=C/C3=C(F)C=CC=C3Cl)C2=O)C=C1']"
10,84,O=C1N[C@@H](c2ccccc2F)c2c1oc1ccccc1c2=O,0.01,0.046416666666666676,0.2,0.0,0.04857632882610853,169,False,,,
10,85,CS(=O)(=O)N[C@H]1CCN(c2ccc(Cl)c(F)c2)C1=O,0.01,0.046416666666666676,0.2,0.0,0.04857632882610853,169,False,,,
10,86,CCC(C)(C)NC(=O)c1ccc(NC(=O)N[C@@H](C)[C@H]2CCCO2)cc1,0.01,0.046416666666666676,0.2,0.0,0.04857632882610853,169,False,,,
10,87,CSCC[C@H](NC(=O)N[C@@H]1CCCCC1(C)C)C(=O)[O-],0.01,0.046416666666666676,0.2,0.0,0.04857632882610853,169,False,,,
10,88,CC(C)C(=O)Nc1nc2ccc(CCC(=O)NCc3ccccc3Cl)cc2s1,0.01,0.046416666666666676,0.2,0.0,0.04857632882610853,169,False,,,
10,89,Cc1nn(-c2ccccc2)c(C)c1NC(=O)CN1CCc2cc(F)ccc2C1,0.01,0.046416666666666676,0.2,0.0,0.04857632882610853,169,False,,,
10,90,COc1ccc(C[C@H](C)C[NH+](C)Cc2cn3cccnc3n2)cc1,0.01,0.046416666666666676,0.2,0.0,0.04857632882610853,169,False,,,
10,91,CCc1nsc(NCC(=O)NC(C)(C)C)n1,0.01,0.046416666666666676,0.2,0.0,0.04857632882610853,169,False,,,
10,92,CCCN(C)c1nccn2c(=O)n(CC(=O)Nc3cccc(SC)c3)nc12,0.01,0.046416666666666676,0.2,0.0,0.04857632882610853,169,False,,,
10,93,O=C(Nc1ccc(-c2nnc3n2CCCCC3)cc1)c1ccccc1C(F)(F)F,0.01,0.046416666666666676,0.2,0.0,0.04857632882610853,169,False,,,
10,94,CC(C)c1cccc(C(C)C)c1NC(=O)CCN1C(=O)[C@H]2CC[C@@](C)(C1=O)C2(C)C,0.01,0.046416666666666676,0.2,0.0,0.04857632882610853,169,False,,,
10,95,Cc1cccc(CN(C(=O)c2cccc(N3CCNC3=O)c2)C(C)C)c1,0.01,0.046416666666666676,0.2,0.0,0.04857632882610853,169,False,,,
10,96,COc1ccc(C(=O)N2C[C@@H](C)[NH2+]C[C@H]2C)cc1O,0.01,0.046416666666666676,0.2,0.0,0.04857632882610853,169,False,,,
10,97,O=C(NC(=S)Nc1c(O)ccc2ccccc12)c1cccc(F)c1,0.01,0.046416666666666676,0.2,0.0,0.04857632882610853,169,False,,,
10,98,CC(=O)Nc1ccc(NC(=O)CCc2cnn(-c3ccccc3)c2)cc1,0.01,0.046416666666666676,0.2,0.0,0.04857632882610853,169,False,,,
10,99,COc1cc(F)c(NC(=O)C=C2CN(C(=O)OC(C)(C)C)C2)cc1F,0.01,0.046416666666666676,0.2,0.0,0.04857632882610853,169,False,,,
10,100,C[C@@H](Nc1ccc([N-]S(C)(=O)=O)cc1)C(=O)Nc1ccc2c(c1)OCO2,0.01,0.046416666666666676,0.2,0.0,0.04857632882610853,169,False,,,
10,101,CCC[C@@H]1C[C@@H](Nc2cc(OC)ccc2F)CCO1,0.01,0.046416666666666676,0.2,0.0,0.04857632882610853,169,False,,,
10,102,Cc1ccc(S(=O)(=O)CCC(=O)Oc2ccc(Cl)cc2Cl)cc1,0.01,0.046416666666666676,0.2,0.0,0.04857632882610853,169,False,,,
10,103,CCN(CC(=O)Nc1cccc(OC)c1)C(=O)c1ccc(F)cc1Br,0.01,0.046416666666666676,0.2,0.0,0.04857632882610853,169,False,,,
10,104,COC(=O)[C@@H]1CCCN(C(=O)NC2CCC([NH+]3CCCCC3)CC2)C1,0.01,0.046416666666666676,0.2,0.0,0.04857632882610853,169,False,,,
10,105,O=C(C[NH+]1CCN(c2ccc(C(F)(F)F)cn2)CC1)N1CCC[C@H]1c1ccc2c(c1)OCCO2,0.01,0.046416666666666676,0.2,0.0,0.04857632882610853,169,False,,,
10,106,CC(C)C[C@H]1C[NH2+]CC[C@@H]1c1cccc2c1OC(C)(C)C2,0.01,0.046416666666666676,0.2,0.0,0.04857632882610853,169,False,,,
10,107,Cc1cccc(C[NH+]2CCC[C@@]3(CC[NH+](Cc4cnn(C(C)C)c4)C3)C2)c1,0.01,0.046416666666666676,0.2,0.0,0.04857632882610853,169,False,,,
10,108,CC1=NN(C)C(C)=C1NC(=O)CS[C@H]1CCCC2=CC=CC=C21,0.01,0.046416666666666676,0.2,0.0,0.04857632882610853,169,False,,,
10,109,CC1(C)CN(CCOc2ccc(S(C)(=O)=O)cc2)CC[S@@]1=O,0.01,0.046416666666666676,0.2,0.0,0.04857632882610853,169,False,,,
10,110,O=C(NCc1ccc(N2CCC(O)CC2)c(F)c1)c1ccn(-c2ccc(F)cc2)n1,0.01,0.046416666666666676,0.2,0.0,0.04857632882610853,169,False,,,
10,111,Cc1cc(/C=C(\C#N)C(=O)Nc2ccccc2)c(C)n1-c1ccc(I)cc1,0.01,0.046416666666666676,0.2,0.0,0.04857632882610853,169,False,,,
10,112,COc1ccc(C2CC(=O)N3NC(=O)N(C=C(C)CN)C3C2c2ccc(Cl)cc2Cl)cc1OC,0.01,0.046416666666666676,0.2,0.0,0.04857632882610853,169,False,,"Both given molecules have the same JNK3 score of 0.02, indicating low activity. To improve the JNK3 score, I will combine favorable features from both molecules: the bicyclic core with nitrogen heterocycles from the first molecule, which may provide good binding interactions, and the amide-linked chlorophenyl group from the second molecule, which could enhance binding affinity through hydrophobic and halogen bonding interactions. Additionally, I will introduce a small alkene side chain (from the second molecule) to increase molecular flexibility and potential interactions. This hybrid molecule maintains key pharmacophores and adds diversity to improve activity.","I have two molecules and their JNK3 scores. The JNK3 score measures a molecular's biological activity against JNK3.


[COc1ccc([C@@H]2CC(=O)C3=C(C2)N[C@@H]2N=NC(O)=C2[C@H]3c2ccc(Cl)c(Cl)c2)cc1OC,0.02]
[C=C(C)CN(C)C(=O)CN1CC2=C(C1=O)[C@@H](c1ccc(Cl)cc1Cl)NC(=O)N2CC,0.02]Please propose a new molecule that has a higher JNK3 score. You can either make crossover and mutations based on the given molecules or just propose a new molecule based on your knowledge.



Your output should follow the format: {<<<Explaination>>>: $EXPLANATION, <<<Molecule>>>: \box{$Molecule}}. Here are the requirements:

        

1. $EXPLANATION should be your analysis.
2. The $Molecule should be the smiles of your propsosed molecule.
3. The molecule should be valid.
        "
10,113,C[C@@H](CO)CSC[C@@H]([NH3+])C1=CC=CCC1,0.01,0.046416666666666676,0.2,0.0,0.04857632882610853,169,False,,Fallback to genetic operations due to LLM error: ,"Fallback genetic operation for parents: ['CCC[C@@H](C(=O)N1CCN(CC(=O)NC2=C(C)C=CC=C2C)CC1)C1=CC=CC=C1', 'C[C@@H](CO)CSC[C@@H]([NH3+])C1=CC=C2OCCCOC2=C1']"
10,114,CCSCCN1CCN(c2nc(OC)ccc2N)CC1C(=O)NCc1ccc(N(C)C)cc1,0.01,0.046416666666666676,0.2,0.0,0.04857632882610853,169,False,,"{<<<Explanation>>>: The first molecule has a JNK3 score of 0.09 and contains a bis-thiol (CCSCC) moiety linked to a substituted aniline with dimethylamino groups and a methoxyphenyl group, suggesting some affinity for JNK3. The second molecule has a score of 0.06 and features a methoxy-substituted pyrimidine ring linked to a chiral azetidine-like structure with a positive charge, indicating a different scaffold with moderate activity.

To improve the JNK3 score, I propose combining the key features of both molecules: the bis-thiol moiety from the first molecule, which might contribute to binding via sulfur interactions, and the methoxy-substituted heterocycle from the second molecule, which may enhance binding affinity and specificity. Additionally, I will introduce a piperazine ring as a linker to improve solubility and flexibility, and maintain the dimethylamino substitution to preserve the basicity and potential hydrogen bonding.

This hybrid molecule is expected to have improved interactions with JNK3 due to the combination of sulfur-containing groups and heterocyclic aromatic systems, potentially increasing the JNK3 score beyond 0.09.

<<<Molecule>>>: \box{CCSCCN1CCN(c2nc(OC)ccc2N)CC1C(=O)NCc3ccc(N(C)C)cc3} }","I have two molecules and their JNK3 scores. The JNK3 score measures a molecular's biological activity against JNK3.


[CCSCC(C)N(C)C(=O)NCc1ccc(Nc2ccccc2OC)cc1N(C)C,0.09]
[COc1nc(N[C@@H]2C[NH+]3CCC2CC3)ccc1N,0.06]Please propose a new molecule that has a higher JNK3 score. You can either make crossover and mutations based on the given molecules or just propose a new molecule based on your knowledge.



Your output should follow the format: {<<<Explaination>>>: $EXPLANATION, <<<Molecule>>>: \box{$Molecule}}. Here are the requirements:

        

1. $EXPLANATION should be your analysis.
2. The $Molecule should be the smiles of your propsosed molecule.
3. The molecule should be valid.
        "
10,115,O=C(NCC1CCC[NH+](Cc2cccc(O)c2)C1)c1ccccc1-c1cnn[nH]1,0.01,0.046416666666666676,0.2,0.0,0.04857632882610853,169,False,,"Both given molecules have relatively low JNK3 scores (0.05 and 0.06). The first molecule features a phenyl amide linked to a chiral piperidine ring with a nitrophenol substituent, while the second molecule has a chiral piperidine amide linked to a substituted phenyl ring with a pyridyl-triazole moiety. To improve JNK3 activity, I propose combining the nitrophenol moiety from the first molecule, which may contribute to binding via hydrogen bonding and electronic effects, with the heteroaryl substitution from the second molecule, which can enhance specificity and interactions with the kinase active site. Additionally, replacing the nitro group with a less electron-withdrawing but still polar group like a cyano or hydroxyl might improve binding affinity and reduce potential toxicity. I will propose a molecule that retains the chiral piperidine amide core, attaches a phenyl ring bearing a hydroxyl group (instead of nitro) and a pyridyl-triazole substituent to enhance interactions and potentially increase the JNK3 score. This crossover and mutation strategy aims to combine favorable features from both molecules to improve biological activity.","I have two molecules and their JNK3 scores. The JNK3 score measures a molecular's biological activity against JNK3.


[O=C(NC[C@H]1CCC[NH+](CC2=CC(O)=CC=C2[N+](=O)[O-])C1)C1=CC=CC=C1,0.05]
[Cc1nonc1CC(=O)N1CCC[C@H](C(=O)Nc2ccc(-c3ccn[nH]3)cc2)C1,0.06]Please propose a new molecule that has a higher JNK3 score. You can either make crossover and mutations based on the given molecules or just propose a new molecule based on your knowledge.



Your output should follow the format: {<<<Explaination>>>: $EXPLANATION, <<<Molecule>>>: \box{$Molecule}}. Here are the requirements:

        

1. $EXPLANATION should be your analysis.
2. The $Molecule should be the smiles of your propsosed molecule.
3. The molecule should be valid.
        "
10,116,O=C(CCn1nnc2cc(-c3noc(Cc4ccc(Cl)cc4)n3)ccc21)N1CCCC1,0.0,0.046416666666666676,0.2,0.0,0.04857632882610853,169,False,,,
10,117,CCS(=O)(=O)c1ccc(C(=O)Nc2cc(C)nn2-c2nc3c(Cl)cccc3s2)cc1,0.0,0.046416666666666676,0.2,0.0,0.04857632882610853,169,False,,,
10,118,CC[NH2+][C@@H](C)[C@@H]1CCCC(C)(C)CC1,0.0,0.046416666666666676,0.2,0.0,0.04857632882610853,169,False,,,
10,119,C/C=C/C(=O)NCC(=O)Nc1cccc(C)c1C,0.0,0.046416666666666676,0.2,0.0,0.04857632882610853,169,False,,,
10,120,CC(C)OCCS(=O)(=O)N1CC(N2CC[NH2+]CC2)C1,0.0,0.046416666666666676,0.2,0.0,0.04857632882610853,169,False,,,
11,1,COc1ccccc1C(=O)Nc1ccc2c(N3CCCC3)ncnc2c1,0.2,0.05158333333333334,0.2,0.01,0.05097378138699236,173,False,,"{<<<Explanation>>>: Both given molecules share a common scaffold: a benzamide linked to a bicyclic system containing a substituted pyrimidine fused to a phenyl ring, with a piperidine or azetidine ring attached to the nitrogen. The difference lies in the ring size and substitution on the nitrogen-containing ring: one has a 4-membered azetidine ring with a methylene bridge ([CH]CCC) and a methoxy group on the phenyl ring (score 0.15), the other has a 5-membered piperidine ring (CCCC) and a methyl group on the phenyl ring (score 0.19). The piperidine ring and methyl substitution seem to improve activity.

To propose a molecule with potentially higher JNK3 activity, I will combine the beneficial features: keep the piperidine ring (which gave a higher score) and introduce a methoxy group on the phenyl ring (which might enhance binding via electronic effects or H-bonding). Additionally, I will replace the methyl group on the phenyl ring with a methoxy group to increase polarity and potential interactions. This hybrid molecule might have improved binding affinity and thus a higher JNK3 score.

<<<Molecule>>>: \box{COc1ccccc1C(=O)Nc1ccc2c(N3CCCC3)ncnc2c1}}","I have two molecules and their JNK3 scores. The JNK3 score measures a molecular's biological activity against JNK3.


[COc1ccccc1C(=O)Nc1ccc2c(N3[CH]CCC3)ncnc2c1,0.15]
[Cc1ccccc1C(=O)Nc1ccc2c(N3CCCC3)ncnc2c1,0.19]Please propose a new molecule that has a higher JNK3 score. You can either make crossover and mutations based on the given molecules or just propose a new molecule based on your knowledge.



Your output should follow the format: {<<<Explaination>>>: $EXPLANATION, <<<Molecule>>>: \box{$Molecule}}. Here are the requirements:

        

1. $EXPLANATION should be your analysis.
2. The $Molecule should be the smiles of your propsosed molecule.
3. The molecule should be valid.
        "
11,2,Cc1ccccc1C(=O)Nc1ccc2c(N3CCCC3)ncnc2c1,0.19,0.05158333333333334,0.2,0.01,0.05097378138699236,173,False,,,
11,3,CC1=CC=C(O)C=C1C(=O)NC1=CC=C2C(=C1)N=CN=C2N1CCCC1,0.19,0.05158333333333334,0.2,0.01,0.05097378138699236,173,False,,,
11,4,O=C(Nc1ccc2c(N3CCCC3)ncnc2c1)c1ccccc1O,0.18,0.05158333333333334,0.2,0.01,0.05097378138699236,173,False,,"{<<<Explanation>>>: Both given molecules share a common scaffold: a benzamide linked to a fused bicyclic system containing a piperidine ring. The difference lies in the substituent on the benzene ring attached to the amide: one has a methyl group (–CH3) and the other a methoxy group (–OCH3). The methoxy substituent (electron-donating and capable of hydrogen bonding) slightly improves the JNK3 score (0.2 vs 0.19). To further enhance activity, I propose introducing a stronger electron-donating group that can also engage in hydrogen bonding, such as a hydroxyl group (–OH), which often improves binding affinity by forming additional hydrogen bonds with the target. Additionally, placing the hydroxyl group para to the amide linkage on the benzene ring could optimize interactions. Therefore, I propose replacing the methyl/methoxy substituent with a para-hydroxy group on the benzamide phenyl ring, keeping the rest of the molecule intact. This modification is likely to increase the JNK3 score by improving binding interactions.

<<<Molecule>>>: \box{Oc1ccccc1C(=O)Nc1ccc2c(N3CCCC3)ncnc2c1}}","I have two molecules and their JNK3 scores. The JNK3 score measures a molecular's biological activity against JNK3.


[Cc1ccccc1C(=O)Nc1ccc2c(N3CCCC3)ncnc2c1,0.19]
[COc1ccccc1C(=O)Nc1ccc2c(N3CCCC3)ncnc2c1,0.2]Please propose a new molecule that has a higher JNK3 score. You can either make crossover and mutations based on the given molecules or just propose a new molecule based on your knowledge.



Your output should follow the format: {<<<Explaination>>>: $EXPLANATION, <<<Molecule>>>: \box{$Molecule}}. Here are the requirements:

        

1. $EXPLANATION should be your analysis.
2. The $Molecule should be the smiles of your propsosed molecule.
3. The molecule should be valid.
        "
11,5,COC1=CC(F)=CC=C1C(=O)NC1=CC=C2C(=C1)N=CN=C2C1=CC=CC=C1,0.18,0.05158333333333334,0.2,0.01,0.05097378138699236,173,False,,Fallback to genetic operations due to LLM error: ,"Fallback genetic operation for parents: ['COC1=CC(F)=CC=C1C(=O)NC1=CC=C2C(=C1)N=CN=C2N1CCOCC1', 'CCC[C@@H](C(=O)N1CCN(CC(=O)NC2=C(C)C=CC=C2C)CC1)C1=CC=CC=C1']"
11,6,COC1=CC=CC=C1NC1=CC=C(CNC(=O)NC2=CC=C3C(=C2)N=CN=C3N2CCCC2)C=C1,0.18,0.05158333333333334,0.2,0.01,0.05097378138699236,173,False,,,
11,7,COc1cc(O)ccc1C(=O)Nc1ccc2c(-c3ccccc3)ncnc2c1,0.18,0.05158333333333334,0.2,0.01,0.05097378138699236,173,False,,"Both given molecules are identical, with a JNK3 score of 0.18, indicating moderate activity. To improve the JNK3 score, we can consider structural modifications known to enhance kinase inhibition, such as introducing additional hydrogen bond donors or acceptors, or adding groups that increase binding affinity. The current molecule has a methoxy group (COC) and a fluorophenyl ring. One common strategy is to replace the fluorine with a hydroxyl group to increase hydrogen bonding potential or add a small polar substituent on the phenyl ring to improve interactions. Alternatively, adding a methyl group on the pyrazolopyrimidine core can enhance hydrophobic interactions. Here, I propose replacing the fluorine atom with a hydroxyl group on the phenyl ring to potentially increase binding affinity and thus the JNK3 score.","I have two molecules and their JNK3 scores. The JNK3 score measures a molecular's biological activity against JNK3.


[COC1=CC(F)=CC=C1C(=O)NC1=CC=C2C(=C1)N=CN=C2C1=CC=CC=C1,0.18]
[COC1=CC(F)=CC=C1C(=O)NC1=CC=C2C(=C1)N=CN=C2C1=CC=CC=C1,0.18]Please propose a new molecule that has a higher JNK3 score. You can either make crossover and mutations based on the given molecules or just propose a new molecule based on your knowledge.



Your output should follow the format: {<<<Explaination>>>: $EXPLANATION, <<<Molecule>>>: \box{$Molecule}}. Here are the requirements:

        

1. $EXPLANATION should be your analysis.
2. The $Molecule should be the smiles of your propsosed molecule.
3. The molecule should be valid.
        "
11,8,Cc1cc(Br)ccc1C(=O)Nc1ccc2c(N3CCCC3)ncnc2c1,0.16,0.05158333333333334,0.2,0.01,0.05097378138699236,173,False,,"The first molecule has a higher JNK3 score (0.19) compared to the second (0.02), suggesting that the core structure with the fused bicyclic system containing the pyrazolopyrimidine moiety and the piperidine ring (N3CCCC3) contributes positively to activity. The second molecule has a simpler aniline derivative with halogen substitutions (Br and Cl) but much lower activity. To improve activity, I propose to combine the favorable features: retain the bicyclic pyrazolopyrimidine core and piperidine ring from the first molecule, and introduce a halogen substitution (like Br) on the phenyl ring to potentially enhance binding through halogen bonding or hydrophobic interactions. Additionally, I will keep the amide linkage for stability. This hybrid approach aims to increase the JNK3 score by combining beneficial structural elements from both molecules.","I have two molecules and their JNK3 scores. The JNK3 score measures a molecular's biological activity against JNK3.


[Cc1ccccc1C(=O)Nc1ccc2c(N3CCCC3)ncnc2c1,0.19]
[Cc1cc(NC(=O)Nc2cccc(Cl)c2)ncc1Br,0.02]Please propose a new molecule that has a higher JNK3 score. You can either make crossover and mutations based on the given molecules or just propose a new molecule based on your knowledge.



Your output should follow the format: {<<<Explaination>>>: $EXPLANATION, <<<Molecule>>>: \box{$Molecule}}. Here are the requirements:

        

1. $EXPLANATION should be your analysis.
2. The $Molecule should be the smiles of your propsosed molecule.
3. The molecule should be valid.
        "
11,9,COC1=CC=CC=C1C(=O)NC1=CC=C2C(=C1)N=CN=C2N1[CH]CCC1,0.15,0.05158333333333334,0.2,0.01,0.05097378138699236,173,False,,,
11,10,COC1=CC(F)=CC=C1C(=O)NC1=CC=C2C(=C1)N=CN=C2N1CCCC1,0.14,0.05158333333333334,0.2,0.01,0.05097378138699236,173,False,,,
11,11,COC1=CC(F)=CC=C1C(=O)NC1=CC=C2C(=C1)N=CN=C2N1CCOCC1,0.14,0.05158333333333334,0.2,0.01,0.05097378138699236,173,False,,,
11,12,COc1ccc(C(F)(F)F)cc1C(=O)Nc1ccc2c(N3[CH]CCC3)ncnc2c1,0.14,0.05158333333333334,0.2,0.01,0.05097378138699236,173,False,,"The first molecule has a higher JNK3 score (0.15) compared to the second (0.04), indicating better activity. The first molecule features a methoxyphenyl group linked via an amide to a bicyclic heterocycle containing a nitrogen-rich fused ring system, which likely contributes to its higher activity. The second molecule has a nitro-substituted phenyl ring and a trifluoromethyl group on a lactam ring, but its activity is lower.

To improve activity, I propose combining the favorable features of both molecules: retain the bicyclic heterocycle and amide linkage from the first molecule, but introduce the trifluoromethyl group from the second molecule to enhance binding affinity and metabolic stability. Specifically, I will modify the first molecule by adding a trifluoromethyl group on the phenyl ring (para to the methoxy group) to potentially increase hydrophobic interactions and improve activity.

This hybrid approach leverages the higher activity scaffold of the first molecule and the beneficial trifluoromethyl substitution from the second.","I have two molecules and their JNK3 scores. The JNK3 score measures a molecular's biological activity against JNK3.


[COc1ccccc1C(=O)Nc1ccc2c(N3[CH]CCC3)ncnc2c1,0.15]
[CC(=O)c1ccc(N[C@H]2CC(=O)N(CC(F)(F)F)C2)c([N+](=O)[O-])c1,0.04]Please propose a new molecule that has a higher JNK3 score. You can either make crossover and mutations based on the given molecules or just propose a new molecule based on your knowledge.



Your output should follow the format: {<<<Explaination>>>: $EXPLANATION, <<<Molecule>>>: \box{$Molecule}}. Here are the requirements:

        

1. $EXPLANATION should be your analysis.
2. The $Molecule should be the smiles of your propsosed molecule.
3. The molecule should be valid.
        "
11,13,COc1ccccc1C(=O)Nc1ccc2c(N3CCCN3)ncnc2c1,0.14,0.05158333333333334,0.2,0.01,0.05097378138699236,173,False,,"{<<<Explanation>>>: The first molecule has a JNK3 score of 0.15, which is higher than the second molecule's 0.07. The first molecule features a methoxyphenyl group linked to a bicyclic heterocycle containing a nitrogen bridge, while the second molecule has a more complex structure with nitro groups and a charged amine. Nitro groups and charged groups often reduce cell permeability and can negatively impact activity. To improve the JNK3 score, I propose to combine the favorable features of the first molecule (the methoxyphenyl and bicyclic heterocycle) with a less polar, less charged substituent inspired by the second molecule's amine side chain but without the nitro groups. Specifically, I will replace the nitro-substituted aromatic amine in the second molecule with a simpler, neutral amine side chain attached to the bicyclic core of the first molecule, maintaining the methoxyphenyl group and the amide linkage. This hybrid should improve binding affinity and biological activity by preserving key interactions and reducing polarity and charge that may hinder activity.

<<<Molecule>>>: \box{COc1ccccc1C(=O)Nc1ccc2c(N3CCCN3)ncnc2c1} }","I have two molecules and their JNK3 scores. The JNK3 score measures a molecular's biological activity against JNK3.


[COc1ccccc1C(=O)Nc1ccc2c(N3[CH]CCC3)ncnc2c1,0.15]
[O=C(NCC1CCC[NH+](Cc2cc(O)ccc2[N+](=O)[O-])C1)Nc1ccc(Cn2cc(Cl)c([N+](=O)[O-])n2)cc1,0.07]Please propose a new molecule that has a higher JNK3 score. You can either make crossover and mutations based on the given molecules or just propose a new molecule based on your knowledge.



Your output should follow the format: {<<<Explaination>>>: $EXPLANATION, <<<Molecule>>>: \box{$Molecule}}. Here are the requirements:

        

1. $EXPLANATION should be your analysis.
2. The $Molecule should be the smiles of your propsosed molecule.
3. The molecule should be valid.
        "
11,14,COc1cc(F)ccc1C(=O)Nc1ccc2c(-c3ccncc3N3CCCC3)ncnc2c1,0.14,0.05158333333333334,0.2,0.01,0.05097378138699236,173,False,,"Both given molecules share a core structure involving a methoxyphenyl group linked via an amide bond to a fused bicyclic system containing a pyrimidine ring. The second molecule has a slightly higher JNK3 score (0.18 vs 0.15), possibly due to the presence of a fluorine substituent on the phenyl ring and an additional phenyl ring attached to the fused bicyclic system, which may enhance binding affinity through hydrophobic interactions or electronic effects.

To propose a molecule with a potentially higher JNK3 score, I will combine beneficial features from both molecules and introduce a small mutation to improve binding. Specifically:

- Retain the methoxy group on the phenyl ring for favorable electronic effects.
- Keep the fluorine substituent to maintain or enhance binding.
- Maintain the fused bicyclic pyrimidine core.
- Replace the phenyl ring attached to the bicyclic system with a pyridine ring to introduce a nitrogen atom that can form additional hydrogen bonds or coordinate with the kinase active site.
- Replace the flexible aliphatic ring in the first molecule with a more rigid piperidine ring to improve binding affinity by reducing entropy loss.

This crossover and mutation strategy aims to combine hydrophobic, electronic, and hydrogen bonding interactions to increase the JNK3 score.","I have two molecules and their JNK3 scores. The JNK3 score measures a molecular's biological activity against JNK3.


[COC1=CC=CC=C1C(=O)NC1=CC=C2C(=C1)N=CN=C2N1[CH]CCC1,0.15]
[COC1=CC(F)=CC=C1C(=O)NC1=CC=C2C(=C1)N=CN=C2C1=CC=CC=C1,0.18]Please propose a new molecule that has a higher JNK3 score. You can either make crossover and mutations based on the given molecules or just propose a new molecule based on your knowledge.



Your output should follow the format: {<<<Explaination>>>: $EXPLANATION, <<<Molecule>>>: \box{$Molecule}}. Here are the requirements:

        

1. $EXPLANATION should be your analysis.
2. The $Molecule should be the smiles of your propsosed molecule.
3. The molecule should be valid.
        "
11,15,COc1cc(F)ccc1C(=O)Nc1ccc2c(N3CCCC3)ncnc2c1,0.14,0.05158333333333334,0.2,0.01,0.05097378138699236,173,False,,"{<<<Explanation>>>: The two given molecules have JNK3 scores of 0.18 and 0.2, respectively. Both share a common motif of a benzamide linked to a bicyclic heterocycle containing nitrogen atoms, which likely contributes to JNK3 binding. The second molecule has a slightly higher score, possibly due to the presence of the piperidine ring (N3CCCC3) fused to the bicyclic system, which may enhance binding affinity or improve molecular interactions.

To propose a molecule with a potentially higher JNK3 score, I will combine favorable features from both molecules: the fluorine substitution on the phenyl ring from the first molecule (which can improve binding through electronic effects) and the piperidine-containing bicyclic heterocycle from the second molecule. Additionally, I will add a methoxy group on the phenyl ring to increase polarity and potential hydrogen bonding, which can improve activity.

This new molecule will have a 3-fluoro-4-methoxybenzamide linked to the bicyclic heterocycle with the piperidine ring, aiming to enhance binding affinity and thus increase the JNK3 score.

<<<Molecule>>>: \box{COc1cc(F)ccc1C(=O)Nc1ccc2c(N3CCCC3)ncnc2c1}}","I have two molecules and their JNK3 scores. The JNK3 score measures a molecular's biological activity against JNK3.


[COC1=CC(F)=CC=C1C(=O)NC1=CC=C2C(=C1)N=CN=C2C1=CC=CC=C1,0.18]
[COc1ccccc1C(=O)Nc1ccc2c(N3CCCC3)ncnc2c1,0.2]Please propose a new molecule that has a higher JNK3 score. You can either make crossover and mutations based on the given molecules or just propose a new molecule based on your knowledge.



Your output should follow the format: {<<<Explaination>>>: $EXPLANATION, <<<Molecule>>>: \box{$Molecule}}. Here are the requirements:

        

1. $EXPLANATION should be your analysis.
2. The $Molecule should be the smiles of your propsosed molecule.
3. The molecule should be valid.
        "
11,16,O=C(Nc1ccc2c(N3CNC3)ncnc2c1)c1ccccc1F,0.13,0.05158333333333334,0.2,0.01,0.05097378138699236,173,False,,"The first molecule has a low JNK3 score (0.04) and contains a positively charged amine linked to a fluorophenyl-substituted heterocycle. The second molecule has a higher score (0.18) and features a urea linkage connecting a hydroxyphenyl group and a bicyclic purine-like system with a piperidine ring. To improve the JNK3 score, I propose combining the urea linkage and bicyclic purine scaffold from the second molecule with the fluorophenyl group from the first molecule, as fluorine substitution often enhances binding affinity and metabolic stability. Additionally, replacing the piperidine ring with a smaller azetidine ring may improve binding by reducing steric hindrance and increasing conformational rigidity. This hybrid molecule maintains key pharmacophores from the higher scoring molecule while incorporating beneficial features from the first molecule, potentially increasing JNK3 activity.","I have two molecules and their JNK3 scores. The JNK3 score measures a molecular's biological activity against JNK3.


[CC1=CN=C(C[NH+](C)CCCC2=NNC(C3=CC=C(F)C=C3)=C2)O1,0.04]
[O=C(Nc1ccc2c(N3CCCC3)ncnc2c1)c1ccccc1O,0.18]Please propose a new molecule that has a higher JNK3 score. You can either make crossover and mutations based on the given molecules or just propose a new molecule based on your knowledge.



Your output should follow the format: {<<<Explaination>>>: $EXPLANATION, <<<Molecule>>>: \box{$Molecule}}. Here are the requirements:

        

1. $EXPLANATION should be your analysis.
2. The $Molecule should be the smiles of your propsosed molecule.
3. The molecule should be valid.
        "
11,17,COc1ccc(C(=O)N2CCCC(C(=O)Nc3ccc(-c4ccncc4)cc3)C2)cc1,0.12,0.05158333333333334,0.2,0.01,0.05097378138699236,173,False,,"Both given molecules have relatively low JNK3 scores (0.06 and 0.05), indicating modest activity. The first molecule features a piperidine ring linked to an amide and a substituted phenyl ring with a pyrazole moiety, while the second molecule contains a methoxy-substituted aromatic system with a nitro group and an amide linkage. To potentially increase JNK3 activity, I propose combining the amide-linked aromatic system from the first molecule with the electron-donating methoxy groups from the second molecule to enhance binding affinity and improve interactions with the JNK3 active site. Additionally, replacing the pyrazole ring with a more planar heterocycle like a pyridine could improve stacking interactions. Therefore, I propose a molecule with a piperidine ring linked via an amide to a methoxy-substituted phenyl ring, which is further connected to a pyridine ring. This hybrid design aims to improve binding affinity and thus increase the JNK3 score.","I have two molecules and their JNK3 scores. The JNK3 score measures a molecular's biological activity against JNK3.


[Cc1nonc1CC(=O)N1CCC[C@H](C(=O)Nc2ccc(-c3ccn[nH]3)cc2)C1,0.06]
[COc1ccc(CNC(=O)c2cc(OC)c(OC)cc2[N+](=O)[O-])cn1,0.05]Please propose a new molecule that has a higher JNK3 score. You can either make crossover and mutations based on the given molecules or just propose a new molecule based on your knowledge.



Your output should follow the format: {<<<Explaination>>>: $EXPLANATION, <<<Molecule>>>: \box{$Molecule}}. Here are the requirements:

        

1. $EXPLANATION should be your analysis.
2. The $Molecule should be the smiles of your propsosed molecule.
3. The molecule should be valid.
        "
11,18,Cc1cc(F)ccc1C(=O)Nc1ccc2c(N3CCOCC3)ncnc2c1,0.12,0.05158333333333334,0.2,0.01,0.05097378138699236,173,False,,"The first molecule has a higher JNK3 score (0.19) compared to the second (0.07), indicating that the amide-linked aromatic system with a fused bicyclic heterocycle (a purine-like structure with a piperidine substituent) is more favorable for activity. The second molecule has a rigid bicyclic scaffold with a nitro-substituted phenyl ring, which might contribute less to activity. To improve the score, I propose combining the amide linkage and aromatic system from the first molecule with a modification to increase binding affinity: replacing the piperidine ring with a morpholine ring (which can improve solubility and hydrogen bonding) and adding a small electron-withdrawing group (like fluorine) on the phenyl ring to enhance interactions. This hybrid approach aims to retain the favorable scaffold of the first molecule while introducing beneficial mutations to improve activity against JNK3.","I have two molecules and their JNK3 scores. The JNK3 score measures a molecular's biological activity against JNK3.


[Cc1ccccc1C(=O)Nc1ccc2c(N3CCCC3)ncnc2c1,0.19]
[O=C(N1CCOCC1)C12C[C@H]3C[C@@H](C1)CC(c1ccc([N+](=O)[O-])cc1)(C3)C2,0.07]Please propose a new molecule that has a higher JNK3 score. You can either make crossover and mutations based on the given molecules or just propose a new molecule based on your knowledge.



Your output should follow the format: {<<<Explaination>>>: $EXPLANATION, <<<Molecule>>>: \box{$Molecule}}. Here are the requirements:

        

1. $EXPLANATION should be your analysis.
2. The $Molecule should be the smiles of your propsosed molecule.
3. The molecule should be valid.
        "
11,19,COc1ccc(CN2CCC(CNC(=O)c3c[nH]nc3-c3ccc(Cl)c([N+](=O)[O-])c3)CC2)cc1,0.11,0.05158333333333334,0.2,0.01,0.05097378138699236,173,False,,"{<<<Explanation>>>: Both given molecules have a JNK3 score of 0.05, indicating relatively low activity. They share some common features: an amide linkage connected to heterocyclic systems and aromatic rings with electron-withdrawing groups (Cl, NO2). To potentially increase JNK3 activity, I propose combining favorable features from both molecules: the pyrazole-based heterocycle from the first molecule and the nitro-substituted chlorinated aromatic ring from the second molecule. Additionally, introducing a methoxy group on the aromatic ring (as in the first molecule) may enhance binding through electronic effects. I also suggest replacing the piperidinium ring (positively charged nitrogen in the first molecule) with a neutral piperidine to reduce potential off-target interactions and improve membrane permeability. This crossover and mutation aim to improve binding affinity and biological activity against JNK3. 

<<<Molecule>>>: \box{COc1ccc(CN2CCC(CNC(=O)c3c[nH]nc3-c3ccc(Cl)c([N+](=O)[O-])c3)CC2)cc1}}}","I have two molecules and their JNK3 scores. The JNK3 score measures a molecular's biological activity against JNK3.


[COc1ccc(C[NH+]2CCC(CNC(=O)c3c[nH]nc3-c3ccc(Cl)cc3)CC2)cc1,0.05]
[Cc1nn(C)cc1CNC(=O)c1ccc(Cn2cc(Cl)c([N+](=O)[O-])n2)cc1,0.05]Please propose a new molecule that has a higher JNK3 score. You can either make crossover and mutations based on the given molecules or just propose a new molecule based on your knowledge.



Your output should follow the format: {<<<Explaination>>>: $EXPLANATION, <<<Molecule>>>: \box{$Molecule}}. Here are the requirements:

        

1. $EXPLANATION should be your analysis.
2. The $Molecule should be the smiles of your propsosed molecule.
3. The molecule should be valid.
        "
11,20,CC(=O)Nc1ccc(NCc2csc(-c3cccc(Cl)c3)n2)c(C(F)(F)F)c1,0.11,0.05158333333333334,0.2,0.01,0.05097378138699236,173,False,,"{<<<Explanation>>>: The first molecule has a JNK3 score of 0.06 and contains a complex bicyclic system with a chlorophenyl-thiazole moiety and fluorinated aromatic rings, suggesting that halogenation and heterocyclic structures contribute to activity. The second molecule has a slightly higher score of 0.08 and features an acetamide linked to a trifluoromethyl-substituted aromatic ring and a fluorobenzyl amine, indicating that electron-withdrawing groups like CF3 and fluorine on aromatic rings may enhance activity. To propose a molecule with a potentially higher JNK3 score, I will combine features from both molecules: retain the acetamide and trifluoromethyl-substituted aromatic ring from the second molecule for potency, and introduce a heterocyclic thiazole ring with a chlorophenyl substituent from the first molecule to enhance binding affinity. Additionally, I will keep fluorine substituents to maintain electron-withdrawing effects. This hybrid molecule is expected to have improved interactions with JNK3, potentially increasing the score beyond 0.08. 

<<<Molecule>>>: \box{CC(=O)Nc1ccc(NCc2csc(n2)C3=CC=CC(Cl)=C3)c(C(F)(F)F)c1}}","I have two molecules and their JNK3 scores. The JNK3 score measures a molecular's biological activity against JNK3.


[COC1=CC(F)=C(NC(=O)C=C2CN(C(=O)NC3=NC=C(CC4=CC=CC(Cl)=C4)S3)C2)C=C1F,0.06]
[CC(=O)Nc1ccc(NCc2ccccc2F)c(C(F)(F)F)c1,0.08]Please propose a new molecule that has a higher JNK3 score. You can either make crossover and mutations based on the given molecules or just propose a new molecule based on your knowledge.



Your output should follow the format: {<<<Explaination>>>: $EXPLANATION, <<<Molecule>>>: \box{$Molecule}}. Here are the requirements:

        

1. $EXPLANATION should be your analysis.
2. The $Molecule should be the smiles of your propsosed molecule.
3. The molecule should be valid.
        "
11,21,COc1ccccc1C(=O)N1CCCC(C(=O)Nc2ccc(-c3ccncc3)cc2)C1,0.1,0.05158333333333334,0.2,0.01,0.05097378138699236,173,False,,"{<<<Explanation>>>: The first molecule has a JNK3 score of 0.12 and features a piperidine ring linked to an amide and a methoxyphenyl group, with an additional amide connected to a biphenyl-pyridine moiety. The second molecule has a higher score of 0.2 and contains a methoxyphenyl group connected via an amide to a fused bicyclic system with a piperidine ring incorporated in the structure. The second molecule’s fused bicyclic system with a nitrogen heterocycle likely contributes to better binding affinity.

To propose a molecule with a potentially higher JNK3 score, I will combine the favorable features of both molecules: the methoxyphenyl amide from the second molecule and the biphenyl-pyridine moiety from the first molecule, while maintaining the piperidine ring that may enhance binding. Specifically, I will design a molecule where the methoxyphenyl amide is connected to a piperidine ring, which is further connected via an amide to the biphenyl-pyridine fragment. This hybrid should retain key pharmacophores and possibly improve activity.

<<<Molecule>>>: \box{COc1ccccc1C(=O)N2CCCC(C(=O)Nc3ccc(-c4ccncc4)cc3)C2}}}","I have two molecules and their JNK3 scores. The JNK3 score measures a molecular's biological activity against JNK3.


[COc1ccc(C(=O)N2CCCC(C(=O)Nc3ccc(-c4ccncc4)cc3)C2)cc1,0.12]
[COc1ccccc1C(=O)Nc1ccc2c(N3CCCC3)ncnc2c1,0.2]Please propose a new molecule that has a higher JNK3 score. You can either make crossover and mutations based on the given molecules or just propose a new molecule based on your knowledge.



Your output should follow the format: {<<<Explaination>>>: $EXPLANATION, <<<Molecule>>>: \box{$Molecule}}. Here are the requirements:

        

1. $EXPLANATION should be your analysis.
2. The $Molecule should be the smiles of your propsosed molecule.
3. The molecule should be valid.
        "
11,22,CCSCC(C)N(C)C(=O)NCc1ccc(Nc2ccccc2OC)cc1N(C)C,0.09,0.05158333333333334,0.2,0.01,0.05097378138699236,173,False,,"Both given molecules have very low JNK3 scores (0.02 and 0.01), indicating weak activity. The first molecule features a peptide-like backbone with an amide linkage and aromatic substitution, while the second has a bicyclic system with a positively charged amine and a bulky tert-butyl ether group. To improve JNK3 activity, it is often beneficial to combine features that enhance binding affinity, such as maintaining the amide linkage for hydrogen bonding and incorporating aromatic or heteroaromatic rings for π-π stacking interactions. Additionally, reducing steric hindrance and optimizing the basic amine groups can improve binding. I propose a molecule that merges the amide backbone and aromatic substitution from the first molecule with a less bulky, more planar bicyclic aromatic system inspired by the second molecule, replacing the bulky tert-butyl group with a simpler methoxy group to reduce steric hindrance and maintain polarity. This hybrid molecule should have improved binding potential and thus a higher JNK3 score.","I have two molecules and their JNK3 scores. The JNK3 score measures a molecular's biological activity against JNK3.


[CCSC[C@@H](C)N(C)C(=O)NCc1ccc(C)cc1N(C)C,0.02]
[CC(C)C[C@H]1C[NH2+]CC[C@@H]1c1cccc2c1OC(C)(C)C2,0.01]Please propose a new molecule that has a higher JNK3 score. You can either make crossover and mutations based on the given molecules or just propose a new molecule based on your knowledge.



Your output should follow the format: {<<<Explaination>>>: $EXPLANATION, <<<Molecule>>>: \box{$Molecule}}. Here are the requirements:

        

1. $EXPLANATION should be your analysis.
2. The $Molecule should be the smiles of your propsosed molecule.
3. The molecule should be valid.
        "
11,23,CC1=CC=C(Cl)C(O[C@H](C)C(=O)NC2=NC(C3=CC=C([C@@H](C)CC4=CC(O)=CC=C4[N+](=O)[O-])C=C3)=CS2)=C1,0.09,0.05158333333333334,0.2,0.01,0.05097378138699236,173,False,,Fallback to genetic operations due to LLM error: ,"Fallback genetic operation for parents: ['CC(=O)N[C@H](C)C1=CC=C(C2=CSC(NC(=O)[C@@H](C)OC3=CC(C)=CC=C3Cl)=N2)C=C1', 'O=C(NC[C@H]1CCC[NH+](CC2=CC(O)=CC=C2[N+](=O)[O-])C1)C1=CC=CC=C1']"
11,24,Cc1ccc(Cl)c(OC(C)C(=O)Nc2cccs2)c1-c1ccc(C(C)Cc2cc(O)ccc2[N+](=O)[O-])cc1,0.09,0.05158333333333334,0.2,0.01,0.05097378138699236,173,False,,"The first molecule has a higher JNK3 score (0.09) compared to the second (0.02), indicating that its structural features contribute more effectively to JNK3 activity. Key features in the first molecule include a chlorophenyl group, a chiral center with an amide linkage to a thiazole ring, and a nitrophenol moiety, which may contribute to binding affinity through hydrogen bonding and electronic effects. The second molecule has a methoxy-thiophene core with a bulky tert-butyl group and a chiral alcohol, but lower activity.

To design a molecule with potentially higher JNK3 activity, I propose combining the chlorophenyl and nitrophenol features from the first molecule with the thiophene core from the second molecule, which may enhance binding through aromatic and heterocyclic interactions. Additionally, I will retain the amide linkage and chiral center to preserve key interactions. I will replace the bulky tert-butyl group with a smaller isopropyl group to reduce steric hindrance and potentially improve fit in the binding site.

This hybrid molecule aims to integrate favorable features from both molecules to increase JNK3 activity.","I have two molecules and their JNK3 scores. The JNK3 score measures a molecular's biological activity against JNK3.


[CC1=CC=C(Cl)C(O[C@H](C)C(=O)NC2=NC(C3=CC=C([C@@H](C)CC4=CC(O)=CC=C4[N+](=O)[O-])C=C3)=CS2)=C1,0.09]
[COc1cc(-c2ccccc2)sc1C(=O)NC[C@@H](O)C(C)(C)C,0.02]Please propose a new molecule that has a higher JNK3 score. You can either make crossover and mutations based on the given molecules or just propose a new molecule based on your knowledge.



Your output should follow the format: {<<<Explaination>>>: $EXPLANATION, <<<Molecule>>>: \box{$Molecule}}. Here are the requirements:

        

1. $EXPLANATION should be your analysis.
2. The $Molecule should be the smiles of your propsosed molecule.
3. The molecule should be valid.
        "
11,25,Cc1ccccc1C(=O)NNc1ccc2c(N3CCCO3)ncnc2c1,0.09,0.05158333333333334,0.2,0.01,0.05097378138699236,173,False,,"{<<<Explanation>>>: The first molecule has a higher JNK3 score (0.19) compared to the second (0.03), indicating that the core structure of the first molecule is more favorable for JNK3 activity. The first molecule features a benzamide linked to a fused bicyclic system containing a nitrogen heterocycle and a piperidine ring, which likely contributes to binding affinity. The second molecule has a morpholine ring and a hydrazide group, which may not be as effective.

To propose a molecule with potentially higher JNK3 activity, I will combine the favorable benzamide and bicyclic heterocycle core from the first molecule with a modification inspired by the second molecule's morpholine ring, replacing the piperidine ring in the first molecule with a morpholine ring to improve solubility and possibly binding interactions. Additionally, I will replace the amide NH with a hydrazide (C(=O)NN) group from the second molecule, which might enhance hydrogen bonding and activity.

This hybrid molecule keeps the key bicyclic heterocycle and benzamide core from the first molecule but introduces the hydrazide and morpholine features from the second molecule, potentially increasing JNK3 activity beyond 0.19.

<<<Molecule>>>: \box{Cc1ccccc1C(=O)NNc1ccc2c(n3OCCC3)ncnc2c1}}","I have two molecules and their JNK3 scores. The JNK3 score measures a molecular's biological activity against JNK3.


[Cc1ccccc1C(=O)Nc1ccc2c(N3CCCC3)ncnc2c1,0.19]
[C[C@@H]1COCCN1Cc1ccc(C(=O)NN)cn1,0.03]Please propose a new molecule that has a higher JNK3 score. You can either make crossover and mutations based on the given molecules or just propose a new molecule based on your knowledge.



Your output should follow the format: {<<<Explaination>>>: $EXPLANATION, <<<Molecule>>>: \box{$Molecule}}. Here are the requirements:

        

1. $EXPLANATION should be your analysis.
2. The $Molecule should be the smiles of your propsosed molecule.
3. The molecule should be valid.
        "
11,26,CS[C@@H](C)C1=CC=C2C(=C1)N=CN=C2N1CCCC1,0.09,0.05158333333333334,0.2,0.01,0.05097378138699236,173,False,,Fallback to genetic operations due to LLM error: ,"Fallback genetic operation for parents: ['CS[C@@H](C)C1=CC(NC(=O)C2=CN(C)N=C2NC(=O)NCC2=CC=CC3=CC=CN=C32)=CC=C1', 'CC1=CC=C(O)C=C1C(=O)NC1=CC=C2C(=C1)N=CN=C2N1CCCC1']"
11,27,CC(=O)Nc1ccc(NCc2ccccc2F)c(C(F)(F)F)c1,0.08,0.05158333333333334,0.2,0.01,0.05097378138699236,173,False,,,
11,28,CC(=O)Nc1ccc(NCC2COC(N)C2C)c(C(F)(F)F)c1,0.08,0.05158333333333334,0.2,0.01,0.05097378138699236,173,False,,"{<<<Explanation>>>: The first molecule has a higher JNK3 score (0.11) compared to the second (0.01), indicating that the acetamide-substituted aromatic ring with a trifluoromethyl group and a thiazole linked to a chlorophenyl group contributes positively to activity. The second molecule, a chiral tetrahydrofuran with a methoxy-fluoro-substituted phenyl, shows low activity. To improve activity, I propose combining the acetamide and trifluoromethyl-substituted aromatic system from the first molecule with the tetrahydrofuran ring from the second molecule, replacing the thiazole-chlorophenyl moiety with the tetrahydrofuran ring to potentially enhance binding and solubility. This hybrid molecule maintains key pharmacophores from the first molecule while introducing the tetrahydrofuran ring to improve interactions and possibly increase the JNK3 score. 

<<<Molecule>>>: \box{CC(=O)Nc1ccc(NCC2CO[C@@H]([C@@H]2C)N)c(C(F)(F)F)c1}}","I have two molecules and their JNK3 scores. The JNK3 score measures a molecular's biological activity against JNK3.


[CC(=O)Nc1ccc(NCc2csc(-c3cccc(Cl)c3)n2)c(C(F)(F)F)c1,0.11]
[CCC[C@@H]1C[C@@H](Nc2cc(OC)ccc2F)CCO1,0.01]Please propose a new molecule that has a higher JNK3 score. You can either make crossover and mutations based on the given molecules or just propose a new molecule based on your knowledge.



Your output should follow the format: {<<<Explaination>>>: $EXPLANATION, <<<Molecule>>>: \box{$Molecule}}. Here are the requirements:

        

1. $EXPLANATION should be your analysis.
2. The $Molecule should be the smiles of your propsosed molecule.
3. The molecule should be valid.
        "
11,29,O=C(N1CCOCC1)C12C[C@H]3C[C@@H](C1)CC(c1ccc([N+](=O)[O-])cc1)(C3)C2,0.07,0.05158333333333334,0.2,0.01,0.05097378138699236,173,False,,,
11,30,O=C(NCC1CCC[NH+](Cc2cc(O)ccc2[N+](=O)[O-])C1)Nc1ccc(Cn2cc(Cl)c([N+](=O)[O-])n2)cc1,0.07,0.05158333333333334,0.2,0.01,0.05097378138699236,173,False,,"{<<<Explanation>>>: Both given molecules have low JNK3 scores (0.05), indicating weak activity. To improve activity, we can combine favorable features from both molecules. The first molecule has a chiral piperidine ring linked to a phenol substituted with a nitro group, while the second molecule contains a pyrazole ring with a nitro and chloro substitution and an amide linkage to a methylated pyrazole. Nitro groups and halogens often enhance binding affinity through electronic effects and interactions with the kinase active site. To propose a molecule with potentially higher JNK3 activity, I suggest a hybrid structure that retains the piperidine ring from the first molecule (important for conformational rigidity and binding) and incorporates the pyrazole ring with chloro and nitro substituents from the second molecule, connected via an amide linker to a phenyl ring. This design aims to combine the key pharmacophores and improve binding interactions with JNK3. The proposed molecule is: O=C(NC[C@H]1CCC[NH+](Cc2cc(O)ccc2[N+](=O)[O-])C1)Nc3ccc(Cn4cc(Cl)c([N+](=O)[O-])n4)cc3. This molecule is valid and merges the structural motifs that may enhance JNK3 inhibition. , <<<Molecule>>>: \box{O=C(NC[C@H]1CCC[NH+](Cc2cc(O)ccc2[N+](=O)[O-])C1)Nc3ccc(Cn4cc(Cl)c([N+](=O)[O-])n4)cc3}}","I have two molecules and their JNK3 scores. The JNK3 score measures a molecular's biological activity against JNK3.


[O=C(NC[C@H]1CCC[NH+](Cc2cc(O)ccc2[N+](=O)[O-])C1)c1ccccc1,0.05]
[Cc1nn(C)cc1CNC(=O)c1ccc(Cn2cc(Cl)c([N+](=O)[O-])n2)cc1,0.05]Please propose a new molecule that has a higher JNK3 score. You can either make crossover and mutations based on the given molecules or just propose a new molecule based on your knowledge.



Your output should follow the format: {<<<Explaination>>>: $EXPLANATION, <<<Molecule>>>: \box{$Molecule}}. Here are the requirements:

        

1. $EXPLANATION should be your analysis.
2. The $Molecule should be the smiles of your propsosed molecule.
3. The molecule should be valid.
        "
11,31,Cc1nonc1CC(=O)N1CCC[C@H](C(=O)Nc2ccc(-c3ccn[nH]3)cc2)C1,0.06,0.05158333333333334,0.2,0.01,0.05097378138699236,173,False,,,
11,32,Fc1ccc2oc(C[NH2+]C[C@@H]3CN4CCCC[C@@H]4CO3)cc2c1,0.06,0.05158333333333334,0.2,0.01,0.05097378138699236,173,False,,,
11,33,Cc1ccc([C@H](C)NC(=O)N[C@H]2CC(=O)N(C3CC3)C2)cc1[N+](=O)[O-],0.06,0.05158333333333334,0.2,0.01,0.05097378138699236,173,False,,,
11,34,COc1nc(N[C@@H]2C[NH+]3CCC2CC3)ccc1N,0.06,0.05158333333333334,0.2,0.01,0.05097378138699236,173,False,,,
11,35,COC1=CC(F)=C(NC(=O)C=C2CN(C(=O)NC3=NC=C(CC4=CC=CC(Cl)=C4)S3)C2)C=C1F,0.06,0.05158333333333334,0.2,0.01,0.05097378138699236,173,False,,Fallback to genetic operations due to LLM error: ,"Fallback genetic operation for parents: ['COC1=CC(F)=C(NC(=O)C=C2CN(C(=O)NC3=NC=NC4=C3CCC4)C2)C=C1F', 'C[NH+]1CCC(NC(=O)NC2=NC=C(CC3=CC=CC(Cl)=C3)S2)CC1']"
11,36,COc1ccc(CNC(=O)c2cc(OC)c(OC)cc2[N+](=O)[O-])cn1,0.05,0.05158333333333334,0.2,0.01,0.05097378138699236,173,False,,,
11,37,CS[C@@H](C)C1=CC=CC(NC(=O)C2=CN(C)N=C2C2=CC=CC=C2)=C1,0.05,0.05158333333333334,0.2,0.01,0.05097378138699236,173,False,,,
11,38,CC1=NN(C)C=C1CNC(=O)C1=CC=C(CN2C=C(Cl)C([N+](=O)[O-])=N2)C=C1,0.05,0.05158333333333334,0.2,0.01,0.05097378138699236,173,False,,,
11,39,COc1ccc(C[NH+]2CCC(CNC(=O)c3c[nH]nc3-c3ccc(Cl)cc3)CC2)cc1,0.05,0.05158333333333334,0.2,0.01,0.05097378138699236,173,False,,,
11,40,O=C(NC[C@H]1CCC[NH+](CC2=CC(O)=CC=C2[N+](=O)[O-])C1)C1=CC=CC=C1,0.05,0.05158333333333334,0.2,0.01,0.05097378138699236,173,False,,,
11,41,Cc1ccccc1C(=O)Nc1ccc2c(N3CCCC3)ncnc2c1-c1cc(Cl)cc(Cl)c1,0.05,0.05158333333333334,0.2,0.01,0.05097378138699236,173,False,,"The first molecule has a very low JNK3 score (0.02), while the second molecule has a higher score (0.19). The second molecule contains a fused bicyclic system with a purine-like scaffold and a piperidine ring, which might contribute to better binding affinity. The first molecule has a different scaffold with a bicyclic lactam and dichlorophenyl group but lower activity. To design a molecule with potentially higher JNK3 activity, I propose combining the purine-like bicyclic core and the piperidine ring from the second molecule with the dichlorophenyl substituent from the first molecule, as halogenated aromatic rings often enhance binding through hydrophobic and halogen bonding interactions. Additionally, I will keep the amide linkage to maintain hydrogen bonding potential. This hybrid molecule might improve binding affinity and thus increase the JNK3 score.","I have two molecules and their JNK3 scores. The JNK3 score measures a molecular's biological activity against JNK3.


[C=C(C)CN(C)C(=O)CN1CC2=C(C1=O)[C@@H](c1ccc(Cl)cc1Cl)NC(=O)N2CC,0.02]
[Cc1ccccc1C(=O)Nc1ccc2c(N3CCCC3)ncnc2c1,0.19]Please propose a new molecule that has a higher JNK3 score. You can either make crossover and mutations based on the given molecules or just propose a new molecule based on your knowledge.



Your output should follow the format: {<<<Explaination>>>: $EXPLANATION, <<<Molecule>>>: \box{$Molecule}}. Here are the requirements:

        

1. $EXPLANATION should be your analysis.
2. The $Molecule should be the smiles of your propsosed molecule.
3. The molecule should be valid.
        "
11,42,CSC(C)c1ccc(NC(=O)c2cn(C)nc2-c2ccccc2)cc1F,0.05,0.05158333333333334,0.2,0.01,0.05097378138699236,173,False,,"{<<<Explanation>>>: The first molecule has a higher JNK3 score (0.05) compared to the second (0.01), indicating that the scaffold with the substituted aniline linked to a methylated purine-like heterocycle is more active. The second molecule contains a thiosemicarbazide moiety attached to a hydroxy-biphenyl system with a fluorophenyl amide, which shows lower activity. To improve activity, I propose combining the key features of the first molecule (the aniline-purine amide scaffold) with a fluorine substituent on the phenyl ring to potentially enhance binding affinity and metabolic stability. Introducing a fluorine on the phenyl ring of the first molecule may increase lipophilicity and binding interactions, potentially increasing the JNK3 score. This is a mutation of the first molecule by adding a fluorine substituent on the phenyl ring para to the amide linkage.

<<<Molecule>>>: \box{CS[C@@H](C)C1=CC=C(C=C1F)NC(=O)C2=CN(C)N=C2C3=CC=CC=C3}}","I have two molecules and their JNK3 scores. The JNK3 score measures a molecular's biological activity against JNK3.


[CS[C@@H](C)C1=CC=CC(NC(=O)C2=CN(C)N=C2C2=CC=CC=C2)=C1,0.05]
[O=C(NC(=S)Nc1c(O)ccc2ccccc12)c1cccc(F)c1,0.01]Please propose a new molecule that has a higher JNK3 score. You can either make crossover and mutations based on the given molecules or just propose a new molecule based on your knowledge.



Your output should follow the format: {<<<Explaination>>>: $EXPLANATION, <<<Molecule>>>: \box{$Molecule}}. Here are the requirements:

        

1. $EXPLANATION should be your analysis.
2. The $Molecule should be the smiles of your propsosed molecule.
3. The molecule should be valid.
        "
11,43,COc1ccccc1C(=O)Nc1ccc2c(N3CCCN3)ncnc2c1C(=O)NC1=NC=C(Cc2cccc(Cl)c2)[SH]1F,0.05,0.05158333333333334,0.2,0.01,0.05097378138699236,173,False,,"The first molecule has a JNK3 score of 0.06 and features a fluorinated aromatic ring with an amide-linked heterocyclic system containing a thiazole ring and a chlorophenyl substituent. The second molecule has a higher score of 0.15 and contains a methoxyphenyl group linked via an amide to a fused bicyclic purine-like system with a piperidine ring. To design a molecule with a potentially higher JNK3 score, I propose combining the favorable features of both molecules: the methoxyphenyl amide moiety from the second molecule, which may enhance binding affinity, and the heterocyclic system from the first molecule that includes the thiazole and chlorophenyl substituent, which might contribute to specificity and potency. Additionally, I will introduce a fluorine atom on the phenyl ring to potentially improve metabolic stability and binding interactions. This hybrid molecule aims to leverage the higher activity scaffold of the second molecule while incorporating the heterocyclic complexity and halogenation of the first, potentially resulting in improved JNK3 inhibition.","I have two molecules and their JNK3 scores. The JNK3 score measures a molecular's biological activity against JNK3.


[COC1=CC(F)=C(NC(=O)C=C2CN(C(=O)NC3=NC=C(CC4=CC=CC(Cl)=C4)S3)C2)C=C1F,0.06]
[COc1ccccc1C(=O)Nc1ccc2c(N3[CH]CCC3)ncnc2c1,0.15]Please propose a new molecule that has a higher JNK3 score. You can either make crossover and mutations based on the given molecules or just propose a new molecule based on your knowledge.



Your output should follow the format: {<<<Explaination>>>: $EXPLANATION, <<<Molecule>>>: \box{$Molecule}}. Here are the requirements:

        

1. $EXPLANATION should be your analysis.
2. The $Molecule should be the smiles of your propsosed molecule.
3. The molecule should be valid.
        "
11,44,CC1=CC=C(NC(=O)CN2C(=O)S/C(=C/C3=C(F)C=CC=C3Cl)C2=O)C=C1,0.04,0.05158333333333334,0.2,0.01,0.05097378138699236,173,False,,,
11,45,C[C@H](NC(=O)NCC1=CC=CC2=CC=CN=C21)C1=CN(C)N=C1,0.04,0.05158333333333334,0.2,0.01,0.05097378138699236,173,False,,,
11,46,CC(=O)c1ccc(N[C@H]2CC(=O)N(CC(F)(F)F)C2)c([N+](=O)[O-])c1,0.04,0.05158333333333334,0.2,0.01,0.05097378138699236,173,False,,,
11,47,CC1=CN=C(C[NH+](C)CCCC2=NNC(C3=CC=C(F)C=C3)=C2)O1,0.04,0.05158333333333334,0.2,0.01,0.05097378138699236,173,False,,,
11,48,CC(=O)N[C@H](C)C1=CC=C(C2=CSC(NC(=O)[C@@H](C)OC3=CC(C)=CC=C3Cl)=N2)C=C1,0.04,0.05158333333333334,0.2,0.01,0.05097378138699236,173,False,,,
11,49,CC(C)N1C=CC(CCNCC2=CN=C(C3=CSC=C3)S2)=N1,0.04,0.05158333333333334,0.2,0.01,0.05097378138699236,173,False,,,
11,50,CS[C@@H](C)C1=CC(NC(=O)C2=CN(C)N=C2NC(=O)NCC2=CC=CC3=CC=CN=C32)=CC=C1,0.04,0.05158333333333334,0.2,0.01,0.05097378138699236,173,False,,Fallback to genetic operations due to LLM error: ,"Fallback genetic operation for parents: ['CS[C@@H](C)C1=CC=CC(NC(=O)C2=CN(C)N=C2C2=CC=CC=C2)=C1', 'C[C@H](NC(=O)NCC1=CC=CC2=CC=CN=C21)C1=CN(C)N=C1']"
11,51,Cc1ccc(C(C)NC(=O)N2[CH]OCC2)c([N+](=O)[O-])c1,0.04,0.05158333333333334,0.2,0.01,0.05097378138699236,173,False,,"Both given molecules have relatively low JNK3 scores (0.06 and 0.02), indicating modest activity. The first molecule features a nitro-substituted phenyl ring linked to a chiral amide-containing bicyclic lactam, while the second has a methoxy-substituted bicyclic ether with an amide linked to a substituted phenyl ring. To potentially increase JNK3 activity, I propose combining favorable features: the nitro group from the first molecule (which can enhance binding through electronic effects) and the bicyclic ether scaffold from the second molecule (which may provide conformational rigidity and better fit in the binding site). Additionally, replacing the acetyl group on the phenyl ring with a less electron-withdrawing methyl group might improve binding affinity by modulating electronic properties. This hybrid molecule maintains key hydrogen bonding capabilities and introduces structural elements that could enhance interaction with JNK3, potentially leading to a higher score.","I have two molecules and their JNK3 scores. The JNK3 score measures a molecular's biological activity against JNK3.


[Cc1ccc([C@H](C)NC(=O)N[C@H]2CC(=O)N(C3CC3)C2)cc1[N+](=O)[O-],0.06]
[COc1ccc2c(c1)C[C@@H](C(=O)Nc1ccc(C(C)=O)c(C)c1)CO2,0.02]Please propose a new molecule that has a higher JNK3 score. You can either make crossover and mutations based on the given molecules or just propose a new molecule based on your knowledge.



Your output should follow the format: {<<<Explaination>>>: $EXPLANATION, <<<Molecule>>>: \box{$Molecule}}. Here are the requirements:

        

1. $EXPLANATION should be your analysis.
2. The $Molecule should be the smiles of your propsosed molecule.
3. The molecule should be valid.
        "
11,52,[NH3+]C[C@H](CO)CC1=CC(Br)=CC(NC(=O)CS[C@H]2CCCC3=C2C=CC=C3)=C1,0.04,0.05158333333333334,0.2,0.01,0.05097378138699236,173,False,,Fallback to genetic operations due to LLM error: ,"Fallback genetic operation for parents: ['CC1=NN(C)C(C)=C1NC(=O)CS[C@H]1CCCC2=CC=CC=C21', '[NH3+]C[C@H](CO)CC1=CC(F)=CC(Br)=C1']"
11,53,CC(=O)NC1=CC=C(Cl)C1C1=CC=NC=C1,0.04,0.05158333333333334,0.2,0.01,0.05097378138699236,173,False,,Fallback to genetic operations due to LLM error: ,"Fallback genetic operation for parents: ['CC(=O)NC1=CC=C(NC(=O)C2=NC(Cl)=CC=C2Cl)C=C1C1=CC=NC=C1', 'C=C(C)CN(C)C(=O)CN1CC2=C(C1=O)[C@@H](C1=CC=C(Cl)C=C1Cl)NC(=O)N2CC']"
11,54,Cc1cc(F)ccc1C(=O)N1CCOCC1CNC(=O)c1c[nH]nc1-c1ccc(Cl)cc1,0.04,0.05158333333333334,0.2,0.01,0.05097378138699236,173,False,,"The first molecule has a JNK3 score of 0.05 and contains a methoxyphenyl group linked to a piperidinium ring with a substituted pyrazole and chlorophenyl moiety. The second molecule has a higher score of 0.12 and features a fluoromethylphenyl amide linked to a fused bicyclic system with a morpholine substituent. To design a molecule with a potentially higher JNK3 score, I propose combining favorable features from both molecules: the fluoromethylphenyl amide group from the second molecule (which may enhance binding through hydrogen bonding and hydrophobic interactions) and the pyrazole-chlorophenyl moiety from the first molecule (which may contribute to specificity and potency). Additionally, replacing the piperidinium ring with a morpholine ring (as in the second molecule) could improve solubility and binding. Thus, the proposed molecule is a fluoromethylphenyl amide linked to a morpholine ring, which is further connected via an amide bond to a pyrazole ring substituted with a chlorophenyl group. This hybrid design aims to combine the beneficial structural motifs to increase biological activity against JNK3.","I have two molecules and their JNK3 scores. The JNK3 score measures a molecular's biological activity against JNK3.


[COc1ccc(C[NH+]2CCC(CNC(=O)c3c[nH]nc3-c3ccc(Cl)cc3)CC2)cc1,0.05]
[Cc1cc(F)ccc1C(=O)Nc1ccc2c(N3CCOCC3)ncnc2c1,0.12]Please propose a new molecule that has a higher JNK3 score. You can either make crossover and mutations based on the given molecules or just propose a new molecule based on your knowledge.



Your output should follow the format: {<<<Explaination>>>: $EXPLANATION, <<<Molecule>>>: \box{$Molecule}}. Here are the requirements:

        

1. $EXPLANATION should be your analysis.
2. The $Molecule should be the smiles of your propsosed molecule.
3. The molecule should be valid.
        "
11,55,CSC(C)c1cccc(NC(=O)c2ncnc3c2ncn3S(=O)(=O)c2ccccc2)c1,0.04,0.05158333333333334,0.2,0.01,0.05097378138699236,173,False,,"{<<<Explanation>>>: The first molecule is a sulfonyl-containing aromatic compound with a low JNK3 score of 0.01, and the second molecule is a chiral thioether linked to a substituted aniline and a heterocyclic amide with a slightly higher score of 0.05. To improve the JNK3 activity, I propose combining features from both molecules: retaining the thioether and chiral center from the second molecule, which may contribute to binding specificity, and introducing a sulfonyl group similar to the first molecule to enhance interactions with the kinase active site. Additionally, I will replace the chlorinated phenyl ester in the first molecule with a heteroaromatic ring to improve binding affinity and solubility. The proposed molecule includes a chiral thioether linked to a phenyl ring bearing a sulfonyl group and an amide linked to a purine-like heterocycle, which is known to interact well with kinases. This hybrid design aims to increase the JNK3 score beyond 0.05. <<<Molecule>>>: \box{CS[C@@H](C)C1=CC=CC(NC(=O)C2=NC=NC3=C2N=CN3S(=O)(=O)C4=CC=CC=C4)=C1}}","I have two molecules and their JNK3 scores. The JNK3 score measures a molecular's biological activity against JNK3.


[Cc1ccc(S(=O)(=O)CCC(=O)Oc2ccc(Cl)cc2Cl)cc1,0.01]
[CS[C@@H](C)C1=CC=CC(NC(=O)C2=CN(C)N=C2C2=CC=CC=C2)=C1,0.05]Please propose a new molecule that has a higher JNK3 score. You can either make crossover and mutations based on the given molecules or just propose a new molecule based on your knowledge.



Your output should follow the format: {<<<Explaination>>>: $EXPLANATION, <<<Molecule>>>: \box{$Molecule}}. Here are the requirements:

        

1. $EXPLANATION should be your analysis.
2. The $Molecule should be the smiles of your propsosed molecule.
3. The molecule should be valid.
        "
11,56,C[C@H]([NH2+][C@H]1CCOC1)c1ccnc(Cl)c1,0.03,0.05158333333333334,0.2,0.01,0.05097378138699236,173,False,,,
11,57,COc1cc(-c2noc(C3C[C@@H](C)O[C@@H](C)C3)n2)ccn1,0.03,0.05158333333333334,0.2,0.01,0.05097378138699236,173,False,,,
11,58,COc1cc(C)c(CN2CCN(C(=O)c3ccc(N4CCCCC4)c([N+](=O)[O-])c3)CC2)cc1OC,0.03,0.05158333333333334,0.2,0.01,0.05097378138699236,173,False,,,
11,59,Cc1ccc2nc(N3CCC(C(=O)NCC(C)(C)CO)CC3)nc(C)c2c1,0.03,0.05158333333333334,0.2,0.01,0.05097378138699236,173,False,,,
11,60,C[C@@H]1COCCN1Cc1ccc(C(=O)NN)cn1,0.03,0.05158333333333334,0.2,0.01,0.05097378138699236,173,False,,,
11,61,[NH3+]C[C@H](CO)CC1=CC(F)=CC(Br)=C1,0.03,0.05158333333333334,0.2,0.01,0.05097378138699236,173,False,,,
11,62,C[C@@H](CO)CSC[C@@H]([NH3+])C1=CC=C2OCCCOC2=C1,0.03,0.05158333333333334,0.2,0.01,0.05097378138699236,173,False,,,
11,63,Cc1ccc(-c2ncco2)cc1NC(=O)c1nc(Cl)ccc1Cl,0.03,0.05158333333333334,0.2,0.01,0.05097378138699236,173,False,,,
11,64,O=C(Nc1ccc2c(c1)CCO2)N1CCC[C@H]1c1nc2ccccc2[nH]1,0.03,0.05158333333333334,0.2,0.01,0.05097378138699236,173,False,,,
11,65,N#CCc1ccc2[nH]ccc2n1,0.03,0.05158333333333334,0.2,0.01,0.05097378138699236,173,False,,,
11,66,COC1=CC(F)=C(NC(=O)C=C2CN(C(=O)NC3=NC=NC4=C3CCC4)C2)C=C1F,0.03,0.05158333333333334,0.2,0.01,0.05097378138699236,173,False,,,
11,67,CC(=O)NC1=CC=C(NC(=O)C2=NC(Cl)=CC=C2Cl)C=C1C1=CC=NC=C1,0.03,0.05158333333333334,0.2,0.01,0.05097378138699236,173,False,,,
11,68,COC1=CC=CC=C1C(=O)NC1=CC=C(C2=NN(C)C=C2C(=O)NC2=CC=CC([C@H](C)SC)=C2)C1,0.03,0.05158333333333334,0.2,0.01,0.05097378138699236,173,False,,Fallback to genetic operations due to LLM error: ,"Fallback genetic operation for parents: ['COC1=CC=CC=C1C(=O)NC1=CC=C2C(=C1)N=CN=C2N1[CH]CCC1', 'CS[C@@H](C)C1=CC=CC(NC(=O)C2=CN(C)N=C2C2=CC=CC=C2)=C1']"
11,69,CC1=CN=C(C[NH+](C)CCCC2=NNC(CN3C=C(Cl)C([N+](=O)[O-])=N3)=C2)O1,0.03,0.05158333333333334,0.2,0.01,0.05097378138699236,173,False,,Fallback to genetic operations due to LLM error: ,"Fallback genetic operation for parents: ['CC1=NN(C)C=C1CNC(=O)C1=CC=C(CN2C=C(Cl)C([N+](=O)[O-])=N2)C=C1', 'CC1=CN=C(C[NH+](C)CCCC2=NNC(C3=CC=C(F)C=C3)=C2)O1']"
11,70,CCCCO[C@@H]1C[C@H](NC(=O)c2occc2Br)C1(C)C,0.02,0.05158333333333334,0.2,0.01,0.05097378138699236,173,False,,,
11,71,NC(=O)c1cccc(CNC(=O)CSc2nc3ccccc3o2)c1,0.02,0.05158333333333334,0.2,0.01,0.05097378138699236,173,False,,,
11,72,CCC[C@@H](C(=O)N1CCN(CC(=O)NC2=C(C)C=CC=C2C)CC1)C1=CC=CC=C1,0.02,0.05158333333333334,0.2,0.01,0.05097378138699236,173,False,,,
11,73,COc1ccc([C@H](NC(=O)c2ccc3nccnc3c2)C2CCOCC2)cc1,0.02,0.05158333333333334,0.2,0.01,0.05097378138699236,173,False,,,
11,74,COc1cc(-c2ccccc2)sc1C(=O)NC[C@@H](O)C(C)(C)C,0.02,0.05158333333333334,0.2,0.01,0.05097378138699236,173,False,,,
11,75,Cc1nn(C)cc1CN1C[C@H](CO)OC[C@@H]1C,0.02,0.05158333333333334,0.2,0.01,0.05097378138699236,173,False,,,
11,76,Cc1cc(NC(=O)Nc2cccc(Cl)c2)ncc1Br,0.02,0.05158333333333334,0.2,0.01,0.05097378138699236,173,False,,,
11,77,CCSC[C@@H](C)N(C)C(=O)NCc1ccc(C)cc1N(C)C,0.02,0.05158333333333334,0.2,0.01,0.05097378138699236,173,False,,,
11,78,C=C(C)CN(C)C(=O)CN1CC2=C(C1=O)[C@@H](C1=CC=C(Cl)C=C1Cl)NC(=O)N2CC,0.02,0.05158333333333334,0.2,0.01,0.05097378138699236,173,False,,,
11,79,COc1ccc2c(c1)C[C@@H](C(=O)Nc1ccc(C(C)=O)c(C)c1)CO2,0.02,0.05158333333333334,0.2,0.01,0.05097378138699236,173,False,,,
11,80,Cc1[nH+]ccn1Cc1nnc([C@@H]2CCC[NH+](Cc3cccnc3)C2)n1C,0.02,0.05158333333333334,0.2,0.01,0.05097378138699236,173,False,,,
11,81,COc1ccc([C@@H]2CC(=O)C3=C(C2)N[C@@H]2N=NC(O)=C2[C@H]3c2ccc(Cl)c(Cl)c2)cc1OC,0.02,0.05158333333333334,0.2,0.01,0.05097378138699236,173,False,,,
11,82,C[C@H]1Cc2cc([C@@H](Cl)C3(C)CCCC3)ccc2O1,0.02,0.05158333333333334,0.2,0.01,0.05097378138699236,173,False,,,
11,83,C[NH+]1CCC(NC(=O)NC2=NC=C(CC3=CC=CC(Cl)=C3)S2)CC1,0.02,0.05158333333333334,0.2,0.01,0.05097378138699236,173,False,,,
11,84,O=C(NCC1CCN(C(=O)c2ccccn2)CC1)C(=O)NC1CCCC1,0.02,0.05158333333333334,0.2,0.01,0.05097378138699236,173,False,,,
11,85,C[C@H](Cc1ccsc1)[NH+](C)Cc1cnc(N2CC[NH+](C)CC2)nc1,0.02,0.05158333333333334,0.2,0.01,0.05097378138699236,173,False,,,
11,86,COc1ccc(NC(=O)C[NH+]2CCCN(Cc3cccc(Cl)c3)S2(=O)=O)cc1,0.02,0.05158333333333334,0.2,0.01,0.05097378138699236,173,False,,,
11,87,CSC(C)c1cccc(NC(=O)NC(C)COC2CCOCC2)c1,0.02,0.05158333333333334,0.2,0.01,0.05097378138699236,173,False,,"The first molecule has a JNK3 score of 0.05, which is higher than the second molecule's 0.01. The first molecule features a substituted aniline linked to a methylated purine-like heterocycle, while the second molecule has a bulky tert-butyl group and a morpholine ring. To improve the JNK3 score, I propose combining the key amide linkage and aromatic system from the first molecule with the morpholine ring from the second molecule, which may enhance solubility and binding interactions. Additionally, introducing a small alkyl substitution on the aromatic ring could improve hydrophobic interactions. This hybrid molecule maintains the core amide and aromatic system from the first molecule but replaces the purine moiety with a morpholine-containing amide, potentially increasing activity against JNK3.","I have two molecules and their JNK3 scores. The JNK3 score measures a molecular's biological activity against JNK3.


[CS[C@@H](C)C1=CC=CC(NC(=O)C2=CN(C)N=C2C2=CC=CC=C2)=C1,0.05]
[CCC(C)(C)NC(=O)c1ccc(NC(=O)N[C@@H](C)[C@H]2CCCO2)cc1,0.01]Please propose a new molecule that has a higher JNK3 score. You can either make crossover and mutations based on the given molecules or just propose a new molecule based on your knowledge.



Your output should follow the format: {<<<Explaination>>>: $EXPLANATION, <<<Molecule>>>: \box{$Molecule}}. Here are the requirements:

        

1. $EXPLANATION should be your analysis.
2. The $Molecule should be the smiles of your propsosed molecule.
3. The molecule should be valid.
        "
11,88,C=C(C)CN(C)C(=O)CN1CC2=C(C1=O)[C@@H](C1=CC=C(C)C1Cl)NC(=O)N2CC,0.02,0.05158333333333334,0.2,0.01,0.05097378138699236,173,False,,Fallback to genetic operations due to LLM error: ,"Fallback genetic operation for parents: ['C=C(C)CN(C)C(=O)CN1CC2=C(C1=O)[C@@H](C1=CC=C(Cl)C=C1Cl)NC(=O)N2CC', 'CC1=CC=C(NC(=O)CN2C(=O)S/C(=C/C3=C(F)C=CC=C3Cl)C2=O)C=C1']"
11,89,O=C1N[C@@H](c2ccccc2F)c2c1oc1ccccc1c2=O,0.01,0.05158333333333334,0.2,0.01,0.05097378138699236,173,False,,,
11,90,CS(=O)(=O)N[C@H]1CCN(c2ccc(Cl)c(F)c2)C1=O,0.01,0.05158333333333334,0.2,0.01,0.05097378138699236,173,False,,,
11,91,CCC(C)(C)NC(=O)c1ccc(NC(=O)N[C@@H](C)[C@H]2CCCO2)cc1,0.01,0.05158333333333334,0.2,0.01,0.05097378138699236,173,False,,,
11,92,CSCC[C@H](NC(=O)N[C@@H]1CCCCC1(C)C)C(=O)[O-],0.01,0.05158333333333334,0.2,0.01,0.05097378138699236,173,False,,,
11,93,CC(C)C(=O)Nc1nc2ccc(CCC(=O)NCc3ccccc3Cl)cc2s1,0.01,0.05158333333333334,0.2,0.01,0.05097378138699236,173,False,,,
11,94,Cc1nn(-c2ccccc2)c(C)c1NC(=O)CN1CCc2cc(F)ccc2C1,0.01,0.05158333333333334,0.2,0.01,0.05097378138699236,173,False,,,
11,95,COc1ccc(C[C@H](C)C[NH+](C)Cc2cn3cccnc3n2)cc1,0.01,0.05158333333333334,0.2,0.01,0.05097378138699236,173,False,,,
11,96,CCc1nsc(NCC(=O)NC(C)(C)C)n1,0.01,0.05158333333333334,0.2,0.01,0.05097378138699236,173,False,,,
11,97,CCCN(C)c1nccn2c(=O)n(CC(=O)Nc3cccc(SC)c3)nc12,0.01,0.05158333333333334,0.2,0.01,0.05097378138699236,173,False,,,
11,98,O=C(Nc1ccc(-c2nnc3n2CCCCC3)cc1)c1ccccc1C(F)(F)F,0.01,0.05158333333333334,0.2,0.01,0.05097378138699236,173,False,,,
11,99,CC(C)c1cccc(C(C)C)c1NC(=O)CCN1C(=O)[C@H]2CC[C@@](C)(C1=O)C2(C)C,0.01,0.05158333333333334,0.2,0.01,0.05097378138699236,173,False,,,
11,100,Cc1cccc(CN(C(=O)c2cccc(N3CCNC3=O)c2)C(C)C)c1,0.01,0.05158333333333334,0.2,0.01,0.05097378138699236,173,False,,,
11,101,COc1ccc(C(=O)N2C[C@@H](C)[NH2+]C[C@H]2C)cc1O,0.01,0.05158333333333334,0.2,0.01,0.05097378138699236,173,False,,,
11,102,O=C(NC(=S)Nc1c(O)ccc2ccccc12)c1cccc(F)c1,0.01,0.05158333333333334,0.2,0.01,0.05097378138699236,173,False,,,
11,103,CC(=O)Nc1ccc(NC(=O)CCc2cnn(-c3ccccc3)c2)cc1,0.01,0.05158333333333334,0.2,0.01,0.05097378138699236,173,False,,,
11,104,COc1cc(F)c(NC(=O)C=C2CN(C(=O)OC(C)(C)C)C2)cc1F,0.01,0.05158333333333334,0.2,0.01,0.05097378138699236,173,False,,,
11,105,C[C@@H](Nc1ccc([N-]S(C)(=O)=O)cc1)C(=O)Nc1ccc2c(c1)OCO2,0.01,0.05158333333333334,0.2,0.01,0.05097378138699236,173,False,,,
11,106,CCC[C@@H]1C[C@@H](Nc2cc(OC)ccc2F)CCO1,0.01,0.05158333333333334,0.2,0.01,0.05097378138699236,173,False,,,
11,107,Cc1ccc(S(=O)(=O)CCC(=O)Oc2ccc(Cl)cc2Cl)cc1,0.01,0.05158333333333334,0.2,0.01,0.05097378138699236,173,False,,,
11,108,CCN(CC(=O)Nc1cccc(OC)c1)C(=O)c1ccc(F)cc1Br,0.01,0.05158333333333334,0.2,0.01,0.05097378138699236,173,False,,,
11,109,COC(=O)[C@@H]1CCCN(C(=O)NC2CCC([NH+]3CCCCC3)CC2)C1,0.01,0.05158333333333334,0.2,0.01,0.05097378138699236,173,False,,,
11,110,O=C(C[NH+]1CCN(c2ccc(C(F)(F)F)cn2)CC1)N1CCC[C@H]1c1ccc2c(c1)OCCO2,0.01,0.05158333333333334,0.2,0.01,0.05097378138699236,173,False,,,
11,111,CC(C)C[C@H]1C[NH2+]CC[C@@H]1c1cccc2c1OC(C)(C)C2,0.01,0.05158333333333334,0.2,0.01,0.05097378138699236,173,False,,,
11,112,Cc1cccc(C[NH+]2CCC[C@@]3(CC[NH+](Cc4cnn(C(C)C)c4)C3)C2)c1,0.01,0.05158333333333334,0.2,0.01,0.05097378138699236,173,False,,,
11,113,CC1=NN(C)C(C)=C1NC(=O)CS[C@H]1CCCC2=CC=CC=C21,0.01,0.05158333333333334,0.2,0.01,0.05097378138699236,173,False,,,
11,114,CC1(C)CN(CCOc2ccc(S(C)(=O)=O)cc2)CC[S@@]1=O,0.01,0.05158333333333334,0.2,0.01,0.05097378138699236,173,False,,,
11,115,O=C(NCc1ccc(N2CCC(O)CC2)c(F)c1)c1ccn(-c2ccc(F)cc2)n1,0.01,0.05158333333333334,0.2,0.01,0.05097378138699236,173,False,,,
11,116,Cc1cc(/C=C(\C#N)C(=O)Nc2ccccc2)c(C)n1-c1ccc(I)cc1,0.01,0.05158333333333334,0.2,0.01,0.05097378138699236,173,False,,,
11,117,COc1ccc(C2CC(=O)N3NC(=O)N(C=C(C)CN)C3C2c2ccc(Cl)cc2Cl)cc1OC,0.01,0.05158333333333334,0.2,0.01,0.05097378138699236,173,False,,"Both given molecules have the same JNK3 score of 0.02, indicating low activity. To improve the JNK3 score, I will combine favorable features from both molecules: the bicyclic core with nitrogen heterocycles from the first molecule, which may provide good binding interactions, and the amide-linked chlorophenyl group from the second molecule, which could enhance binding affinity through hydrophobic and halogen bonding interactions. Additionally, I will introduce a small alkene side chain (from the second molecule) to increase molecular flexibility and potential interactions. This hybrid molecule maintains key pharmacophores and adds diversity to improve activity.","I have two molecules and their JNK3 scores. The JNK3 score measures a molecular's biological activity against JNK3.


[COc1ccc([C@@H]2CC(=O)C3=C(C2)N[C@@H]2N=NC(O)=C2[C@H]3c2ccc(Cl)c(Cl)c2)cc1OC,0.02]
[C=C(C)CN(C)C(=O)CN1CC2=C(C1=O)[C@@H](c1ccc(Cl)cc1Cl)NC(=O)N2CC,0.02]Please propose a new molecule that has a higher JNK3 score. You can either make crossover and mutations based on the given molecules or just propose a new molecule based on your knowledge.



Your output should follow the format: {<<<Explaination>>>: $EXPLANATION, <<<Molecule>>>: \box{$Molecule}}. Here are the requirements:

        

1. $EXPLANATION should be your analysis.
2. The $Molecule should be the smiles of your propsosed molecule.
3. The molecule should be valid.
        "
11,118,C[C@@H](CO)CSC[C@@H]([NH3+])C1=CC=CCC1,0.01,0.05158333333333334,0.2,0.01,0.05097378138699236,173,False,,Fallback to genetic operations due to LLM error: ,"Fallback genetic operation for parents: ['CCC[C@@H](C(=O)N1CCN(CC(=O)NC2=C(C)C=CC=C2C)CC1)C1=CC=CC=C1', 'C[C@@H](CO)CSC[C@@H]([NH3+])C1=CC=C2OCCCOC2=C1']"
11,119,CCSCCN1CCN(c2nc(OC)ccc2N)CC1C(=O)NCc1ccc(N(C)C)cc1,0.01,0.05158333333333334,0.2,0.01,0.05097378138699236,173,False,,"{<<<Explanation>>>: The first molecule has a JNK3 score of 0.09 and contains a bis-thiol (CCSCC) moiety linked to a substituted aniline with dimethylamino groups and a methoxyphenyl group, suggesting some affinity for JNK3. The second molecule has a score of 0.06 and features a methoxy-substituted pyrimidine ring linked to a chiral azetidine-like structure with a positive charge, indicating a different scaffold with moderate activity.

To improve the JNK3 score, I propose combining the key features of both molecules: the bis-thiol moiety from the first molecule, which might contribute to binding via sulfur interactions, and the methoxy-substituted heterocycle from the second molecule, which may enhance binding affinity and specificity. Additionally, I will introduce a piperazine ring as a linker to improve solubility and flexibility, and maintain the dimethylamino substitution to preserve the basicity and potential hydrogen bonding.

This hybrid molecule is expected to have improved interactions with JNK3 due to the combination of sulfur-containing groups and heterocyclic aromatic systems, potentially increasing the JNK3 score beyond 0.09.

<<<Molecule>>>: \box{CCSCCN1CCN(c2nc(OC)ccc2N)CC1C(=O)NCc3ccc(N(C)C)cc3} }","I have two molecules and their JNK3 scores. The JNK3 score measures a molecular's biological activity against JNK3.


[CCSCC(C)N(C)C(=O)NCc1ccc(Nc2ccccc2OC)cc1N(C)C,0.09]
[COc1nc(N[C@@H]2C[NH+]3CCC2CC3)ccc1N,0.06]Please propose a new molecule that has a higher JNK3 score. You can either make crossover and mutations based on the given molecules or just propose a new molecule based on your knowledge.



Your output should follow the format: {<<<Explaination>>>: $EXPLANATION, <<<Molecule>>>: \box{$Molecule}}. Here are the requirements:

        

1. $EXPLANATION should be your analysis.
2. The $Molecule should be the smiles of your propsosed molecule.
3. The molecule should be valid.
        "
11,120,O=C(NCC1CCC[NH+](Cc2cccc(O)c2)C1)c1ccccc1-c1cnn[nH]1,0.01,0.05158333333333334,0.2,0.01,0.05097378138699236,173,False,,"Both given molecules have relatively low JNK3 scores (0.05 and 0.06). The first molecule features a phenyl amide linked to a chiral piperidine ring with a nitrophenol substituent, while the second molecule has a chiral piperidine amide linked to a substituted phenyl ring with a pyridyl-triazole moiety. To improve JNK3 activity, I propose combining the nitrophenol moiety from the first molecule, which may contribute to binding via hydrogen bonding and electronic effects, with the heteroaryl substitution from the second molecule, which can enhance specificity and interactions with the kinase active site. Additionally, replacing the nitro group with a less electron-withdrawing but still polar group like a cyano or hydroxyl might improve binding affinity and reduce potential toxicity. I will propose a molecule that retains the chiral piperidine amide core, attaches a phenyl ring bearing a hydroxyl group (instead of nitro) and a pyridyl-triazole substituent to enhance interactions and potentially increase the JNK3 score. This crossover and mutation strategy aims to combine favorable features from both molecules to improve biological activity.","I have two molecules and their JNK3 scores. The JNK3 score measures a molecular's biological activity against JNK3.


[O=C(NC[C@H]1CCC[NH+](CC2=CC(O)=CC=C2[N+](=O)[O-])C1)C1=CC=CC=C1,0.05]
[Cc1nonc1CC(=O)N1CCC[C@H](C(=O)Nc2ccc(-c3ccn[nH]3)cc2)C1,0.06]Please propose a new molecule that has a higher JNK3 score. You can either make crossover and mutations based on the given molecules or just propose a new molecule based on your knowledge.



Your output should follow the format: {<<<Explaination>>>: $EXPLANATION, <<<Molecule>>>: \box{$Molecule}}. Here are the requirements:

        

1. $EXPLANATION should be your analysis.
2. The $Molecule should be the smiles of your propsosed molecule.
3. The molecule should be valid.
        "
12,1,COc1ccccc1C(=O)Nc1ccc2c(N3CCCC3)ncnc2c1,0.2,0.05508333333333335,0.2,0.01,0.05202556796635883,178,False,,"{<<<Explanation>>>: Both given molecules share a common scaffold: a benzamide linked to a bicyclic system containing a substituted pyrimidine fused to a phenyl ring, with a piperidine or azetidine ring attached to the nitrogen. The difference lies in the ring size and substitution on the nitrogen-containing ring: one has a 4-membered azetidine ring with a methylene bridge ([CH]CCC) and a methoxy group on the phenyl ring (score 0.15), the other has a 5-membered piperidine ring (CCCC) and a methyl group on the phenyl ring (score 0.19). The piperidine ring and methyl substitution seem to improve activity.

To propose a molecule with potentially higher JNK3 activity, I will combine the beneficial features: keep the piperidine ring (which gave a higher score) and introduce a methoxy group on the phenyl ring (which might enhance binding via electronic effects or H-bonding). Additionally, I will replace the methyl group on the phenyl ring with a methoxy group to increase polarity and potential interactions. This hybrid molecule might have improved binding affinity and thus a higher JNK3 score.

<<<Molecule>>>: \box{COc1ccccc1C(=O)Nc1ccc2c(N3CCCC3)ncnc2c1}}","I have two molecules and their JNK3 scores. The JNK3 score measures a molecular's biological activity against JNK3.


[COc1ccccc1C(=O)Nc1ccc2c(N3[CH]CCC3)ncnc2c1,0.15]
[Cc1ccccc1C(=O)Nc1ccc2c(N3CCCC3)ncnc2c1,0.19]Please propose a new molecule that has a higher JNK3 score. You can either make crossover and mutations based on the given molecules or just propose a new molecule based on your knowledge.



Your output should follow the format: {<<<Explaination>>>: $EXPLANATION, <<<Molecule>>>: \box{$Molecule}}. Here are the requirements:

        

1. $EXPLANATION should be your analysis.
2. The $Molecule should be the smiles of your propsosed molecule.
3. The molecule should be valid.
        "
12,2,Cc1ccccc1C(=O)Nc1ccc2c(N3CCCC3)ncnc2c1,0.19,0.05508333333333335,0.2,0.01,0.05202556796635883,178,False,,,
12,3,CC1=CC=C(O)C=C1C(=O)NC1=CC=C2C(=C1)N=CN=C2N1CCCC1,0.19,0.05508333333333335,0.2,0.01,0.05202556796635883,178,False,,,
12,4,O=C(Nc1ccc2c(N3CCCC3)ncnc2c1)c1ccccc1O,0.18,0.05508333333333335,0.2,0.01,0.05202556796635883,178,False,,"{<<<Explanation>>>: Both given molecules share a common scaffold: a benzamide linked to a fused bicyclic system containing a piperidine ring. The difference lies in the substituent on the benzene ring attached to the amide: one has a methyl group (–CH3) and the other a methoxy group (–OCH3). The methoxy substituent (electron-donating and capable of hydrogen bonding) slightly improves the JNK3 score (0.2 vs 0.19). To further enhance activity, I propose introducing a stronger electron-donating group that can also engage in hydrogen bonding, such as a hydroxyl group (–OH), which often improves binding affinity by forming additional hydrogen bonds with the target. Additionally, placing the hydroxyl group para to the amide linkage on the benzene ring could optimize interactions. Therefore, I propose replacing the methyl/methoxy substituent with a para-hydroxy group on the benzamide phenyl ring, keeping the rest of the molecule intact. This modification is likely to increase the JNK3 score by improving binding interactions.

<<<Molecule>>>: \box{Oc1ccccc1C(=O)Nc1ccc2c(N3CCCC3)ncnc2c1}}","I have two molecules and their JNK3 scores. The JNK3 score measures a molecular's biological activity against JNK3.


[Cc1ccccc1C(=O)Nc1ccc2c(N3CCCC3)ncnc2c1,0.19]
[COc1ccccc1C(=O)Nc1ccc2c(N3CCCC3)ncnc2c1,0.2]Please propose a new molecule that has a higher JNK3 score. You can either make crossover and mutations based on the given molecules or just propose a new molecule based on your knowledge.



Your output should follow the format: {<<<Explaination>>>: $EXPLANATION, <<<Molecule>>>: \box{$Molecule}}. Here are the requirements:

        

1. $EXPLANATION should be your analysis.
2. The $Molecule should be the smiles of your propsosed molecule.
3. The molecule should be valid.
        "
12,5,COC1=CC(F)=CC=C1C(=O)NC1=CC=C2C(=C1)N=CN=C2C1=CC=CC=C1,0.18,0.05508333333333335,0.2,0.01,0.05202556796635883,178,False,,Fallback to genetic operations due to LLM error: ,"Fallback genetic operation for parents: ['COC1=CC(F)=CC=C1C(=O)NC1=CC=C2C(=C1)N=CN=C2N1CCOCC1', 'CCC[C@@H](C(=O)N1CCN(CC(=O)NC2=C(C)C=CC=C2C)CC1)C1=CC=CC=C1']"
12,6,COC1=CC=CC=C1NC1=CC=C(CNC(=O)NC2=CC=C3C(=C2)N=CN=C3N2CCCC2)C=C1,0.18,0.05508333333333335,0.2,0.01,0.05202556796635883,178,False,,,
12,7,COc1cc(O)ccc1C(=O)Nc1ccc2c(-c3ccccc3)ncnc2c1,0.18,0.05508333333333335,0.2,0.01,0.05202556796635883,178,False,,"Both given molecules are identical, with a JNK3 score of 0.18, indicating moderate activity. To improve the JNK3 score, we can consider structural modifications known to enhance kinase inhibition, such as introducing additional hydrogen bond donors or acceptors, or adding groups that increase binding affinity. The current molecule has a methoxy group (COC) and a fluorophenyl ring. One common strategy is to replace the fluorine with a hydroxyl group to increase hydrogen bonding potential or add a small polar substituent on the phenyl ring to improve interactions. Alternatively, adding a methyl group on the pyrazolopyrimidine core can enhance hydrophobic interactions. Here, I propose replacing the fluorine atom with a hydroxyl group on the phenyl ring to potentially increase binding affinity and thus the JNK3 score.","I have two molecules and their JNK3 scores. The JNK3 score measures a molecular's biological activity against JNK3.


[COC1=CC(F)=CC=C1C(=O)NC1=CC=C2C(=C1)N=CN=C2C1=CC=CC=C1,0.18]
[COC1=CC(F)=CC=C1C(=O)NC1=CC=C2C(=C1)N=CN=C2C1=CC=CC=C1,0.18]Please propose a new molecule that has a higher JNK3 score. You can either make crossover and mutations based on the given molecules or just propose a new molecule based on your knowledge.



Your output should follow the format: {<<<Explaination>>>: $EXPLANATION, <<<Molecule>>>: \box{$Molecule}}. Here are the requirements:

        

1. $EXPLANATION should be your analysis.
2. The $Molecule should be the smiles of your propsosed molecule.
3. The molecule should be valid.
        "
12,8,COc1cc(F)ccc1C(=O)Nc1ccc2c(-c3ccncc3N3CCOCC3)ncnc2c1,0.18,0.05508333333333335,0.2,0.01,0.05202556796635883,178,False,,"Both given molecules have a JNK3 score of 0.14, indicating moderate activity. They share some common features: a methoxy-substituted aromatic ring and a heterocyclic system with nitrogen atoms, which are likely important for binding to JNK3. To improve the score, I propose combining the key features of both molecules: the fluorinated methoxyphenyl amide from the first molecule and the fused heterocyclic system from the second molecule, while introducing a small mutation to enhance binding affinity. Specifically, I will replace the piperidine ring in the first molecule with the morpholine ring from the second molecule, as morpholine can improve solubility and potentially enhance interactions. Additionally, I will keep the fluorine substituent on the aromatic ring to maintain electronic effects favorable for binding. This crossover and mutation aim to create a molecule with better binding properties and thus a higher JNK3 score.","I have two molecules and their JNK3 scores. The JNK3 score measures a molecular's biological activity against JNK3.


[COc1cc(F)ccc1C(=O)Nc1ccc2c(-c3ccncc3N3CCCC3)ncnc2c1,0.14]
[COC1=CC(F)=CC=C1C(=O)NC1=CC=C2C(=C1)N=CN=C2N1CCOCC1,0.14]Please propose a new molecule that has a higher JNK3 score. You can either make crossover and mutations based on the given molecules or just propose a new molecule based on your knowledge.



Your output should follow the format: {<<<Explaination>>>: $EXPLANATION, <<<Molecule>>>: \box{$Molecule}}. Here are the requirements:

        

1. $EXPLANATION should be your analysis.
2. The $Molecule should be the smiles of your propsosed molecule.
3. The molecule should be valid.
        "
12,9,Cc1cc(Br)ccc1C(=O)Nc1ccc2c(N3CCCC3)ncnc2c1,0.16,0.05508333333333335,0.2,0.01,0.05202556796635883,178,False,,"The first molecule has a higher JNK3 score (0.19) compared to the second (0.02), suggesting that the core structure with the fused bicyclic system containing the pyrazolopyrimidine moiety and the piperidine ring (N3CCCC3) contributes positively to activity. The second molecule has a simpler aniline derivative with halogen substitutions (Br and Cl) but much lower activity. To improve activity, I propose to combine the favorable features: retain the bicyclic pyrazolopyrimidine core and piperidine ring from the first molecule, and introduce a halogen substitution (like Br) on the phenyl ring to potentially enhance binding through halogen bonding or hydrophobic interactions. Additionally, I will keep the amide linkage for stability. This hybrid approach aims to increase the JNK3 score by combining beneficial structural elements from both molecules.","I have two molecules and their JNK3 scores. The JNK3 score measures a molecular's biological activity against JNK3.


[Cc1ccccc1C(=O)Nc1ccc2c(N3CCCC3)ncnc2c1,0.19]
[Cc1cc(NC(=O)Nc2cccc(Cl)c2)ncc1Br,0.02]Please propose a new molecule that has a higher JNK3 score. You can either make crossover and mutations based on the given molecules or just propose a new molecule based on your knowledge.



Your output should follow the format: {<<<Explaination>>>: $EXPLANATION, <<<Molecule>>>: \box{$Molecule}}. Here are the requirements:

        

1. $EXPLANATION should be your analysis.
2. The $Molecule should be the smiles of your propsosed molecule.
3. The molecule should be valid.
        "
12,10,COC1=CC=CC=C1C(=O)NC1=CC=C2C(=C1)N=CN=C2N1[CH]CCC1,0.15,0.05508333333333335,0.2,0.01,0.05202556796635883,178,False,,,
12,11,COC1=CC(F)=CC=C1C(=O)NC1=CC=C2C(=C1)N=CN=C2N1CCCC1,0.14,0.05508333333333335,0.2,0.01,0.05202556796635883,178,False,,,
12,12,COC1=CC(F)=CC=C1C(=O)NC1=CC=C2C(=C1)N=CN=C2N1CCOCC1,0.14,0.05508333333333335,0.2,0.01,0.05202556796635883,178,False,,,
12,13,COc1ccc(C(F)(F)F)cc1C(=O)Nc1ccc2c(N3[CH]CCC3)ncnc2c1,0.14,0.05508333333333335,0.2,0.01,0.05202556796635883,178,False,,"The first molecule has a higher JNK3 score (0.15) compared to the second (0.04), indicating better activity. The first molecule features a methoxyphenyl group linked via an amide to a bicyclic heterocycle containing a nitrogen-rich fused ring system, which likely contributes to its higher activity. The second molecule has a nitro-substituted phenyl ring and a trifluoromethyl group on a lactam ring, but its activity is lower.

To improve activity, I propose combining the favorable features of both molecules: retain the bicyclic heterocycle and amide linkage from the first molecule, but introduce the trifluoromethyl group from the second molecule to enhance binding affinity and metabolic stability. Specifically, I will modify the first molecule by adding a trifluoromethyl group on the phenyl ring (para to the methoxy group) to potentially increase hydrophobic interactions and improve activity.

This hybrid approach leverages the higher activity scaffold of the first molecule and the beneficial trifluoromethyl substitution from the second.","I have two molecules and their JNK3 scores. The JNK3 score measures a molecular's biological activity against JNK3.


[COc1ccccc1C(=O)Nc1ccc2c(N3[CH]CCC3)ncnc2c1,0.15]
[CC(=O)c1ccc(N[C@H]2CC(=O)N(CC(F)(F)F)C2)c([N+](=O)[O-])c1,0.04]Please propose a new molecule that has a higher JNK3 score. You can either make crossover and mutations based on the given molecules or just propose a new molecule based on your knowledge.



Your output should follow the format: {<<<Explaination>>>: $EXPLANATION, <<<Molecule>>>: \box{$Molecule}}. Here are the requirements:

        

1. $EXPLANATION should be your analysis.
2. The $Molecule should be the smiles of your propsosed molecule.
3. The molecule should be valid.
        "
12,14,COc1ccccc1C(=O)Nc1ccc2c(N3CCCN3)ncnc2c1,0.14,0.05508333333333335,0.2,0.01,0.05202556796635883,178,False,,"{<<<Explanation>>>: The first molecule has a JNK3 score of 0.15, which is higher than the second molecule's 0.07. The first molecule features a methoxyphenyl group linked to a bicyclic heterocycle containing a nitrogen bridge, while the second molecule has a more complex structure with nitro groups and a charged amine. Nitro groups and charged groups often reduce cell permeability and can negatively impact activity. To improve the JNK3 score, I propose to combine the favorable features of the first molecule (the methoxyphenyl and bicyclic heterocycle) with a less polar, less charged substituent inspired by the second molecule's amine side chain but without the nitro groups. Specifically, I will replace the nitro-substituted aromatic amine in the second molecule with a simpler, neutral amine side chain attached to the bicyclic core of the first molecule, maintaining the methoxyphenyl group and the amide linkage. This hybrid should improve binding affinity and biological activity by preserving key interactions and reducing polarity and charge that may hinder activity.

<<<Molecule>>>: \box{COc1ccccc1C(=O)Nc1ccc2c(N3CCCN3)ncnc2c1} }","I have two molecules and their JNK3 scores. The JNK3 score measures a molecular's biological activity against JNK3.


[COc1ccccc1C(=O)Nc1ccc2c(N3[CH]CCC3)ncnc2c1,0.15]
[O=C(NCC1CCC[NH+](Cc2cc(O)ccc2[N+](=O)[O-])C1)Nc1ccc(Cn2cc(Cl)c([N+](=O)[O-])n2)cc1,0.07]Please propose a new molecule that has a higher JNK3 score. You can either make crossover and mutations based on the given molecules or just propose a new molecule based on your knowledge.



Your output should follow the format: {<<<Explaination>>>: $EXPLANATION, <<<Molecule>>>: \box{$Molecule}}. Here are the requirements:

        

1. $EXPLANATION should be your analysis.
2. The $Molecule should be the smiles of your propsosed molecule.
3. The molecule should be valid.
        "
12,15,COc1cc(F)ccc1C(=O)Nc1ccc2c(-c3ccncc3N3CCCC3)ncnc2c1,0.14,0.05508333333333335,0.2,0.01,0.05202556796635883,178,False,,"Both given molecules share a core structure involving a methoxyphenyl group linked via an amide bond to a fused bicyclic system containing a pyrimidine ring. The second molecule has a slightly higher JNK3 score (0.18 vs 0.15), possibly due to the presence of a fluorine substituent on the phenyl ring and an additional phenyl ring attached to the fused bicyclic system, which may enhance binding affinity through hydrophobic interactions or electronic effects.

To propose a molecule with a potentially higher JNK3 score, I will combine beneficial features from both molecules and introduce a small mutation to improve binding. Specifically:

- Retain the methoxy group on the phenyl ring for favorable electronic effects.
- Keep the fluorine substituent to maintain or enhance binding.
- Maintain the fused bicyclic pyrimidine core.
- Replace the phenyl ring attached to the bicyclic system with a pyridine ring to introduce a nitrogen atom that can form additional hydrogen bonds or coordinate with the kinase active site.
- Replace the flexible aliphatic ring in the first molecule with a more rigid piperidine ring to improve binding affinity by reducing entropy loss.

This crossover and mutation strategy aims to combine hydrophobic, electronic, and hydrogen bonding interactions to increase the JNK3 score.","I have two molecules and their JNK3 scores. The JNK3 score measures a molecular's biological activity against JNK3.


[COC1=CC=CC=C1C(=O)NC1=CC=C2C(=C1)N=CN=C2N1[CH]CCC1,0.15]
[COC1=CC(F)=CC=C1C(=O)NC1=CC=C2C(=C1)N=CN=C2C1=CC=CC=C1,0.18]Please propose a new molecule that has a higher JNK3 score. You can either make crossover and mutations based on the given molecules or just propose a new molecule based on your knowledge.



Your output should follow the format: {<<<Explaination>>>: $EXPLANATION, <<<Molecule>>>: \box{$Molecule}}. Here are the requirements:

        

1. $EXPLANATION should be your analysis.
2. The $Molecule should be the smiles of your propsosed molecule.
3. The molecule should be valid.
        "
12,16,COc1cc(F)ccc1C(=O)Nc1ccc2c(N3CCCC3)ncnc2c1,0.14,0.05508333333333335,0.2,0.01,0.05202556796635883,178,False,,"{<<<Explanation>>>: The two given molecules have JNK3 scores of 0.18 and 0.2, respectively. Both share a common motif of a benzamide linked to a bicyclic heterocycle containing nitrogen atoms, which likely contributes to JNK3 binding. The second molecule has a slightly higher score, possibly due to the presence of the piperidine ring (N3CCCC3) fused to the bicyclic system, which may enhance binding affinity or improve molecular interactions.

To propose a molecule with a potentially higher JNK3 score, I will combine favorable features from both molecules: the fluorine substitution on the phenyl ring from the first molecule (which can improve binding through electronic effects) and the piperidine-containing bicyclic heterocycle from the second molecule. Additionally, I will add a methoxy group on the phenyl ring to increase polarity and potential hydrogen bonding, which can improve activity.

This new molecule will have a 3-fluoro-4-methoxybenzamide linked to the bicyclic heterocycle with the piperidine ring, aiming to enhance binding affinity and thus increase the JNK3 score.

<<<Molecule>>>: \box{COc1cc(F)ccc1C(=O)Nc1ccc2c(N3CCCC3)ncnc2c1}}","I have two molecules and their JNK3 scores. The JNK3 score measures a molecular's biological activity against JNK3.


[COC1=CC(F)=CC=C1C(=O)NC1=CC=C2C(=C1)N=CN=C2C1=CC=CC=C1,0.18]
[COc1ccccc1C(=O)Nc1ccc2c(N3CCCC3)ncnc2c1,0.2]Please propose a new molecule that has a higher JNK3 score. You can either make crossover and mutations based on the given molecules or just propose a new molecule based on your knowledge.



Your output should follow the format: {<<<Explaination>>>: $EXPLANATION, <<<Molecule>>>: \box{$Molecule}}. Here are the requirements:

        

1. $EXPLANATION should be your analysis.
2. The $Molecule should be the smiles of your propsosed molecule.
3. The molecule should be valid.
        "
12,17,O=C(Nc1ccc2c(N3CNC3)ncnc2c1)c1ccccc1F,0.13,0.05508333333333335,0.2,0.01,0.05202556796635883,178,False,,"The first molecule has a low JNK3 score (0.04) and contains a positively charged amine linked to a fluorophenyl-substituted heterocycle. The second molecule has a higher score (0.18) and features a urea linkage connecting a hydroxyphenyl group and a bicyclic purine-like system with a piperidine ring. To improve the JNK3 score, I propose combining the urea linkage and bicyclic purine scaffold from the second molecule with the fluorophenyl group from the first molecule, as fluorine substitution often enhances binding affinity and metabolic stability. Additionally, replacing the piperidine ring with a smaller azetidine ring may improve binding by reducing steric hindrance and increasing conformational rigidity. This hybrid molecule maintains key pharmacophores from the higher scoring molecule while incorporating beneficial features from the first molecule, potentially increasing JNK3 activity.","I have two molecules and their JNK3 scores. The JNK3 score measures a molecular's biological activity against JNK3.


[CC1=CN=C(C[NH+](C)CCCC2=NNC(C3=CC=C(F)C=C3)=C2)O1,0.04]
[O=C(Nc1ccc2c(N3CCCC3)ncnc2c1)c1ccccc1O,0.18]Please propose a new molecule that has a higher JNK3 score. You can either make crossover and mutations based on the given molecules or just propose a new molecule based on your knowledge.



Your output should follow the format: {<<<Explaination>>>: $EXPLANATION, <<<Molecule>>>: \box{$Molecule}}. Here are the requirements:

        

1. $EXPLANATION should be your analysis.
2. The $Molecule should be the smiles of your propsosed molecule.
3. The molecule should be valid.
        "
12,18,COc1ccc(C(=O)N2CCCC(C(=O)Nc3ccc(-c4ccncc4)cc3)C2)cc1,0.12,0.05508333333333335,0.2,0.01,0.05202556796635883,178,False,,"Both given molecules have relatively low JNK3 scores (0.06 and 0.05), indicating modest activity. The first molecule features a piperidine ring linked to an amide and a substituted phenyl ring with a pyrazole moiety, while the second molecule contains a methoxy-substituted aromatic system with a nitro group and an amide linkage. To potentially increase JNK3 activity, I propose combining the amide-linked aromatic system from the first molecule with the electron-donating methoxy groups from the second molecule to enhance binding affinity and improve interactions with the JNK3 active site. Additionally, replacing the pyrazole ring with a more planar heterocycle like a pyridine could improve stacking interactions. Therefore, I propose a molecule with a piperidine ring linked via an amide to a methoxy-substituted phenyl ring, which is further connected to a pyridine ring. This hybrid design aims to improve binding affinity and thus increase the JNK3 score.","I have two molecules and their JNK3 scores. The JNK3 score measures a molecular's biological activity against JNK3.


[Cc1nonc1CC(=O)N1CCC[C@H](C(=O)Nc2ccc(-c3ccn[nH]3)cc2)C1,0.06]
[COc1ccc(CNC(=O)c2cc(OC)c(OC)cc2[N+](=O)[O-])cn1,0.05]Please propose a new molecule that has a higher JNK3 score. You can either make crossover and mutations based on the given molecules or just propose a new molecule based on your knowledge.



Your output should follow the format: {<<<Explaination>>>: $EXPLANATION, <<<Molecule>>>: \box{$Molecule}}. Here are the requirements:

        

1. $EXPLANATION should be your analysis.
2. The $Molecule should be the smiles of your propsosed molecule.
3. The molecule should be valid.
        "
12,19,Cc1cc(F)ccc1C(=O)Nc1ccc2c(N3CCOCC3)ncnc2c1,0.12,0.05508333333333335,0.2,0.01,0.05202556796635883,178,False,,"The first molecule has a higher JNK3 score (0.19) compared to the second (0.07), indicating that the amide-linked aromatic system with a fused bicyclic heterocycle (a purine-like structure with a piperidine substituent) is more favorable for activity. The second molecule has a rigid bicyclic scaffold with a nitro-substituted phenyl ring, which might contribute less to activity. To improve the score, I propose combining the amide linkage and aromatic system from the first molecule with a modification to increase binding affinity: replacing the piperidine ring with a morpholine ring (which can improve solubility and hydrogen bonding) and adding a small electron-withdrawing group (like fluorine) on the phenyl ring to enhance interactions. This hybrid approach aims to retain the favorable scaffold of the first molecule while introducing beneficial mutations to improve activity against JNK3.","I have two molecules and their JNK3 scores. The JNK3 score measures a molecular's biological activity against JNK3.


[Cc1ccccc1C(=O)Nc1ccc2c(N3CCCC3)ncnc2c1,0.19]
[O=C(N1CCOCC1)C12C[C@H]3C[C@@H](C1)CC(c1ccc([N+](=O)[O-])cc1)(C3)C2,0.07]Please propose a new molecule that has a higher JNK3 score. You can either make crossover and mutations based on the given molecules or just propose a new molecule based on your knowledge.



Your output should follow the format: {<<<Explaination>>>: $EXPLANATION, <<<Molecule>>>: \box{$Molecule}}. Here are the requirements:

        

1. $EXPLANATION should be your analysis.
2. The $Molecule should be the smiles of your propsosed molecule.
3. The molecule should be valid.
        "
12,20,COc1ccc(C(F)(F)F)cc1C(=O)N(C)Cc1ccc2c(N3CCC3)ncnc2c1,0.12,0.05508333333333335,0.2,0.01,0.05202556796635883,178,False,,"{<<<Explanation>>>: The first molecule has a higher JNK3 score (0.14) compared to the second (0.02), indicating that the scaffold containing the trifluoromethyl-substituted aromatic ring linked to a fused bicyclic heterocycle (likely a purine or similar) is more active. The second molecule is a simpler amide with alkyl and methyl substitutions and shows lower activity. To improve activity, I propose to combine the trifluoromethyl-substituted aromatic ring and amide linkage from the first molecule with the methylated amine substitution from the second molecule to enhance binding and possibly improve pharmacokinetics. Additionally, introducing a small alkyl substitution on the nitrogen of the amide may increase lipophilicity and binding affinity. This hybrid molecule retains the key trifluoromethyl aromatic motif and fused bicyclic heterocycle for activity, while incorporating beneficial substitutions from the second molecule to potentially increase the JNK3 score. 

<<<Molecule>>>: \box{COc1ccc(C(F)(F)F)cc1C(=O)N(C)Cc2ccc3c(N4CCC4)ncnc3c2}}","I have two molecules and their JNK3 scores. The JNK3 score measures a molecular's biological activity against JNK3.


[COc1ccc(C(F)(F)F)cc1C(=O)Nc1ccc2c(N3[CH]CCC3)ncnc2c1,0.14]
[CCSC[C@@H](C)N(C)C(=O)NCc1ccc(C)cc1N(C)C,0.02]Please propose a new molecule that has a higher JNK3 score. You can either make crossover and mutations based on the given molecules or just propose a new molecule based on your knowledge.



Your output should follow the format: {<<<Explaination>>>: $EXPLANATION, <<<Molecule>>>: \box{$Molecule}}. Here are the requirements:

        

1. $EXPLANATION should be your analysis.
2. The $Molecule should be the smiles of your propsosed molecule.
3. The molecule should be valid.
        "
12,21,COc1ccc(CN2CCC(CNC(=O)c3c[nH]nc3-c3ccc(Cl)c([N+](=O)[O-])c3)CC2)cc1,0.11,0.05508333333333335,0.2,0.01,0.05202556796635883,178,False,,"{<<<Explanation>>>: Both given molecules have a JNK3 score of 0.05, indicating relatively low activity. They share some common features: an amide linkage connected to heterocyclic systems and aromatic rings with electron-withdrawing groups (Cl, NO2). To potentially increase JNK3 activity, I propose combining favorable features from both molecules: the pyrazole-based heterocycle from the first molecule and the nitro-substituted chlorinated aromatic ring from the second molecule. Additionally, introducing a methoxy group on the aromatic ring (as in the first molecule) may enhance binding through electronic effects. I also suggest replacing the piperidinium ring (positively charged nitrogen in the first molecule) with a neutral piperidine to reduce potential off-target interactions and improve membrane permeability. This crossover and mutation aim to improve binding affinity and biological activity against JNK3. 

<<<Molecule>>>: \box{COc1ccc(CN2CCC(CNC(=O)c3c[nH]nc3-c3ccc(Cl)c([N+](=O)[O-])c3)CC2)cc1}}}","I have two molecules and their JNK3 scores. The JNK3 score measures a molecular's biological activity against JNK3.


[COc1ccc(C[NH+]2CCC(CNC(=O)c3c[nH]nc3-c3ccc(Cl)cc3)CC2)cc1,0.05]
[Cc1nn(C)cc1CNC(=O)c1ccc(Cn2cc(Cl)c([N+](=O)[O-])n2)cc1,0.05]Please propose a new molecule that has a higher JNK3 score. You can either make crossover and mutations based on the given molecules or just propose a new molecule based on your knowledge.



Your output should follow the format: {<<<Explaination>>>: $EXPLANATION, <<<Molecule>>>: \box{$Molecule}}. Here are the requirements:

        

1. $EXPLANATION should be your analysis.
2. The $Molecule should be the smiles of your propsosed molecule.
3. The molecule should be valid.
        "
12,22,CC(=O)Nc1ccc(NCc2csc(-c3cccc(Cl)c3)n2)c(C(F)(F)F)c1,0.11,0.05508333333333335,0.2,0.01,0.05202556796635883,178,False,,"{<<<Explanation>>>: The first molecule has a JNK3 score of 0.06 and contains a complex bicyclic system with a chlorophenyl-thiazole moiety and fluorinated aromatic rings, suggesting that halogenation and heterocyclic structures contribute to activity. The second molecule has a slightly higher score of 0.08 and features an acetamide linked to a trifluoromethyl-substituted aromatic ring and a fluorobenzyl amine, indicating that electron-withdrawing groups like CF3 and fluorine on aromatic rings may enhance activity. To propose a molecule with a potentially higher JNK3 score, I will combine features from both molecules: retain the acetamide and trifluoromethyl-substituted aromatic ring from the second molecule for potency, and introduce a heterocyclic thiazole ring with a chlorophenyl substituent from the first molecule to enhance binding affinity. Additionally, I will keep fluorine substituents to maintain electron-withdrawing effects. This hybrid molecule is expected to have improved interactions with JNK3, potentially increasing the score beyond 0.08. 

<<<Molecule>>>: \box{CC(=O)Nc1ccc(NCc2csc(n2)C3=CC=CC(Cl)=C3)c(C(F)(F)F)c1}}","I have two molecules and their JNK3 scores. The JNK3 score measures a molecular's biological activity against JNK3.


[COC1=CC(F)=C(NC(=O)C=C2CN(C(=O)NC3=NC=C(CC4=CC=CC(Cl)=C4)S3)C2)C=C1F,0.06]
[CC(=O)Nc1ccc(NCc2ccccc2F)c(C(F)(F)F)c1,0.08]Please propose a new molecule that has a higher JNK3 score. You can either make crossover and mutations based on the given molecules or just propose a new molecule based on your knowledge.



Your output should follow the format: {<<<Explaination>>>: $EXPLANATION, <<<Molecule>>>: \box{$Molecule}}. Here are the requirements:

        

1. $EXPLANATION should be your analysis.
2. The $Molecule should be the smiles of your propsosed molecule.
3. The molecule should be valid.
        "
12,23,COc1ccccc1C(=O)N1CCCC(C(=O)Nc2ccc(-c3ccncc3)cc2)C1,0.1,0.05508333333333335,0.2,0.01,0.05202556796635883,178,False,,"{<<<Explanation>>>: The first molecule has a JNK3 score of 0.12 and features a piperidine ring linked to an amide and a methoxyphenyl group, with an additional amide connected to a biphenyl-pyridine moiety. The second molecule has a higher score of 0.2 and contains a methoxyphenyl group connected via an amide to a fused bicyclic system with a piperidine ring incorporated in the structure. The second molecule’s fused bicyclic system with a nitrogen heterocycle likely contributes to better binding affinity.

To propose a molecule with a potentially higher JNK3 score, I will combine the favorable features of both molecules: the methoxyphenyl amide from the second molecule and the biphenyl-pyridine moiety from the first molecule, while maintaining the piperidine ring that may enhance binding. Specifically, I will design a molecule where the methoxyphenyl amide is connected to a piperidine ring, which is further connected via an amide to the biphenyl-pyridine fragment. This hybrid should retain key pharmacophores and possibly improve activity.

<<<Molecule>>>: \box{COc1ccccc1C(=O)N2CCCC(C(=O)Nc3ccc(-c4ccncc4)cc3)C2}}}","I have two molecules and their JNK3 scores. The JNK3 score measures a molecular's biological activity against JNK3.


[COc1ccc(C(=O)N2CCCC(C(=O)Nc3ccc(-c4ccncc4)cc3)C2)cc1,0.12]
[COc1ccccc1C(=O)Nc1ccc2c(N3CCCC3)ncnc2c1,0.2]Please propose a new molecule that has a higher JNK3 score. You can either make crossover and mutations based on the given molecules or just propose a new molecule based on your knowledge.



Your output should follow the format: {<<<Explaination>>>: $EXPLANATION, <<<Molecule>>>: \box{$Molecule}}. Here are the requirements:

        

1. $EXPLANATION should be your analysis.
2. The $Molecule should be the smiles of your propsosed molecule.
3. The molecule should be valid.
        "
12,24,CCSCC(C)N(C)C(=O)NCc1ccc(Nc2ccccc2OC)cc1N(C)C,0.09,0.05508333333333335,0.2,0.01,0.05202556796635883,178,False,,"Both given molecules have very low JNK3 scores (0.02 and 0.01), indicating weak activity. The first molecule features a peptide-like backbone with an amide linkage and aromatic substitution, while the second has a bicyclic system with a positively charged amine and a bulky tert-butyl ether group. To improve JNK3 activity, it is often beneficial to combine features that enhance binding affinity, such as maintaining the amide linkage for hydrogen bonding and incorporating aromatic or heteroaromatic rings for π-π stacking interactions. Additionally, reducing steric hindrance and optimizing the basic amine groups can improve binding. I propose a molecule that merges the amide backbone and aromatic substitution from the first molecule with a less bulky, more planar bicyclic aromatic system inspired by the second molecule, replacing the bulky tert-butyl group with a simpler methoxy group to reduce steric hindrance and maintain polarity. This hybrid molecule should have improved binding potential and thus a higher JNK3 score.","I have two molecules and their JNK3 scores. The JNK3 score measures a molecular's biological activity against JNK3.


[CCSC[C@@H](C)N(C)C(=O)NCc1ccc(C)cc1N(C)C,0.02]
[CC(C)C[C@H]1C[NH2+]CC[C@@H]1c1cccc2c1OC(C)(C)C2,0.01]Please propose a new molecule that has a higher JNK3 score. You can either make crossover and mutations based on the given molecules or just propose a new molecule based on your knowledge.



Your output should follow the format: {<<<Explaination>>>: $EXPLANATION, <<<Molecule>>>: \box{$Molecule}}. Here are the requirements:

        

1. $EXPLANATION should be your analysis.
2. The $Molecule should be the smiles of your propsosed molecule.
3. The molecule should be valid.
        "
12,25,CC1=CC=C(Cl)C(O[C@H](C)C(=O)NC2=NC(C3=CC=C([C@@H](C)CC4=CC(O)=CC=C4[N+](=O)[O-])C=C3)=CS2)=C1,0.09,0.05508333333333335,0.2,0.01,0.05202556796635883,178,False,,Fallback to genetic operations due to LLM error: ,"Fallback genetic operation for parents: ['CC(=O)N[C@H](C)C1=CC=C(C2=CSC(NC(=O)[C@@H](C)OC3=CC(C)=CC=C3Cl)=N2)C=C1', 'O=C(NC[C@H]1CCC[NH+](CC2=CC(O)=CC=C2[N+](=O)[O-])C1)C1=CC=CC=C1']"
12,26,Cc1ccc(Cl)c(OC(C)C(=O)Nc2cccs2)c1-c1ccc(C(C)Cc2cc(O)ccc2[N+](=O)[O-])cc1,0.09,0.05508333333333335,0.2,0.01,0.05202556796635883,178,False,,"The first molecule has a higher JNK3 score (0.09) compared to the second (0.02), indicating that its structural features contribute more effectively to JNK3 activity. Key features in the first molecule include a chlorophenyl group, a chiral center with an amide linkage to a thiazole ring, and a nitrophenol moiety, which may contribute to binding affinity through hydrogen bonding and electronic effects. The second molecule has a methoxy-thiophene core with a bulky tert-butyl group and a chiral alcohol, but lower activity.

To design a molecule with potentially higher JNK3 activity, I propose combining the chlorophenyl and nitrophenol features from the first molecule with the thiophene core from the second molecule, which may enhance binding through aromatic and heterocyclic interactions. Additionally, I will retain the amide linkage and chiral center to preserve key interactions. I will replace the bulky tert-butyl group with a smaller isopropyl group to reduce steric hindrance and potentially improve fit in the binding site.

This hybrid molecule aims to integrate favorable features from both molecules to increase JNK3 activity.","I have two molecules and their JNK3 scores. The JNK3 score measures a molecular's biological activity against JNK3.


[CC1=CC=C(Cl)C(O[C@H](C)C(=O)NC2=NC(C3=CC=C([C@@H](C)CC4=CC(O)=CC=C4[N+](=O)[O-])C=C3)=CS2)=C1,0.09]
[COc1cc(-c2ccccc2)sc1C(=O)NC[C@@H](O)C(C)(C)C,0.02]Please propose a new molecule that has a higher JNK3 score. You can either make crossover and mutations based on the given molecules or just propose a new molecule based on your knowledge.



Your output should follow the format: {<<<Explaination>>>: $EXPLANATION, <<<Molecule>>>: \box{$Molecule}}. Here are the requirements:

        

1. $EXPLANATION should be your analysis.
2. The $Molecule should be the smiles of your propsosed molecule.
3. The molecule should be valid.
        "
12,27,Cc1ccccc1C(=O)NNc1ccc2c(N3CCCO3)ncnc2c1,0.09,0.05508333333333335,0.2,0.01,0.05202556796635883,178,False,,"{<<<Explanation>>>: The first molecule has a higher JNK3 score (0.19) compared to the second (0.03), indicating that the core structure of the first molecule is more favorable for JNK3 activity. The first molecule features a benzamide linked to a fused bicyclic system containing a nitrogen heterocycle and a piperidine ring, which likely contributes to binding affinity. The second molecule has a morpholine ring and a hydrazide group, which may not be as effective.

To propose a molecule with potentially higher JNK3 activity, I will combine the favorable benzamide and bicyclic heterocycle core from the first molecule with a modification inspired by the second molecule's morpholine ring, replacing the piperidine ring in the first molecule with a morpholine ring to improve solubility and possibly binding interactions. Additionally, I will replace the amide NH with a hydrazide (C(=O)NN) group from the second molecule, which might enhance hydrogen bonding and activity.

This hybrid molecule keeps the key bicyclic heterocycle and benzamide core from the first molecule but introduces the hydrazide and morpholine features from the second molecule, potentially increasing JNK3 activity beyond 0.19.

<<<Molecule>>>: \box{Cc1ccccc1C(=O)NNc1ccc2c(n3OCCC3)ncnc2c1}}","I have two molecules and their JNK3 scores. The JNK3 score measures a molecular's biological activity against JNK3.


[Cc1ccccc1C(=O)Nc1ccc2c(N3CCCC3)ncnc2c1,0.19]
[C[C@@H]1COCCN1Cc1ccc(C(=O)NN)cn1,0.03]Please propose a new molecule that has a higher JNK3 score. You can either make crossover and mutations based on the given molecules or just propose a new molecule based on your knowledge.



Your output should follow the format: {<<<Explaination>>>: $EXPLANATION, <<<Molecule>>>: \box{$Molecule}}. Here are the requirements:

        

1. $EXPLANATION should be your analysis.
2. The $Molecule should be the smiles of your propsosed molecule.
3. The molecule should be valid.
        "
12,28,CS[C@@H](C)C1=CC=C2C(=C1)N=CN=C2N1CCCC1,0.09,0.05508333333333335,0.2,0.01,0.05202556796635883,178,False,,Fallback to genetic operations due to LLM error: ,"Fallback genetic operation for parents: ['CS[C@@H](C)C1=CC(NC(=O)C2=CN(C)N=C2NC(=O)NCC2=CC=CC3=CC=CN=C32)=CC=C1', 'CC1=CC=C(O)C=C1C(=O)NC1=CC=C2C(=C1)N=CN=C2N1CCCC1']"
12,29,CC(=O)N(C)c1ccc(NCc2csc(-c3cccc(Cl)c3)n2)c(C(F)(F)F)c1,0.09,0.05508333333333335,0.2,0.01,0.05202556796635883,178,False,,"{<<<Explanation>>>: The first molecule has a higher JNK3 score (0.11) compared to the second (0.01), indicating that the acetamide-substituted aromatic system with a trifluoromethyl group and a chlorophenyl-thiazole moiety contributes positively to activity. The second molecule is a peptide-like structure with low activity. To improve the JNK3 score, I propose to retain the key pharmacophore features from the first molecule—namely, the acetamide group, the trifluoromethyl-substituted aromatic ring, and the chlorophenyl-thiazole moiety—but introduce a small modification to enhance binding, such as replacing the acetamide NH with a methylated amide (N-methylacetamide) to potentially improve metabolic stability and binding affinity. This mutation keeps the core scaffold intact but may improve activity. 

<<<Molecule>>>: \box{CC(=O)N(C)c1ccc(NCc2csc(-c3cccc(Cl)c3)n2)c(C(F)(F)F)c1}}","I have two molecules and their JNK3 scores. The JNK3 score measures a molecular's biological activity against JNK3.


[CC(=O)Nc1ccc(NCc2csc(-c3cccc(Cl)c3)n2)c(C(F)(F)F)c1,0.11]
[CSCC[C@H](NC(=O)N[C@@H]1CCCCC1(C)C)C(=O)[O-],0.01]Please propose a new molecule that has a higher JNK3 score. You can either make crossover and mutations based on the given molecules or just propose a new molecule based on your knowledge.



Your output should follow the format: {<<<Explaination>>>: $EXPLANATION, <<<Molecule>>>: \box{$Molecule}}. Here are the requirements:

        

1. $EXPLANATION should be your analysis.
2. The $Molecule should be the smiles of your propsosed molecule.
3. The molecule should be valid.
        "
12,30,CC(=O)Nc1ccc(NCc2ccccc2F)c(C(F)(F)F)c1,0.08,0.05508333333333335,0.2,0.01,0.05202556796635883,178,False,,,
12,31,CC(=O)Nc1ccc(NCC2COC(N)C2C)c(C(F)(F)F)c1,0.08,0.05508333333333335,0.2,0.01,0.05202556796635883,178,False,,"{<<<Explanation>>>: The first molecule has a higher JNK3 score (0.11) compared to the second (0.01), indicating that the acetamide-substituted aromatic ring with a trifluoromethyl group and a thiazole linked to a chlorophenyl group contributes positively to activity. The second molecule, a chiral tetrahydrofuran with a methoxy-fluoro-substituted phenyl, shows low activity. To improve activity, I propose combining the acetamide and trifluoromethyl-substituted aromatic system from the first molecule with the tetrahydrofuran ring from the second molecule, replacing the thiazole-chlorophenyl moiety with the tetrahydrofuran ring to potentially enhance binding and solubility. This hybrid molecule maintains key pharmacophores from the first molecule while introducing the tetrahydrofuran ring to improve interactions and possibly increase the JNK3 score. 

<<<Molecule>>>: \box{CC(=O)Nc1ccc(NCC2CO[C@@H]([C@@H]2C)N)c(C(F)(F)F)c1}}","I have two molecules and their JNK3 scores. The JNK3 score measures a molecular's biological activity against JNK3.


[CC(=O)Nc1ccc(NCc2csc(-c3cccc(Cl)c3)n2)c(C(F)(F)F)c1,0.11]
[CCC[C@@H]1C[C@@H](Nc2cc(OC)ccc2F)CCO1,0.01]Please propose a new molecule that has a higher JNK3 score. You can either make crossover and mutations based on the given molecules or just propose a new molecule based on your knowledge.



Your output should follow the format: {<<<Explaination>>>: $EXPLANATION, <<<Molecule>>>: \box{$Molecule}}. Here are the requirements:

        

1. $EXPLANATION should be your analysis.
2. The $Molecule should be the smiles of your propsosed molecule.
3. The molecule should be valid.
        "
12,32,O=C(N1CCOCC1)C12C[C@H]3C[C@@H](C1)CC(c1ccc([N+](=O)[O-])cc1)(C3)C2,0.07,0.05508333333333335,0.2,0.01,0.05202556796635883,178,False,,,
12,33,O=C(NCC1CCC[NH+](Cc2cc(O)ccc2[N+](=O)[O-])C1)Nc1ccc(Cn2cc(Cl)c([N+](=O)[O-])n2)cc1,0.07,0.05508333333333335,0.2,0.01,0.05202556796635883,178,False,,"{<<<Explanation>>>: Both given molecules have low JNK3 scores (0.05), indicating weak activity. To improve activity, we can combine favorable features from both molecules. The first molecule has a chiral piperidine ring linked to a phenol substituted with a nitro group, while the second molecule contains a pyrazole ring with a nitro and chloro substitution and an amide linkage to a methylated pyrazole. Nitro groups and halogens often enhance binding affinity through electronic effects and interactions with the kinase active site. To propose a molecule with potentially higher JNK3 activity, I suggest a hybrid structure that retains the piperidine ring from the first molecule (important for conformational rigidity and binding) and incorporates the pyrazole ring with chloro and nitro substituents from the second molecule, connected via an amide linker to a phenyl ring. This design aims to combine the key pharmacophores and improve binding interactions with JNK3. The proposed molecule is: O=C(NC[C@H]1CCC[NH+](Cc2cc(O)ccc2[N+](=O)[O-])C1)Nc3ccc(Cn4cc(Cl)c([N+](=O)[O-])n4)cc3. This molecule is valid and merges the structural motifs that may enhance JNK3 inhibition. , <<<Molecule>>>: \box{O=C(NC[C@H]1CCC[NH+](Cc2cc(O)ccc2[N+](=O)[O-])C1)Nc3ccc(Cn4cc(Cl)c([N+](=O)[O-])n4)cc3}}","I have two molecules and their JNK3 scores. The JNK3 score measures a molecular's biological activity against JNK3.


[O=C(NC[C@H]1CCC[NH+](Cc2cc(O)ccc2[N+](=O)[O-])C1)c1ccccc1,0.05]
[Cc1nn(C)cc1CNC(=O)c1ccc(Cn2cc(Cl)c([N+](=O)[O-])n2)cc1,0.05]Please propose a new molecule that has a higher JNK3 score. You can either make crossover and mutations based on the given molecules or just propose a new molecule based on your knowledge.



Your output should follow the format: {<<<Explaination>>>: $EXPLANATION, <<<Molecule>>>: \box{$Molecule}}. Here are the requirements:

        

1. $EXPLANATION should be your analysis.
2. The $Molecule should be the smiles of your propsosed molecule.
3. The molecule should be valid.
        "
12,34,Cc1nonc1CC(=O)N1CCC[C@H](C(=O)Nc2ccc(-c3ccn[nH]3)cc2)C1,0.06,0.05508333333333335,0.2,0.01,0.05202556796635883,178,False,,,
12,35,Fc1ccc2oc(C[NH2+]C[C@@H]3CN4CCCC[C@@H]4CO3)cc2c1,0.06,0.05508333333333335,0.2,0.01,0.05202556796635883,178,False,,,
12,36,Cc1ccc([C@H](C)NC(=O)N[C@H]2CC(=O)N(C3CC3)C2)cc1[N+](=O)[O-],0.06,0.05508333333333335,0.2,0.01,0.05202556796635883,178,False,,,
12,37,COc1nc(N[C@@H]2C[NH+]3CCC2CC3)ccc1N,0.06,0.05508333333333335,0.2,0.01,0.05202556796635883,178,False,,,
12,38,COC1=CC(F)=C(NC(=O)C=C2CN(C(=O)NC3=NC=C(CC4=CC=CC(Cl)=C4)S3)C2)C=C1F,0.06,0.05508333333333335,0.2,0.01,0.05202556796635883,178,False,,Fallback to genetic operations due to LLM error: ,"Fallback genetic operation for parents: ['COC1=CC(F)=C(NC(=O)C=C2CN(C(=O)NC3=NC=NC4=C3CCC4)C2)C=C1F', 'C[NH+]1CCC(NC(=O)NC2=NC=C(CC3=CC=CC(Cl)=C3)S2)CC1']"
12,39,COc1ccc(CNC(=O)c2cc(OC)c(OC)cc2[N+](=O)[O-])cn1,0.05,0.05508333333333335,0.2,0.01,0.05202556796635883,178,False,,,
12,40,CS[C@@H](C)C1=CC=CC(NC(=O)C2=CN(C)N=C2C2=CC=CC=C2)=C1,0.05,0.05508333333333335,0.2,0.01,0.05202556796635883,178,False,,,
12,41,CC1=NN(C)C=C1CNC(=O)C1=CC=C(CN2C=C(Cl)C([N+](=O)[O-])=N2)C=C1,0.05,0.05508333333333335,0.2,0.01,0.05202556796635883,178,False,,,
12,42,COc1ccc(C[NH+]2CCC(CNC(=O)c3c[nH]nc3-c3ccc(Cl)cc3)CC2)cc1,0.05,0.05508333333333335,0.2,0.01,0.05202556796635883,178,False,,,
12,43,O=C(NC[C@H]1CCC[NH+](CC2=CC(O)=CC=C2[N+](=O)[O-])C1)C1=CC=CC=C1,0.05,0.05508333333333335,0.2,0.01,0.05202556796635883,178,False,,,
12,44,Cc1ccccc1C(=O)Nc1ccc2c(N3CCCC3)ncnc2c1-c1cc(Cl)cc(Cl)c1,0.05,0.05508333333333335,0.2,0.01,0.05202556796635883,178,False,,"The first molecule has a very low JNK3 score (0.02), while the second molecule has a higher score (0.19). The second molecule contains a fused bicyclic system with a purine-like scaffold and a piperidine ring, which might contribute to better binding affinity. The first molecule has a different scaffold with a bicyclic lactam and dichlorophenyl group but lower activity. To design a molecule with potentially higher JNK3 activity, I propose combining the purine-like bicyclic core and the piperidine ring from the second molecule with the dichlorophenyl substituent from the first molecule, as halogenated aromatic rings often enhance binding through hydrophobic and halogen bonding interactions. Additionally, I will keep the amide linkage to maintain hydrogen bonding potential. This hybrid molecule might improve binding affinity and thus increase the JNK3 score.","I have two molecules and their JNK3 scores. The JNK3 score measures a molecular's biological activity against JNK3.


[C=C(C)CN(C)C(=O)CN1CC2=C(C1=O)[C@@H](c1ccc(Cl)cc1Cl)NC(=O)N2CC,0.02]
[Cc1ccccc1C(=O)Nc1ccc2c(N3CCCC3)ncnc2c1,0.19]Please propose a new molecule that has a higher JNK3 score. You can either make crossover and mutations based on the given molecules or just propose a new molecule based on your knowledge.



Your output should follow the format: {<<<Explaination>>>: $EXPLANATION, <<<Molecule>>>: \box{$Molecule}}. Here are the requirements:

        

1. $EXPLANATION should be your analysis.
2. The $Molecule should be the smiles of your propsosed molecule.
3. The molecule should be valid.
        "
12,45,CSC(C)c1ccc(NC(=O)c2cn(C)nc2-c2ccccc2)cc1F,0.05,0.05508333333333335,0.2,0.01,0.05202556796635883,178,False,,"{<<<Explanation>>>: The first molecule has a higher JNK3 score (0.05) compared to the second (0.01), indicating that the scaffold with the substituted aniline linked to a methylated purine-like heterocycle is more active. The second molecule contains a thiosemicarbazide moiety attached to a hydroxy-biphenyl system with a fluorophenyl amide, which shows lower activity. To improve activity, I propose combining the key features of the first molecule (the aniline-purine amide scaffold) with a fluorine substituent on the phenyl ring to potentially enhance binding affinity and metabolic stability. Introducing a fluorine on the phenyl ring of the first molecule may increase lipophilicity and binding interactions, potentially increasing the JNK3 score. This is a mutation of the first molecule by adding a fluorine substituent on the phenyl ring para to the amide linkage.

<<<Molecule>>>: \box{CS[C@@H](C)C1=CC=C(C=C1F)NC(=O)C2=CN(C)N=C2C3=CC=CC=C3}}","I have two molecules and their JNK3 scores. The JNK3 score measures a molecular's biological activity against JNK3.


[CS[C@@H](C)C1=CC=CC(NC(=O)C2=CN(C)N=C2C2=CC=CC=C2)=C1,0.05]
[O=C(NC(=S)Nc1c(O)ccc2ccccc12)c1cccc(F)c1,0.01]Please propose a new molecule that has a higher JNK3 score. You can either make crossover and mutations based on the given molecules or just propose a new molecule based on your knowledge.



Your output should follow the format: {<<<Explaination>>>: $EXPLANATION, <<<Molecule>>>: \box{$Molecule}}. Here are the requirements:

        

1. $EXPLANATION should be your analysis.
2. The $Molecule should be the smiles of your propsosed molecule.
3. The molecule should be valid.
        "
12,46,COc1ccccc1C(=O)Nc1ccc2c(N3CCCN3)ncnc2c1C(=O)NC1=NC=C(Cc2cccc(Cl)c2)[SH]1F,0.05,0.05508333333333335,0.2,0.01,0.05202556796635883,178,False,,"The first molecule has a JNK3 score of 0.06 and features a fluorinated aromatic ring with an amide-linked heterocyclic system containing a thiazole ring and a chlorophenyl substituent. The second molecule has a higher score of 0.15 and contains a methoxyphenyl group linked via an amide to a fused bicyclic purine-like system with a piperidine ring. To design a molecule with a potentially higher JNK3 score, I propose combining the favorable features of both molecules: the methoxyphenyl amide moiety from the second molecule, which may enhance binding affinity, and the heterocyclic system from the first molecule that includes the thiazole and chlorophenyl substituent, which might contribute to specificity and potency. Additionally, I will introduce a fluorine atom on the phenyl ring to potentially improve metabolic stability and binding interactions. This hybrid molecule aims to leverage the higher activity scaffold of the second molecule while incorporating the heterocyclic complexity and halogenation of the first, potentially resulting in improved JNK3 inhibition.","I have two molecules and their JNK3 scores. The JNK3 score measures a molecular's biological activity against JNK3.


[COC1=CC(F)=C(NC(=O)C=C2CN(C(=O)NC3=NC=C(CC4=CC=CC(Cl)=C4)S3)C2)C=C1F,0.06]
[COc1ccccc1C(=O)Nc1ccc2c(N3[CH]CCC3)ncnc2c1,0.15]Please propose a new molecule that has a higher JNK3 score. You can either make crossover and mutations based on the given molecules or just propose a new molecule based on your knowledge.



Your output should follow the format: {<<<Explaination>>>: $EXPLANATION, <<<Molecule>>>: \box{$Molecule}}. Here are the requirements:

        

1. $EXPLANATION should be your analysis.
2. The $Molecule should be the smiles of your propsosed molecule.
3. The molecule should be valid.
        "
12,47,COc1ccccc1Nc1ccc(CNC(=O)NC(C)C2=CC=C(CCC(=O)NCc3ccc(Cl)cc3)SN=C2)cc1,0.05,0.05508333333333335,0.2,0.01,0.05202556796635883,178,False,,"The first molecule has a very low JNK3 score (0.01), indicating weak activity, while the second molecule has a higher score (0.18), suggesting better activity. The second molecule contains a methoxyphenyl group and a fused heterocyclic system with a piperidine ring, which might contribute to better binding affinity. To improve the JNK3 score further, I propose combining the amide linkage and the chlorophenyl moiety from the first molecule (which might enhance binding through hydrophobic or halogen interactions) with the heterocyclic core and methoxyphenyl group from the second molecule. Additionally, introducing a small alkyl substitution (like isopropyl) on the amide nitrogen could improve lipophilicity and binding. This hybrid molecule aims to retain key pharmacophores from both molecules to enhance activity against JNK3.","I have two molecules and their JNK3 scores. The JNK3 score measures a molecular's biological activity against JNK3.


[CC(C)C(=O)Nc1nc2ccc(CCC(=O)NCc3ccccc3Cl)cc2s1,0.01]
[COC1=CC=CC=C1NC1=CC=C(CNC(=O)NC2=CC=C3C(=C2)N=CN=C3N2CCCC2)C=C1,0.18]Please propose a new molecule that has a higher JNK3 score. You can either make crossover and mutations based on the given molecules or just propose a new molecule based on your knowledge.



Your output should follow the format: {<<<Explaination>>>: $EXPLANATION, <<<Molecule>>>: \box{$Molecule}}. Here are the requirements:

        

1. $EXPLANATION should be your analysis.
2. The $Molecule should be the smiles of your propsosed molecule.
3. The molecule should be valid.
        "
12,48,CC1=CC=C(NC(=O)CN2C(=O)S/C(=C/C3=C(F)C=CC=C3Cl)C2=O)C=C1,0.04,0.05508333333333335,0.2,0.01,0.05202556796635883,178,False,,,
12,49,C[C@H](NC(=O)NCC1=CC=CC2=CC=CN=C21)C1=CN(C)N=C1,0.04,0.05508333333333335,0.2,0.01,0.05202556796635883,178,False,,,
12,50,CC(=O)c1ccc(N[C@H]2CC(=O)N(CC(F)(F)F)C2)c([N+](=O)[O-])c1,0.04,0.05508333333333335,0.2,0.01,0.05202556796635883,178,False,,,
12,51,CC1=CN=C(C[NH+](C)CCCC2=NNC(C3=CC=C(F)C=C3)=C2)O1,0.04,0.05508333333333335,0.2,0.01,0.05202556796635883,178,False,,,
12,52,CC(=O)N[C@H](C)C1=CC=C(C2=CSC(NC(=O)[C@@H](C)OC3=CC(C)=CC=C3Cl)=N2)C=C1,0.04,0.05508333333333335,0.2,0.01,0.05202556796635883,178,False,,,
12,53,CC(C)N1C=CC(CCNCC2=CN=C(C3=CSC=C3)S2)=N1,0.04,0.05508333333333335,0.2,0.01,0.05202556796635883,178,False,,,
12,54,CS[C@@H](C)C1=CC(NC(=O)C2=CN(C)N=C2NC(=O)NCC2=CC=CC3=CC=CN=C32)=CC=C1,0.04,0.05508333333333335,0.2,0.01,0.05202556796635883,178,False,,Fallback to genetic operations due to LLM error: ,"Fallback genetic operation for parents: ['CS[C@@H](C)C1=CC=CC(NC(=O)C2=CN(C)N=C2C2=CC=CC=C2)=C1', 'C[C@H](NC(=O)NCC1=CC=CC2=CC=CN=C21)C1=CN(C)N=C1']"
12,55,Cc1ccc(C(C)NC(=O)N2[CH]OCC2)c([N+](=O)[O-])c1,0.04,0.05508333333333335,0.2,0.01,0.05202556796635883,178,False,,"Both given molecules have relatively low JNK3 scores (0.06 and 0.02), indicating modest activity. The first molecule features a nitro-substituted phenyl ring linked to a chiral amide-containing bicyclic lactam, while the second has a methoxy-substituted bicyclic ether with an amide linked to a substituted phenyl ring. To potentially increase JNK3 activity, I propose combining favorable features: the nitro group from the first molecule (which can enhance binding through electronic effects) and the bicyclic ether scaffold from the second molecule (which may provide conformational rigidity and better fit in the binding site). Additionally, replacing the acetyl group on the phenyl ring with a less electron-withdrawing methyl group might improve binding affinity by modulating electronic properties. This hybrid molecule maintains key hydrogen bonding capabilities and introduces structural elements that could enhance interaction with JNK3, potentially leading to a higher score.","I have two molecules and their JNK3 scores. The JNK3 score measures a molecular's biological activity against JNK3.


[Cc1ccc([C@H](C)NC(=O)N[C@H]2CC(=O)N(C3CC3)C2)cc1[N+](=O)[O-],0.06]
[COc1ccc2c(c1)C[C@@H](C(=O)Nc1ccc(C(C)=O)c(C)c1)CO2,0.02]Please propose a new molecule that has a higher JNK3 score. You can either make crossover and mutations based on the given molecules or just propose a new molecule based on your knowledge.



Your output should follow the format: {<<<Explaination>>>: $EXPLANATION, <<<Molecule>>>: \box{$Molecule}}. Here are the requirements:

        

1. $EXPLANATION should be your analysis.
2. The $Molecule should be the smiles of your propsosed molecule.
3. The molecule should be valid.
        "
12,56,[NH3+]C[C@H](CO)CC1=CC(Br)=CC(NC(=O)CS[C@H]2CCCC3=C2C=CC=C3)=C1,0.04,0.05508333333333335,0.2,0.01,0.05202556796635883,178,False,,Fallback to genetic operations due to LLM error: ,"Fallback genetic operation for parents: ['CC1=NN(C)C(C)=C1NC(=O)CS[C@H]1CCCC2=CC=CC=C21', '[NH3+]C[C@H](CO)CC1=CC(F)=CC(Br)=C1']"
12,57,CC(=O)NC1=CC=C(Cl)C1C1=CC=NC=C1,0.04,0.05508333333333335,0.2,0.01,0.05202556796635883,178,False,,Fallback to genetic operations due to LLM error: ,"Fallback genetic operation for parents: ['CC(=O)NC1=CC=C(NC(=O)C2=NC(Cl)=CC=C2Cl)C=C1C1=CC=NC=C1', 'C=C(C)CN(C)C(=O)CN1CC2=C(C1=O)[C@@H](C1=CC=C(Cl)C=C1Cl)NC(=O)N2CC']"
12,58,Cc1cc(F)ccc1C(=O)N1CCOCC1CNC(=O)c1c[nH]nc1-c1ccc(Cl)cc1,0.04,0.05508333333333335,0.2,0.01,0.05202556796635883,178,False,,"The first molecule has a JNK3 score of 0.05 and contains a methoxyphenyl group linked to a piperidinium ring with a substituted pyrazole and chlorophenyl moiety. The second molecule has a higher score of 0.12 and features a fluoromethylphenyl amide linked to a fused bicyclic system with a morpholine substituent. To design a molecule with a potentially higher JNK3 score, I propose combining favorable features from both molecules: the fluoromethylphenyl amide group from the second molecule (which may enhance binding through hydrogen bonding and hydrophobic interactions) and the pyrazole-chlorophenyl moiety from the first molecule (which may contribute to specificity and potency). Additionally, replacing the piperidinium ring with a morpholine ring (as in the second molecule) could improve solubility and binding. Thus, the proposed molecule is a fluoromethylphenyl amide linked to a morpholine ring, which is further connected via an amide bond to a pyrazole ring substituted with a chlorophenyl group. This hybrid design aims to combine the beneficial structural motifs to increase biological activity against JNK3.","I have two molecules and their JNK3 scores. The JNK3 score measures a molecular's biological activity against JNK3.


[COc1ccc(C[NH+]2CCC(CNC(=O)c3c[nH]nc3-c3ccc(Cl)cc3)CC2)cc1,0.05]
[Cc1cc(F)ccc1C(=O)Nc1ccc2c(N3CCOCC3)ncnc2c1,0.12]Please propose a new molecule that has a higher JNK3 score. You can either make crossover and mutations based on the given molecules or just propose a new molecule based on your knowledge.



Your output should follow the format: {<<<Explaination>>>: $EXPLANATION, <<<Molecule>>>: \box{$Molecule}}. Here are the requirements:

        

1. $EXPLANATION should be your analysis.
2. The $Molecule should be the smiles of your propsosed molecule.
3. The molecule should be valid.
        "
12,59,CSC(C)c1cccc(NC(=O)c2ncnc3c2ncn3S(=O)(=O)c2ccccc2)c1,0.04,0.05508333333333335,0.2,0.01,0.05202556796635883,178,False,,"{<<<Explanation>>>: The first molecule is a sulfonyl-containing aromatic compound with a low JNK3 score of 0.01, and the second molecule is a chiral thioether linked to a substituted aniline and a heterocyclic amide with a slightly higher score of 0.05. To improve the JNK3 activity, I propose combining features from both molecules: retaining the thioether and chiral center from the second molecule, which may contribute to binding specificity, and introducing a sulfonyl group similar to the first molecule to enhance interactions with the kinase active site. Additionally, I will replace the chlorinated phenyl ester in the first molecule with a heteroaromatic ring to improve binding affinity and solubility. The proposed molecule includes a chiral thioether linked to a phenyl ring bearing a sulfonyl group and an amide linked to a purine-like heterocycle, which is known to interact well with kinases. This hybrid design aims to increase the JNK3 score beyond 0.05. <<<Molecule>>>: \box{CS[C@@H](C)C1=CC=CC(NC(=O)C2=NC=NC3=C2N=CN3S(=O)(=O)C4=CC=CC=C4)=C1}}","I have two molecules and their JNK3 scores. The JNK3 score measures a molecular's biological activity against JNK3.


[Cc1ccc(S(=O)(=O)CCC(=O)Oc2ccc(Cl)cc2Cl)cc1,0.01]
[CS[C@@H](C)C1=CC=CC(NC(=O)C2=CN(C)N=C2C2=CC=CC=C2)=C1,0.05]Please propose a new molecule that has a higher JNK3 score. You can either make crossover and mutations based on the given molecules or just propose a new molecule based on your knowledge.



Your output should follow the format: {<<<Explaination>>>: $EXPLANATION, <<<Molecule>>>: \box{$Molecule}}. Here are the requirements:

        

1. $EXPLANATION should be your analysis.
2. The $Molecule should be the smiles of your propsosed molecule.
3. The molecule should be valid.
        "
12,60,C[C@H]([NH2+][C@H]1CCOC1)c1ccnc(Cl)c1,0.03,0.05508333333333335,0.2,0.01,0.05202556796635883,178,False,,,
12,61,COc1cc(-c2noc(C3C[C@@H](C)O[C@@H](C)C3)n2)ccn1,0.03,0.05508333333333335,0.2,0.01,0.05202556796635883,178,False,,,
12,62,COc1cc(C)c(CN2CCN(C(=O)c3ccc(N4CCCCC4)c([N+](=O)[O-])c3)CC2)cc1OC,0.03,0.05508333333333335,0.2,0.01,0.05202556796635883,178,False,,,
12,63,Cc1ccc2nc(N3CCC(C(=O)NCC(C)(C)CO)CC3)nc(C)c2c1,0.03,0.05508333333333335,0.2,0.01,0.05202556796635883,178,False,,,
12,64,C[C@@H]1COCCN1Cc1ccc(C(=O)NN)cn1,0.03,0.05508333333333335,0.2,0.01,0.05202556796635883,178,False,,,
12,65,[NH3+]C[C@H](CO)CC1=CC(F)=CC(Br)=C1,0.03,0.05508333333333335,0.2,0.01,0.05202556796635883,178,False,,,
12,66,C[C@@H](CO)CSC[C@@H]([NH3+])C1=CC=C2OCCCOC2=C1,0.03,0.05508333333333335,0.2,0.01,0.05202556796635883,178,False,,,
12,67,Cc1ccc(-c2ncco2)cc1NC(=O)c1nc(Cl)ccc1Cl,0.03,0.05508333333333335,0.2,0.01,0.05202556796635883,178,False,,,
12,68,O=C(Nc1ccc2c(c1)CCO2)N1CCC[C@H]1c1nc2ccccc2[nH]1,0.03,0.05508333333333335,0.2,0.01,0.05202556796635883,178,False,,,
12,69,N#CCc1ccc2[nH]ccc2n1,0.03,0.05508333333333335,0.2,0.01,0.05202556796635883,178,False,,,
12,70,COC1=CC(F)=C(NC(=O)C=C2CN(C(=O)NC3=NC=NC4=C3CCC4)C2)C=C1F,0.03,0.05508333333333335,0.2,0.01,0.05202556796635883,178,False,,,
12,71,CC(=O)NC1=CC=C(NC(=O)C2=NC(Cl)=CC=C2Cl)C=C1C1=CC=NC=C1,0.03,0.05508333333333335,0.2,0.01,0.05202556796635883,178,False,,,
12,72,COC1=CC=CC=C1C(=O)NC1=CC=C(C2=NN(C)C=C2C(=O)NC2=CC=CC([C@H](C)SC)=C2)C1,0.03,0.05508333333333335,0.2,0.01,0.05202556796635883,178,False,,Fallback to genetic operations due to LLM error: ,"Fallback genetic operation for parents: ['COC1=CC=CC=C1C(=O)NC1=CC=C2C(=C1)N=CN=C2N1[CH]CCC1', 'CS[C@@H](C)C1=CC=CC(NC(=O)C2=CN(C)N=C2C2=CC=CC=C2)=C1']"
12,73,CC1=CN=C(C[NH+](C)CCCC2=NNC(CN3C=C(Cl)C([N+](=O)[O-])=N3)=C2)O1,0.03,0.05508333333333335,0.2,0.01,0.05202556796635883,178,False,,Fallback to genetic operations due to LLM error: ,"Fallback genetic operation for parents: ['CC1=NN(C)C=C1CNC(=O)C1=CC=C(CN2C=C(Cl)C([N+](=O)[O-])=N2)C=C1', 'CC1=CN=C(C[NH+](C)CCCC2=NNC(C3=CC=C(F)C=C3)=C2)O1']"
12,74,CC1C(CNc2ccc(NS(C)(=O)=O)cc2C#N)COC1N,0.03,0.05508333333333335,0.2,0.01,0.05202556796635883,178,False,,"{<<<Explanation>>>: Both given molecules are identical, with a JNK3 score of 0.08, indicating relatively low activity. The structure features an acetamide group (CC(=O)N-) attached to a phenyl ring substituted with a trifluoromethyl group (C(F)(F)F) and a side chain containing a morpholine-like ring (COC(N)C). To improve JNK3 activity, modifications known to enhance kinase inhibition can be considered. For example, introducing a hydrogen bond donor or acceptor to better interact with the kinase hinge region, or adding a heterocyclic moiety known to improve binding affinity. 

One common strategy is to replace the acetamide group with a urea or sulfonamide, which can form stronger hydrogen bonds. Also, replacing the trifluoromethyl group with a cyano group (–CN) can sometimes improve binding by acting as a hydrogen bond acceptor. Additionally, extending the side chain to include a pyrrolidine or piperazine ring can improve solubility and binding.

Therefore, I propose replacing the acetamide with a sulfonamide (–SO2NH–) and the trifluoromethyl group with a cyano group, while keeping the morpholine-like ring to maintain the original scaffold. This modification is expected to increase hydrogen bonding and improve JNK3 binding affinity, thus increasing the JNK3 score.

<<<Molecule>>>: \box{CS(=O)(=O)Nc1ccc(NCC2COC(N)C2C)c(C#N)c1}}","I have two molecules and their JNK3 scores. The JNK3 score measures a molecular's biological activity against JNK3.


[CC(=O)Nc1ccc(NCC2COC(N)C2C)c(C(F)(F)F)c1,0.08]
[CC(=O)Nc1ccc(NCC2COC(N)C2C)c(C(F)(F)F)c1,0.08]Please propose a new molecule that has a higher JNK3 score. You can either make crossover and mutations based on the given molecules or just propose a new molecule based on your knowledge.



Your output should follow the format: {<<<Explaination>>>: $EXPLANATION, <<<Molecule>>>: \box{$Molecule}}. Here are the requirements:

        

1. $EXPLANATION should be your analysis.
2. The $Molecule should be the smiles of your propsosed molecule.
3. The molecule should be valid.
        "
12,75,CCCCO[C@@H]1C[C@H](NC(=O)c2occc2Br)C1(C)C,0.02,0.05508333333333335,0.2,0.01,0.05202556796635883,178,False,,,
12,76,NC(=O)c1cccc(CNC(=O)CSc2nc3ccccc3o2)c1,0.02,0.05508333333333335,0.2,0.01,0.05202556796635883,178,False,,,
12,77,CCC[C@@H](C(=O)N1CCN(CC(=O)NC2=C(C)C=CC=C2C)CC1)C1=CC=CC=C1,0.02,0.05508333333333335,0.2,0.01,0.05202556796635883,178,False,,,
12,78,COc1ccc([C@H](NC(=O)c2ccc3nccnc3c2)C2CCOCC2)cc1,0.02,0.05508333333333335,0.2,0.01,0.05202556796635883,178,False,,,
12,79,COc1cc(-c2ccccc2)sc1C(=O)NC[C@@H](O)C(C)(C)C,0.02,0.05508333333333335,0.2,0.01,0.05202556796635883,178,False,,,
12,80,Cc1nn(C)cc1CN1C[C@H](CO)OC[C@@H]1C,0.02,0.05508333333333335,0.2,0.01,0.05202556796635883,178,False,,,
12,81,Cc1cc(NC(=O)Nc2cccc(Cl)c2)ncc1Br,0.02,0.05508333333333335,0.2,0.01,0.05202556796635883,178,False,,,
12,82,CCSC[C@@H](C)N(C)C(=O)NCc1ccc(C)cc1N(C)C,0.02,0.05508333333333335,0.2,0.01,0.05202556796635883,178,False,,,
12,83,C=C(C)CN(C)C(=O)CN1CC2=C(C1=O)[C@@H](C1=CC=C(Cl)C=C1Cl)NC(=O)N2CC,0.02,0.05508333333333335,0.2,0.01,0.05202556796635883,178,False,,,
12,84,COc1ccc2c(c1)C[C@@H](C(=O)Nc1ccc(C(C)=O)c(C)c1)CO2,0.02,0.05508333333333335,0.2,0.01,0.05202556796635883,178,False,,,
12,85,Cc1[nH+]ccn1Cc1nnc([C@@H]2CCC[NH+](Cc3cccnc3)C2)n1C,0.02,0.05508333333333335,0.2,0.01,0.05202556796635883,178,False,,,
12,86,COc1ccc([C@@H]2CC(=O)C3=C(C2)N[C@@H]2N=NC(O)=C2[C@H]3c2ccc(Cl)c(Cl)c2)cc1OC,0.02,0.05508333333333335,0.2,0.01,0.05202556796635883,178,False,,,
12,87,C[C@H]1Cc2cc([C@@H](Cl)C3(C)CCCC3)ccc2O1,0.02,0.05508333333333335,0.2,0.01,0.05202556796635883,178,False,,,
12,88,C[NH+]1CCC(NC(=O)NC2=NC=C(CC3=CC=CC(Cl)=C3)S2)CC1,0.02,0.05508333333333335,0.2,0.01,0.05202556796635883,178,False,,,
12,89,O=C(NCC1CCN(C(=O)c2ccccn2)CC1)C(=O)NC1CCCC1,0.02,0.05508333333333335,0.2,0.01,0.05202556796635883,178,False,,,
12,90,C[C@H](Cc1ccsc1)[NH+](C)Cc1cnc(N2CC[NH+](C)CC2)nc1,0.02,0.05508333333333335,0.2,0.01,0.05202556796635883,178,False,,,
12,91,COc1ccc(NC(=O)C[NH+]2CCCN(Cc3cccc(Cl)c3)S2(=O)=O)cc1,0.02,0.05508333333333335,0.2,0.01,0.05202556796635883,178,False,,,
12,92,CSC(C)c1cccc(NC(=O)NC(C)COC2CCOCC2)c1,0.02,0.05508333333333335,0.2,0.01,0.05202556796635883,178,False,,"The first molecule has a JNK3 score of 0.05, which is higher than the second molecule's 0.01. The first molecule features a substituted aniline linked to a methylated purine-like heterocycle, while the second molecule has a bulky tert-butyl group and a morpholine ring. To improve the JNK3 score, I propose combining the key amide linkage and aromatic system from the first molecule with the morpholine ring from the second molecule, which may enhance solubility and binding interactions. Additionally, introducing a small alkyl substitution on the aromatic ring could improve hydrophobic interactions. This hybrid molecule maintains the core amide and aromatic system from the first molecule but replaces the purine moiety with a morpholine-containing amide, potentially increasing activity against JNK3.","I have two molecules and their JNK3 scores. The JNK3 score measures a molecular's biological activity against JNK3.


[CS[C@@H](C)C1=CC=CC(NC(=O)C2=CN(C)N=C2C2=CC=CC=C2)=C1,0.05]
[CCC(C)(C)NC(=O)c1ccc(NC(=O)N[C@@H](C)[C@H]2CCCO2)cc1,0.01]Please propose a new molecule that has a higher JNK3 score. You can either make crossover and mutations based on the given molecules or just propose a new molecule based on your knowledge.



Your output should follow the format: {<<<Explaination>>>: $EXPLANATION, <<<Molecule>>>: \box{$Molecule}}. Here are the requirements:

        

1. $EXPLANATION should be your analysis.
2. The $Molecule should be the smiles of your propsosed molecule.
3. The molecule should be valid.
        "
12,93,C=C(C)CN(C)C(=O)CN1CC2=C(C1=O)[C@@H](C1=CC=C(C)C1Cl)NC(=O)N2CC,0.02,0.05508333333333335,0.2,0.01,0.05202556796635883,178,False,,Fallback to genetic operations due to LLM error: ,"Fallback genetic operation for parents: ['C=C(C)CN(C)C(=O)CN1CC2=C(C1=O)[C@@H](C1=CC=C(Cl)C=C1Cl)NC(=O)N2CC', 'CC1=CC=C(NC(=O)CN2C(=O)S/C(=C/C3=C(F)C=CC=C3Cl)C2=O)C=C1']"
12,94,O=C1N[C@@H](c2ccccc2F)c2c1oc1ccccc1c2=O,0.01,0.05508333333333335,0.2,0.01,0.05202556796635883,178,False,,,
12,95,CS(=O)(=O)N[C@H]1CCN(c2ccc(Cl)c(F)c2)C1=O,0.01,0.05508333333333335,0.2,0.01,0.05202556796635883,178,False,,,
12,96,CCC(C)(C)NC(=O)c1ccc(NC(=O)N[C@@H](C)[C@H]2CCCO2)cc1,0.01,0.05508333333333335,0.2,0.01,0.05202556796635883,178,False,,,
12,97,CSCC[C@H](NC(=O)N[C@@H]1CCCCC1(C)C)C(=O)[O-],0.01,0.05508333333333335,0.2,0.01,0.05202556796635883,178,False,,,
12,98,CC(C)C(=O)Nc1nc2ccc(CCC(=O)NCc3ccccc3Cl)cc2s1,0.01,0.05508333333333335,0.2,0.01,0.05202556796635883,178,False,,,
12,99,Cc1nn(-c2ccccc2)c(C)c1NC(=O)CN1CCc2cc(F)ccc2C1,0.01,0.05508333333333335,0.2,0.01,0.05202556796635883,178,False,,,
12,100,COc1ccc(C[C@H](C)C[NH+](C)Cc2cn3cccnc3n2)cc1,0.01,0.05508333333333335,0.2,0.01,0.05202556796635883,178,False,,,
12,101,CCc1nsc(NCC(=O)NC(C)(C)C)n1,0.01,0.05508333333333335,0.2,0.01,0.05202556796635883,178,False,,,
12,102,CCCN(C)c1nccn2c(=O)n(CC(=O)Nc3cccc(SC)c3)nc12,0.01,0.05508333333333335,0.2,0.01,0.05202556796635883,178,False,,,
12,103,O=C(Nc1ccc(-c2nnc3n2CCCCC3)cc1)c1ccccc1C(F)(F)F,0.01,0.05508333333333335,0.2,0.01,0.05202556796635883,178,False,,,
12,104,CC(C)c1cccc(C(C)C)c1NC(=O)CCN1C(=O)[C@H]2CC[C@@](C)(C1=O)C2(C)C,0.01,0.05508333333333335,0.2,0.01,0.05202556796635883,178,False,,,
12,105,Cc1cccc(CN(C(=O)c2cccc(N3CCNC3=O)c2)C(C)C)c1,0.01,0.05508333333333335,0.2,0.01,0.05202556796635883,178,False,,,
12,106,COc1ccc(C(=O)N2C[C@@H](C)[NH2+]C[C@H]2C)cc1O,0.01,0.05508333333333335,0.2,0.01,0.05202556796635883,178,False,,,
12,107,O=C(NC(=S)Nc1c(O)ccc2ccccc12)c1cccc(F)c1,0.01,0.05508333333333335,0.2,0.01,0.05202556796635883,178,False,,,
12,108,CC(=O)Nc1ccc(NC(=O)CCc2cnn(-c3ccccc3)c2)cc1,0.01,0.05508333333333335,0.2,0.01,0.05202556796635883,178,False,,,
12,109,COc1cc(F)c(NC(=O)C=C2CN(C(=O)OC(C)(C)C)C2)cc1F,0.01,0.05508333333333335,0.2,0.01,0.05202556796635883,178,False,,,
12,110,C[C@@H](Nc1ccc([N-]S(C)(=O)=O)cc1)C(=O)Nc1ccc2c(c1)OCO2,0.01,0.05508333333333335,0.2,0.01,0.05202556796635883,178,False,,,
12,111,CCC[C@@H]1C[C@@H](Nc2cc(OC)ccc2F)CCO1,0.01,0.05508333333333335,0.2,0.01,0.05202556796635883,178,False,,,
12,112,Cc1ccc(S(=O)(=O)CCC(=O)Oc2ccc(Cl)cc2Cl)cc1,0.01,0.05508333333333335,0.2,0.01,0.05202556796635883,178,False,,,
12,113,CCN(CC(=O)Nc1cccc(OC)c1)C(=O)c1ccc(F)cc1Br,0.01,0.05508333333333335,0.2,0.01,0.05202556796635883,178,False,,,
12,114,COC(=O)[C@@H]1CCCN(C(=O)NC2CCC([NH+]3CCCCC3)CC2)C1,0.01,0.05508333333333335,0.2,0.01,0.05202556796635883,178,False,,,
12,115,O=C(C[NH+]1CCN(c2ccc(C(F)(F)F)cn2)CC1)N1CCC[C@H]1c1ccc2c(c1)OCCO2,0.01,0.05508333333333335,0.2,0.01,0.05202556796635883,178,False,,,
12,116,CC(C)C[C@H]1C[NH2+]CC[C@@H]1c1cccc2c1OC(C)(C)C2,0.01,0.05508333333333335,0.2,0.01,0.05202556796635883,178,False,,,
12,117,Cc1cccc(C[NH+]2CCC[C@@]3(CC[NH+](Cc4cnn(C(C)C)c4)C3)C2)c1,0.01,0.05508333333333335,0.2,0.01,0.05202556796635883,178,False,,,
12,118,CC1=NN(C)C(C)=C1NC(=O)CS[C@H]1CCCC2=CC=CC=C21,0.01,0.05508333333333335,0.2,0.01,0.05202556796635883,178,False,,,
12,119,CC1(C)CN(CCOc2ccc(S(C)(=O)=O)cc2)CC[S@@]1=O,0.01,0.05508333333333335,0.2,0.01,0.05202556796635883,178,False,,,
12,120,O=C(NCc1ccc(N2CCC(O)CC2)c(F)c1)c1ccn(-c2ccc(F)cc2)n1,0.01,0.05508333333333335,0.2,0.01,0.05202556796635883,178,False,,,
13,1,COc1ccccc1C(=O)Nc1ccc2c(N3CCCC3)ncnc2c1,0.2,0.05758333333333335,0.2,0.01,0.051881207794559125,183,False,,"{<<<Explanation>>>: Both given molecules share a common scaffold: a benzamide linked to a bicyclic system containing a substituted pyrimidine fused to a phenyl ring, with a piperidine or azetidine ring attached to the nitrogen. The difference lies in the ring size and substitution on the nitrogen-containing ring: one has a 4-membered azetidine ring with a methylene bridge ([CH]CCC) and a methoxy group on the phenyl ring (score 0.15), the other has a 5-membered piperidine ring (CCCC) and a methyl group on the phenyl ring (score 0.19). The piperidine ring and methyl substitution seem to improve activity.

To propose a molecule with potentially higher JNK3 activity, I will combine the beneficial features: keep the piperidine ring (which gave a higher score) and introduce a methoxy group on the phenyl ring (which might enhance binding via electronic effects or H-bonding). Additionally, I will replace the methyl group on the phenyl ring with a methoxy group to increase polarity and potential interactions. This hybrid molecule might have improved binding affinity and thus a higher JNK3 score.

<<<Molecule>>>: \box{COc1ccccc1C(=O)Nc1ccc2c(N3CCCC3)ncnc2c1}}","I have two molecules and their JNK3 scores. The JNK3 score measures a molecular's biological activity against JNK3.


[COc1ccccc1C(=O)Nc1ccc2c(N3[CH]CCC3)ncnc2c1,0.15]
[Cc1ccccc1C(=O)Nc1ccc2c(N3CCCC3)ncnc2c1,0.19]Please propose a new molecule that has a higher JNK3 score. You can either make crossover and mutations based on the given molecules or just propose a new molecule based on your knowledge.



Your output should follow the format: {<<<Explaination>>>: $EXPLANATION, <<<Molecule>>>: \box{$Molecule}}. Here are the requirements:

        

1. $EXPLANATION should be your analysis.
2. The $Molecule should be the smiles of your propsosed molecule.
3. The molecule should be valid.
        "
13,2,Cc1ccccc1C(=O)Nc1ccc2c(N3CCCC3)ncnc2c1,0.19,0.05758333333333335,0.2,0.01,0.051881207794559125,183,False,,,
13,3,CC1=CC=C(O)C=C1C(=O)NC1=CC=C2C(=C1)N=CN=C2N1CCCC1,0.19,0.05758333333333335,0.2,0.01,0.051881207794559125,183,False,,,
13,4,O=C(Nc1ccc2c(N3CCCC3)ncnc2c1)c1ccccc1O,0.18,0.05758333333333335,0.2,0.01,0.051881207794559125,183,False,,"{<<<Explanation>>>: Both given molecules share a common scaffold: a benzamide linked to a fused bicyclic system containing a piperidine ring. The difference lies in the substituent on the benzene ring attached to the amide: one has a methyl group (–CH3) and the other a methoxy group (–OCH3). The methoxy substituent (electron-donating and capable of hydrogen bonding) slightly improves the JNK3 score (0.2 vs 0.19). To further enhance activity, I propose introducing a stronger electron-donating group that can also engage in hydrogen bonding, such as a hydroxyl group (–OH), which often improves binding affinity by forming additional hydrogen bonds with the target. Additionally, placing the hydroxyl group para to the amide linkage on the benzene ring could optimize interactions. Therefore, I propose replacing the methyl/methoxy substituent with a para-hydroxy group on the benzamide phenyl ring, keeping the rest of the molecule intact. This modification is likely to increase the JNK3 score by improving binding interactions.

<<<Molecule>>>: \box{Oc1ccccc1C(=O)Nc1ccc2c(N3CCCC3)ncnc2c1}}","I have two molecules and their JNK3 scores. The JNK3 score measures a molecular's biological activity against JNK3.


[Cc1ccccc1C(=O)Nc1ccc2c(N3CCCC3)ncnc2c1,0.19]
[COc1ccccc1C(=O)Nc1ccc2c(N3CCCC3)ncnc2c1,0.2]Please propose a new molecule that has a higher JNK3 score. You can either make crossover and mutations based on the given molecules or just propose a new molecule based on your knowledge.



Your output should follow the format: {<<<Explaination>>>: $EXPLANATION, <<<Molecule>>>: \box{$Molecule}}. Here are the requirements:

        

1. $EXPLANATION should be your analysis.
2. The $Molecule should be the smiles of your propsosed molecule.
3. The molecule should be valid.
        "
13,5,COC1=CC(F)=CC=C1C(=O)NC1=CC=C2C(=C1)N=CN=C2C1=CC=CC=C1,0.18,0.05758333333333335,0.2,0.01,0.051881207794559125,183,False,,Fallback to genetic operations due to LLM error: ,"Fallback genetic operation for parents: ['COC1=CC(F)=CC=C1C(=O)NC1=CC=C2C(=C1)N=CN=C2N1CCOCC1', 'CCC[C@@H](C(=O)N1CCN(CC(=O)NC2=C(C)C=CC=C2C)CC1)C1=CC=CC=C1']"
13,6,COC1=CC=CC=C1NC1=CC=C(CNC(=O)NC2=CC=C3C(=C2)N=CN=C3N2CCCC2)C=C1,0.18,0.05758333333333335,0.2,0.01,0.051881207794559125,183,False,,,
13,7,COc1cc(O)ccc1C(=O)Nc1ccc2c(-c3ccccc3)ncnc2c1,0.18,0.05758333333333335,0.2,0.01,0.051881207794559125,183,False,,"Both given molecules are identical, with a JNK3 score of 0.18, indicating moderate activity. To improve the JNK3 score, we can consider structural modifications known to enhance kinase inhibition, such as introducing additional hydrogen bond donors or acceptors, or adding groups that increase binding affinity. The current molecule has a methoxy group (COC) and a fluorophenyl ring. One common strategy is to replace the fluorine with a hydroxyl group to increase hydrogen bonding potential or add a small polar substituent on the phenyl ring to improve interactions. Alternatively, adding a methyl group on the pyrazolopyrimidine core can enhance hydrophobic interactions. Here, I propose replacing the fluorine atom with a hydroxyl group on the phenyl ring to potentially increase binding affinity and thus the JNK3 score.","I have two molecules and their JNK3 scores. The JNK3 score measures a molecular's biological activity against JNK3.


[COC1=CC(F)=CC=C1C(=O)NC1=CC=C2C(=C1)N=CN=C2C1=CC=CC=C1,0.18]
[COC1=CC(F)=CC=C1C(=O)NC1=CC=C2C(=C1)N=CN=C2C1=CC=CC=C1,0.18]Please propose a new molecule that has a higher JNK3 score. You can either make crossover and mutations based on the given molecules or just propose a new molecule based on your knowledge.



Your output should follow the format: {<<<Explaination>>>: $EXPLANATION, <<<Molecule>>>: \box{$Molecule}}. Here are the requirements:

        

1. $EXPLANATION should be your analysis.
2. The $Molecule should be the smiles of your propsosed molecule.
3. The molecule should be valid.
        "
13,8,COc1cc(F)ccc1C(=O)Nc1ccc2c(-c3ccncc3N3CCOCC3)ncnc2c1,0.18,0.05758333333333335,0.2,0.01,0.051881207794559125,183,False,,"Both given molecules have a JNK3 score of 0.14, indicating moderate activity. They share some common features: a methoxy-substituted aromatic ring and a heterocyclic system with nitrogen atoms, which are likely important for binding to JNK3. To improve the score, I propose combining the key features of both molecules: the fluorinated methoxyphenyl amide from the first molecule and the fused heterocyclic system from the second molecule, while introducing a small mutation to enhance binding affinity. Specifically, I will replace the piperidine ring in the first molecule with the morpholine ring from the second molecule, as morpholine can improve solubility and potentially enhance interactions. Additionally, I will keep the fluorine substituent on the aromatic ring to maintain electronic effects favorable for binding. This crossover and mutation aim to create a molecule with better binding properties and thus a higher JNK3 score.","I have two molecules and their JNK3 scores. The JNK3 score measures a molecular's biological activity against JNK3.


[COc1cc(F)ccc1C(=O)Nc1ccc2c(-c3ccncc3N3CCCC3)ncnc2c1,0.14]
[COC1=CC(F)=CC=C1C(=O)NC1=CC=C2C(=C1)N=CN=C2N1CCOCC1,0.14]Please propose a new molecule that has a higher JNK3 score. You can either make crossover and mutations based on the given molecules or just propose a new molecule based on your knowledge.



Your output should follow the format: {<<<Explaination>>>: $EXPLANATION, <<<Molecule>>>: \box{$Molecule}}. Here are the requirements:

        

1. $EXPLANATION should be your analysis.
2. The $Molecule should be the smiles of your propsosed molecule.
3. The molecule should be valid.
        "
13,9,Cc1cc(Br)ccc1C(=O)Nc1ccc2c(N3CCCC3)ncnc2c1,0.16,0.05758333333333335,0.2,0.01,0.051881207794559125,183,False,,"The first molecule has a higher JNK3 score (0.19) compared to the second (0.02), suggesting that the core structure with the fused bicyclic system containing the pyrazolopyrimidine moiety and the piperidine ring (N3CCCC3) contributes positively to activity. The second molecule has a simpler aniline derivative with halogen substitutions (Br and Cl) but much lower activity. To improve activity, I propose to combine the favorable features: retain the bicyclic pyrazolopyrimidine core and piperidine ring from the first molecule, and introduce a halogen substitution (like Br) on the phenyl ring to potentially enhance binding through halogen bonding or hydrophobic interactions. Additionally, I will keep the amide linkage for stability. This hybrid approach aims to increase the JNK3 score by combining beneficial structural elements from both molecules.","I have two molecules and their JNK3 scores. The JNK3 score measures a molecular's biological activity against JNK3.


[Cc1ccccc1C(=O)Nc1ccc2c(N3CCCC3)ncnc2c1,0.19]
[Cc1cc(NC(=O)Nc2cccc(Cl)c2)ncc1Br,0.02]Please propose a new molecule that has a higher JNK3 score. You can either make crossover and mutations based on the given molecules or just propose a new molecule based on your knowledge.



Your output should follow the format: {<<<Explaination>>>: $EXPLANATION, <<<Molecule>>>: \box{$Molecule}}. Here are the requirements:

        

1. $EXPLANATION should be your analysis.
2. The $Molecule should be the smiles of your propsosed molecule.
3. The molecule should be valid.
        "
13,10,COC1=CC=CC=C1C(=O)NC1=CC=C2C(=C1)N=CN=C2N1[CH]CCC1,0.15,0.05758333333333335,0.2,0.01,0.051881207794559125,183,False,,,
13,11,COC1=CC(F)=CC=C1C(=O)NC1=CC=C2C(=C1)N=CN=C2N1CCCC1,0.14,0.05758333333333335,0.2,0.01,0.051881207794559125,183,False,,,
13,12,COC1=CC(F)=CC=C1C(=O)NC1=CC=C2C(=C1)N=CN=C2N1CCOCC1,0.14,0.05758333333333335,0.2,0.01,0.051881207794559125,183,False,,,
13,13,COc1ccc(C(F)(F)F)cc1C(=O)Nc1ccc2c(N3[CH]CCC3)ncnc2c1,0.14,0.05758333333333335,0.2,0.01,0.051881207794559125,183,False,,"The first molecule has a higher JNK3 score (0.15) compared to the second (0.04), indicating better activity. The first molecule features a methoxyphenyl group linked via an amide to a bicyclic heterocycle containing a nitrogen-rich fused ring system, which likely contributes to its higher activity. The second molecule has a nitro-substituted phenyl ring and a trifluoromethyl group on a lactam ring, but its activity is lower.

To improve activity, I propose combining the favorable features of both molecules: retain the bicyclic heterocycle and amide linkage from the first molecule, but introduce the trifluoromethyl group from the second molecule to enhance binding affinity and metabolic stability. Specifically, I will modify the first molecule by adding a trifluoromethyl group on the phenyl ring (para to the methoxy group) to potentially increase hydrophobic interactions and improve activity.

This hybrid approach leverages the higher activity scaffold of the first molecule and the beneficial trifluoromethyl substitution from the second.","I have two molecules and their JNK3 scores. The JNK3 score measures a molecular's biological activity against JNK3.


[COc1ccccc1C(=O)Nc1ccc2c(N3[CH]CCC3)ncnc2c1,0.15]
[CC(=O)c1ccc(N[C@H]2CC(=O)N(CC(F)(F)F)C2)c([N+](=O)[O-])c1,0.04]Please propose a new molecule that has a higher JNK3 score. You can either make crossover and mutations based on the given molecules or just propose a new molecule based on your knowledge.



Your output should follow the format: {<<<Explaination>>>: $EXPLANATION, <<<Molecule>>>: \box{$Molecule}}. Here are the requirements:

        

1. $EXPLANATION should be your analysis.
2. The $Molecule should be the smiles of your propsosed molecule.
3. The molecule should be valid.
        "
13,14,COc1ccccc1C(=O)Nc1ccc2c(N3CCCN3)ncnc2c1,0.14,0.05758333333333335,0.2,0.01,0.051881207794559125,183,False,,"{<<<Explanation>>>: The first molecule has a JNK3 score of 0.15, which is higher than the second molecule's 0.07. The first molecule features a methoxyphenyl group linked to a bicyclic heterocycle containing a nitrogen bridge, while the second molecule has a more complex structure with nitro groups and a charged amine. Nitro groups and charged groups often reduce cell permeability and can negatively impact activity. To improve the JNK3 score, I propose to combine the favorable features of the first molecule (the methoxyphenyl and bicyclic heterocycle) with a less polar, less charged substituent inspired by the second molecule's amine side chain but without the nitro groups. Specifically, I will replace the nitro-substituted aromatic amine in the second molecule with a simpler, neutral amine side chain attached to the bicyclic core of the first molecule, maintaining the methoxyphenyl group and the amide linkage. This hybrid should improve binding affinity and biological activity by preserving key interactions and reducing polarity and charge that may hinder activity.

<<<Molecule>>>: \box{COc1ccccc1C(=O)Nc1ccc2c(N3CCCN3)ncnc2c1} }","I have two molecules and their JNK3 scores. The JNK3 score measures a molecular's biological activity against JNK3.


[COc1ccccc1C(=O)Nc1ccc2c(N3[CH]CCC3)ncnc2c1,0.15]
[O=C(NCC1CCC[NH+](Cc2cc(O)ccc2[N+](=O)[O-])C1)Nc1ccc(Cn2cc(Cl)c([N+](=O)[O-])n2)cc1,0.07]Please propose a new molecule that has a higher JNK3 score. You can either make crossover and mutations based on the given molecules or just propose a new molecule based on your knowledge.



Your output should follow the format: {<<<Explaination>>>: $EXPLANATION, <<<Molecule>>>: \box{$Molecule}}. Here are the requirements:

        

1. $EXPLANATION should be your analysis.
2. The $Molecule should be the smiles of your propsosed molecule.
3. The molecule should be valid.
        "
13,15,COc1cc(F)ccc1C(=O)Nc1ccc2c(-c3ccncc3N3CCCC3)ncnc2c1,0.14,0.05758333333333335,0.2,0.01,0.051881207794559125,183,False,,"Both given molecules share a core structure involving a methoxyphenyl group linked via an amide bond to a fused bicyclic system containing a pyrimidine ring. The second molecule has a slightly higher JNK3 score (0.18 vs 0.15), possibly due to the presence of a fluorine substituent on the phenyl ring and an additional phenyl ring attached to the fused bicyclic system, which may enhance binding affinity through hydrophobic interactions or electronic effects.

To propose a molecule with a potentially higher JNK3 score, I will combine beneficial features from both molecules and introduce a small mutation to improve binding. Specifically:

- Retain the methoxy group on the phenyl ring for favorable electronic effects.
- Keep the fluorine substituent to maintain or enhance binding.
- Maintain the fused bicyclic pyrimidine core.
- Replace the phenyl ring attached to the bicyclic system with a pyridine ring to introduce a nitrogen atom that can form additional hydrogen bonds or coordinate with the kinase active site.
- Replace the flexible aliphatic ring in the first molecule with a more rigid piperidine ring to improve binding affinity by reducing entropy loss.

This crossover and mutation strategy aims to combine hydrophobic, electronic, and hydrogen bonding interactions to increase the JNK3 score.","I have two molecules and their JNK3 scores. The JNK3 score measures a molecular's biological activity against JNK3.


[COC1=CC=CC=C1C(=O)NC1=CC=C2C(=C1)N=CN=C2N1[CH]CCC1,0.15]
[COC1=CC(F)=CC=C1C(=O)NC1=CC=C2C(=C1)N=CN=C2C1=CC=CC=C1,0.18]Please propose a new molecule that has a higher JNK3 score. You can either make crossover and mutations based on the given molecules or just propose a new molecule based on your knowledge.



Your output should follow the format: {<<<Explaination>>>: $EXPLANATION, <<<Molecule>>>: \box{$Molecule}}. Here are the requirements:

        

1. $EXPLANATION should be your analysis.
2. The $Molecule should be the smiles of your propsosed molecule.
3. The molecule should be valid.
        "
13,16,COc1cc(F)ccc1C(=O)Nc1ccc2c(N3CCCC3)ncnc2c1,0.14,0.05758333333333335,0.2,0.01,0.051881207794559125,183,False,,"{<<<Explanation>>>: The two given molecules have JNK3 scores of 0.18 and 0.2, respectively. Both share a common motif of a benzamide linked to a bicyclic heterocycle containing nitrogen atoms, which likely contributes to JNK3 binding. The second molecule has a slightly higher score, possibly due to the presence of the piperidine ring (N3CCCC3) fused to the bicyclic system, which may enhance binding affinity or improve molecular interactions.

To propose a molecule with a potentially higher JNK3 score, I will combine favorable features from both molecules: the fluorine substitution on the phenyl ring from the first molecule (which can improve binding through electronic effects) and the piperidine-containing bicyclic heterocycle from the second molecule. Additionally, I will add a methoxy group on the phenyl ring to increase polarity and potential hydrogen bonding, which can improve activity.

This new molecule will have a 3-fluoro-4-methoxybenzamide linked to the bicyclic heterocycle with the piperidine ring, aiming to enhance binding affinity and thus increase the JNK3 score.

<<<Molecule>>>: \box{COc1cc(F)ccc1C(=O)Nc1ccc2c(N3CCCC3)ncnc2c1}}","I have two molecules and their JNK3 scores. The JNK3 score measures a molecular's biological activity against JNK3.


[COC1=CC(F)=CC=C1C(=O)NC1=CC=C2C(=C1)N=CN=C2C1=CC=CC=C1,0.18]
[COc1ccccc1C(=O)Nc1ccc2c(N3CCCC3)ncnc2c1,0.2]Please propose a new molecule that has a higher JNK3 score. You can either make crossover and mutations based on the given molecules or just propose a new molecule based on your knowledge.



Your output should follow the format: {<<<Explaination>>>: $EXPLANATION, <<<Molecule>>>: \box{$Molecule}}. Here are the requirements:

        

1. $EXPLANATION should be your analysis.
2. The $Molecule should be the smiles of your propsosed molecule.
3. The molecule should be valid.
        "
13,17,O=C(Nc1ccc2c(N3CNC3)ncnc2c1)c1ccccc1F,0.13,0.05758333333333335,0.2,0.01,0.051881207794559125,183,False,,"The first molecule has a low JNK3 score (0.04) and contains a positively charged amine linked to a fluorophenyl-substituted heterocycle. The second molecule has a higher score (0.18) and features a urea linkage connecting a hydroxyphenyl group and a bicyclic purine-like system with a piperidine ring. To improve the JNK3 score, I propose combining the urea linkage and bicyclic purine scaffold from the second molecule with the fluorophenyl group from the first molecule, as fluorine substitution often enhances binding affinity and metabolic stability. Additionally, replacing the piperidine ring with a smaller azetidine ring may improve binding by reducing steric hindrance and increasing conformational rigidity. This hybrid molecule maintains key pharmacophores from the higher scoring molecule while incorporating beneficial features from the first molecule, potentially increasing JNK3 activity.","I have two molecules and their JNK3 scores. The JNK3 score measures a molecular's biological activity against JNK3.


[CC1=CN=C(C[NH+](C)CCCC2=NNC(C3=CC=C(F)C=C3)=C2)O1,0.04]
[O=C(Nc1ccc2c(N3CCCC3)ncnc2c1)c1ccccc1O,0.18]Please propose a new molecule that has a higher JNK3 score. You can either make crossover and mutations based on the given molecules or just propose a new molecule based on your knowledge.



Your output should follow the format: {<<<Explaination>>>: $EXPLANATION, <<<Molecule>>>: \box{$Molecule}}. Here are the requirements:

        

1. $EXPLANATION should be your analysis.
2. The $Molecule should be the smiles of your propsosed molecule.
3. The molecule should be valid.
        "
13,18,O=C(Nc1ccc2c(N3CCCC3)ncnc2c1)c1ccc(F)cc1O,0.13,0.05758333333333335,0.2,0.01,0.051881207794559125,183,False,,"{<<<Explanation>>>: Both given molecules share a common core structure: a substituted aminopyrimidine fused to a phenyl ring, with a piperidine ring attached to the pyrimidine nitrogen. The difference lies in the amide substituent: one has a methylphenyl group (Cc1ccccc1C(=O)N...), and the other has a hydroxyphenyl group (O=C(Nc1ccc2c(N3CCCC3)ncnc2c1)c1ccccc1O). Their JNK3 scores are close (0.19 and 0.18), suggesting similar activity.

To improve the JNK3 score, I propose combining features from both molecules and introducing a small mutation to enhance binding affinity. Specifically, I will:

1. Retain the aminopyrimidine-piperidine core, as it is common and likely essential.
2. Use the hydroxyphenyl amide substituent, as the hydroxyl group can form hydrogen bonds, potentially improving activity.
3. Add a fluorine atom to the phenyl ring of the amide substituent to increase binding affinity and metabolic stability, as fluorine often enhances biological activity.
4. Keep the piperidine ring intact.

This new molecule is expected to have improved interactions with JNK3 due to the hydroxyl and fluorine substituents, potentially increasing the JNK3 score.

<<<Molecule>>>: \box{O=C(Nc1ccc2c(N3CCCC3)ncnc2c1)c1ccc(F)cc1O}}","I have two molecules and their JNK3 scores. The JNK3 score measures a molecular's biological activity against JNK3.


[Cc1ccccc1C(=O)Nc1ccc2c(N3CCCC3)ncnc2c1,0.19]
[O=C(Nc1ccc2c(N3CCCC3)ncnc2c1)c1ccccc1O,0.18]Please propose a new molecule that has a higher JNK3 score. You can either make crossover and mutations based on the given molecules or just propose a new molecule based on your knowledge.



Your output should follow the format: {<<<Explaination>>>: $EXPLANATION, <<<Molecule>>>: \box{$Molecule}}. Here are the requirements:

        

1. $EXPLANATION should be your analysis.
2. The $Molecule should be the smiles of your propsosed molecule.
3. The molecule should be valid.
        "
13,19,COc1ccc(C(=O)N2CCCC(C(=O)Nc3ccc(-c4ccncc4)cc3)C2)cc1,0.12,0.05758333333333335,0.2,0.01,0.051881207794559125,183,False,,"Both given molecules have relatively low JNK3 scores (0.06 and 0.05), indicating modest activity. The first molecule features a piperidine ring linked to an amide and a substituted phenyl ring with a pyrazole moiety, while the second molecule contains a methoxy-substituted aromatic system with a nitro group and an amide linkage. To potentially increase JNK3 activity, I propose combining the amide-linked aromatic system from the first molecule with the electron-donating methoxy groups from the second molecule to enhance binding affinity and improve interactions with the JNK3 active site. Additionally, replacing the pyrazole ring with a more planar heterocycle like a pyridine could improve stacking interactions. Therefore, I propose a molecule with a piperidine ring linked via an amide to a methoxy-substituted phenyl ring, which is further connected to a pyridine ring. This hybrid design aims to improve binding affinity and thus increase the JNK3 score.","I have two molecules and their JNK3 scores. The JNK3 score measures a molecular's biological activity against JNK3.


[Cc1nonc1CC(=O)N1CCC[C@H](C(=O)Nc2ccc(-c3ccn[nH]3)cc2)C1,0.06]
[COc1ccc(CNC(=O)c2cc(OC)c(OC)cc2[N+](=O)[O-])cn1,0.05]Please propose a new molecule that has a higher JNK3 score. You can either make crossover and mutations based on the given molecules or just propose a new molecule based on your knowledge.



Your output should follow the format: {<<<Explaination>>>: $EXPLANATION, <<<Molecule>>>: \box{$Molecule}}. Here are the requirements:

        

1. $EXPLANATION should be your analysis.
2. The $Molecule should be the smiles of your propsosed molecule.
3. The molecule should be valid.
        "
13,20,Cc1cc(F)ccc1C(=O)Nc1ccc2c(N3CCOCC3)ncnc2c1,0.12,0.05758333333333335,0.2,0.01,0.051881207794559125,183,False,,"The first molecule has a higher JNK3 score (0.19) compared to the second (0.07), indicating that the amide-linked aromatic system with a fused bicyclic heterocycle (a purine-like structure with a piperidine substituent) is more favorable for activity. The second molecule has a rigid bicyclic scaffold with a nitro-substituted phenyl ring, which might contribute less to activity. To improve the score, I propose combining the amide linkage and aromatic system from the first molecule with a modification to increase binding affinity: replacing the piperidine ring with a morpholine ring (which can improve solubility and hydrogen bonding) and adding a small electron-withdrawing group (like fluorine) on the phenyl ring to enhance interactions. This hybrid approach aims to retain the favorable scaffold of the first molecule while introducing beneficial mutations to improve activity against JNK3.","I have two molecules and their JNK3 scores. The JNK3 score measures a molecular's biological activity against JNK3.


[Cc1ccccc1C(=O)Nc1ccc2c(N3CCCC3)ncnc2c1,0.19]
[O=C(N1CCOCC1)C12C[C@H]3C[C@@H](C1)CC(c1ccc([N+](=O)[O-])cc1)(C3)C2,0.07]Please propose a new molecule that has a higher JNK3 score. You can either make crossover and mutations based on the given molecules or just propose a new molecule based on your knowledge.



Your output should follow the format: {<<<Explaination>>>: $EXPLANATION, <<<Molecule>>>: \box{$Molecule}}. Here are the requirements:

        

1. $EXPLANATION should be your analysis.
2. The $Molecule should be the smiles of your propsosed molecule.
3. The molecule should be valid.
        "
13,21,COc1ccc(C(F)(F)F)cc1C(=O)N(C)Cc1ccc2c(N3CCC3)ncnc2c1,0.12,0.05758333333333335,0.2,0.01,0.051881207794559125,183,False,,"{<<<Explanation>>>: The first molecule has a higher JNK3 score (0.14) compared to the second (0.02), indicating that the scaffold containing the trifluoromethyl-substituted aromatic ring linked to a fused bicyclic heterocycle (likely a purine or similar) is more active. The second molecule is a simpler amide with alkyl and methyl substitutions and shows lower activity. To improve activity, I propose to combine the trifluoromethyl-substituted aromatic ring and amide linkage from the first molecule with the methylated amine substitution from the second molecule to enhance binding and possibly improve pharmacokinetics. Additionally, introducing a small alkyl substitution on the nitrogen of the amide may increase lipophilicity and binding affinity. This hybrid molecule retains the key trifluoromethyl aromatic motif and fused bicyclic heterocycle for activity, while incorporating beneficial substitutions from the second molecule to potentially increase the JNK3 score. 

<<<Molecule>>>: \box{COc1ccc(C(F)(F)F)cc1C(=O)N(C)Cc2ccc3c(N4CCC4)ncnc3c2}}","I have two molecules and their JNK3 scores. The JNK3 score measures a molecular's biological activity against JNK3.


[COc1ccc(C(F)(F)F)cc1C(=O)Nc1ccc2c(N3[CH]CCC3)ncnc2c1,0.14]
[CCSC[C@@H](C)N(C)C(=O)NCc1ccc(C)cc1N(C)C,0.02]Please propose a new molecule that has a higher JNK3 score. You can either make crossover and mutations based on the given molecules or just propose a new molecule based on your knowledge.



Your output should follow the format: {<<<Explaination>>>: $EXPLANATION, <<<Molecule>>>: \box{$Molecule}}. Here are the requirements:

        

1. $EXPLANATION should be your analysis.
2. The $Molecule should be the smiles of your propsosed molecule.
3. The molecule should be valid.
        "
13,22,COc1ccc(CN2CCC(CNC(=O)c3c[nH]nc3-c3ccc(Cl)c([N+](=O)[O-])c3)CC2)cc1,0.11,0.05758333333333335,0.2,0.01,0.051881207794559125,183,False,,"{<<<Explanation>>>: Both given molecules have a JNK3 score of 0.05, indicating relatively low activity. They share some common features: an amide linkage connected to heterocyclic systems and aromatic rings with electron-withdrawing groups (Cl, NO2). To potentially increase JNK3 activity, I propose combining favorable features from both molecules: the pyrazole-based heterocycle from the first molecule and the nitro-substituted chlorinated aromatic ring from the second molecule. Additionally, introducing a methoxy group on the aromatic ring (as in the first molecule) may enhance binding through electronic effects. I also suggest replacing the piperidinium ring (positively charged nitrogen in the first molecule) with a neutral piperidine to reduce potential off-target interactions and improve membrane permeability. This crossover and mutation aim to improve binding affinity and biological activity against JNK3. 

<<<Molecule>>>: \box{COc1ccc(CN2CCC(CNC(=O)c3c[nH]nc3-c3ccc(Cl)c([N+](=O)[O-])c3)CC2)cc1}}}","I have two molecules and their JNK3 scores. The JNK3 score measures a molecular's biological activity against JNK3.


[COc1ccc(C[NH+]2CCC(CNC(=O)c3c[nH]nc3-c3ccc(Cl)cc3)CC2)cc1,0.05]
[Cc1nn(C)cc1CNC(=O)c1ccc(Cn2cc(Cl)c([N+](=O)[O-])n2)cc1,0.05]Please propose a new molecule that has a higher JNK3 score. You can either make crossover and mutations based on the given molecules or just propose a new molecule based on your knowledge.



Your output should follow the format: {<<<Explaination>>>: $EXPLANATION, <<<Molecule>>>: \box{$Molecule}}. Here are the requirements:

        

1. $EXPLANATION should be your analysis.
2. The $Molecule should be the smiles of your propsosed molecule.
3. The molecule should be valid.
        "
13,23,CC(=O)Nc1ccc(NCc2csc(-c3cccc(Cl)c3)n2)c(C(F)(F)F)c1,0.11,0.05758333333333335,0.2,0.01,0.051881207794559125,183,False,,"{<<<Explanation>>>: The first molecule has a JNK3 score of 0.06 and contains a complex bicyclic system with a chlorophenyl-thiazole moiety and fluorinated aromatic rings, suggesting that halogenation and heterocyclic structures contribute to activity. The second molecule has a slightly higher score of 0.08 and features an acetamide linked to a trifluoromethyl-substituted aromatic ring and a fluorobenzyl amine, indicating that electron-withdrawing groups like CF3 and fluorine on aromatic rings may enhance activity. To propose a molecule with a potentially higher JNK3 score, I will combine features from both molecules: retain the acetamide and trifluoromethyl-substituted aromatic ring from the second molecule for potency, and introduce a heterocyclic thiazole ring with a chlorophenyl substituent from the first molecule to enhance binding affinity. Additionally, I will keep fluorine substituents to maintain electron-withdrawing effects. This hybrid molecule is expected to have improved interactions with JNK3, potentially increasing the score beyond 0.08. 

<<<Molecule>>>: \box{CC(=O)Nc1ccc(NCc2csc(n2)C3=CC=CC(Cl)=C3)c(C(F)(F)F)c1}}","I have two molecules and their JNK3 scores. The JNK3 score measures a molecular's biological activity against JNK3.


[COC1=CC(F)=C(NC(=O)C=C2CN(C(=O)NC3=NC=C(CC4=CC=CC(Cl)=C4)S3)C2)C=C1F,0.06]
[CC(=O)Nc1ccc(NCc2ccccc2F)c(C(F)(F)F)c1,0.08]Please propose a new molecule that has a higher JNK3 score. You can either make crossover and mutations based on the given molecules or just propose a new molecule based on your knowledge.



Your output should follow the format: {<<<Explaination>>>: $EXPLANATION, <<<Molecule>>>: \box{$Molecule}}. Here are the requirements:

        

1. $EXPLANATION should be your analysis.
2. The $Molecule should be the smiles of your propsosed molecule.
3. The molecule should be valid.
        "
13,24,COc1ccccc1C(=O)N1CCCC(C(=O)Nc2ccc(-c3ccncc3)cc2)C1,0.1,0.05758333333333335,0.2,0.01,0.051881207794559125,183,False,,"{<<<Explanation>>>: The first molecule has a JNK3 score of 0.12 and features a piperidine ring linked to an amide and a methoxyphenyl group, with an additional amide connected to a biphenyl-pyridine moiety. The second molecule has a higher score of 0.2 and contains a methoxyphenyl group connected via an amide to a fused bicyclic system with a piperidine ring incorporated in the structure. The second molecule’s fused bicyclic system with a nitrogen heterocycle likely contributes to better binding affinity.

To propose a molecule with a potentially higher JNK3 score, I will combine the favorable features of both molecules: the methoxyphenyl amide from the second molecule and the biphenyl-pyridine moiety from the first molecule, while maintaining the piperidine ring that may enhance binding. Specifically, I will design a molecule where the methoxyphenyl amide is connected to a piperidine ring, which is further connected via an amide to the biphenyl-pyridine fragment. This hybrid should retain key pharmacophores and possibly improve activity.

<<<Molecule>>>: \box{COc1ccccc1C(=O)N2CCCC(C(=O)Nc3ccc(-c4ccncc4)cc3)C2}}}","I have two molecules and their JNK3 scores. The JNK3 score measures a molecular's biological activity against JNK3.


[COc1ccc(C(=O)N2CCCC(C(=O)Nc3ccc(-c4ccncc4)cc3)C2)cc1,0.12]
[COc1ccccc1C(=O)Nc1ccc2c(N3CCCC3)ncnc2c1,0.2]Please propose a new molecule that has a higher JNK3 score. You can either make crossover and mutations based on the given molecules or just propose a new molecule based on your knowledge.



Your output should follow the format: {<<<Explaination>>>: $EXPLANATION, <<<Molecule>>>: \box{$Molecule}}. Here are the requirements:

        

1. $EXPLANATION should be your analysis.
2. The $Molecule should be the smiles of your propsosed molecule.
3. The molecule should be valid.
        "
13,25,CCSCC(C)N(C)C(=O)NCc1ccc(Nc2ccccc2OC)cc1N(C)C,0.09,0.05758333333333335,0.2,0.01,0.051881207794559125,183,False,,"Both given molecules have very low JNK3 scores (0.02 and 0.01), indicating weak activity. The first molecule features a peptide-like backbone with an amide linkage and aromatic substitution, while the second has a bicyclic system with a positively charged amine and a bulky tert-butyl ether group. To improve JNK3 activity, it is often beneficial to combine features that enhance binding affinity, such as maintaining the amide linkage for hydrogen bonding and incorporating aromatic or heteroaromatic rings for π-π stacking interactions. Additionally, reducing steric hindrance and optimizing the basic amine groups can improve binding. I propose a molecule that merges the amide backbone and aromatic substitution from the first molecule with a less bulky, more planar bicyclic aromatic system inspired by the second molecule, replacing the bulky tert-butyl group with a simpler methoxy group to reduce steric hindrance and maintain polarity. This hybrid molecule should have improved binding potential and thus a higher JNK3 score.","I have two molecules and their JNK3 scores. The JNK3 score measures a molecular's biological activity against JNK3.


[CCSC[C@@H](C)N(C)C(=O)NCc1ccc(C)cc1N(C)C,0.02]
[CC(C)C[C@H]1C[NH2+]CC[C@@H]1c1cccc2c1OC(C)(C)C2,0.01]Please propose a new molecule that has a higher JNK3 score. You can either make crossover and mutations based on the given molecules or just propose a new molecule based on your knowledge.



Your output should follow the format: {<<<Explaination>>>: $EXPLANATION, <<<Molecule>>>: \box{$Molecule}}. Here are the requirements:

        

1. $EXPLANATION should be your analysis.
2. The $Molecule should be the smiles of your propsosed molecule.
3. The molecule should be valid.
        "
13,26,CC1=CC=C(Cl)C(O[C@H](C)C(=O)NC2=NC(C3=CC=C([C@@H](C)CC4=CC(O)=CC=C4[N+](=O)[O-])C=C3)=CS2)=C1,0.09,0.05758333333333335,0.2,0.01,0.051881207794559125,183,False,,Fallback to genetic operations due to LLM error: ,"Fallback genetic operation for parents: ['CC(=O)N[C@H](C)C1=CC=C(C2=CSC(NC(=O)[C@@H](C)OC3=CC(C)=CC=C3Cl)=N2)C=C1', 'O=C(NC[C@H]1CCC[NH+](CC2=CC(O)=CC=C2[N+](=O)[O-])C1)C1=CC=CC=C1']"
13,27,Cc1ccc(Cl)c(OC(C)C(=O)Nc2cccs2)c1-c1ccc(C(C)Cc2cc(O)ccc2[N+](=O)[O-])cc1,0.09,0.05758333333333335,0.2,0.01,0.051881207794559125,183,False,,"The first molecule has a higher JNK3 score (0.09) compared to the second (0.02), indicating that its structural features contribute more effectively to JNK3 activity. Key features in the first molecule include a chlorophenyl group, a chiral center with an amide linkage to a thiazole ring, and a nitrophenol moiety, which may contribute to binding affinity through hydrogen bonding and electronic effects. The second molecule has a methoxy-thiophene core with a bulky tert-butyl group and a chiral alcohol, but lower activity.

To design a molecule with potentially higher JNK3 activity, I propose combining the chlorophenyl and nitrophenol features from the first molecule with the thiophene core from the second molecule, which may enhance binding through aromatic and heterocyclic interactions. Additionally, I will retain the amide linkage and chiral center to preserve key interactions. I will replace the bulky tert-butyl group with a smaller isopropyl group to reduce steric hindrance and potentially improve fit in the binding site.

This hybrid molecule aims to integrate favorable features from both molecules to increase JNK3 activity.","I have two molecules and their JNK3 scores. The JNK3 score measures a molecular's biological activity against JNK3.


[CC1=CC=C(Cl)C(O[C@H](C)C(=O)NC2=NC(C3=CC=C([C@@H](C)CC4=CC(O)=CC=C4[N+](=O)[O-])C=C3)=CS2)=C1,0.09]
[COc1cc(-c2ccccc2)sc1C(=O)NC[C@@H](O)C(C)(C)C,0.02]Please propose a new molecule that has a higher JNK3 score. You can either make crossover and mutations based on the given molecules or just propose a new molecule based on your knowledge.



Your output should follow the format: {<<<Explaination>>>: $EXPLANATION, <<<Molecule>>>: \box{$Molecule}}. Here are the requirements:

        

1. $EXPLANATION should be your analysis.
2. The $Molecule should be the smiles of your propsosed molecule.
3. The molecule should be valid.
        "
13,28,Cc1ccccc1C(=O)NNc1ccc2c(N3CCCO3)ncnc2c1,0.09,0.05758333333333335,0.2,0.01,0.051881207794559125,183,False,,"{<<<Explanation>>>: The first molecule has a higher JNK3 score (0.19) compared to the second (0.03), indicating that the core structure of the first molecule is more favorable for JNK3 activity. The first molecule features a benzamide linked to a fused bicyclic system containing a nitrogen heterocycle and a piperidine ring, which likely contributes to binding affinity. The second molecule has a morpholine ring and a hydrazide group, which may not be as effective.

To propose a molecule with potentially higher JNK3 activity, I will combine the favorable benzamide and bicyclic heterocycle core from the first molecule with a modification inspired by the second molecule's morpholine ring, replacing the piperidine ring in the first molecule with a morpholine ring to improve solubility and possibly binding interactions. Additionally, I will replace the amide NH with a hydrazide (C(=O)NN) group from the second molecule, which might enhance hydrogen bonding and activity.

This hybrid molecule keeps the key bicyclic heterocycle and benzamide core from the first molecule but introduces the hydrazide and morpholine features from the second molecule, potentially increasing JNK3 activity beyond 0.19.

<<<Molecule>>>: \box{Cc1ccccc1C(=O)NNc1ccc2c(n3OCCC3)ncnc2c1}}","I have two molecules and their JNK3 scores. The JNK3 score measures a molecular's biological activity against JNK3.


[Cc1ccccc1C(=O)Nc1ccc2c(N3CCCC3)ncnc2c1,0.19]
[C[C@@H]1COCCN1Cc1ccc(C(=O)NN)cn1,0.03]Please propose a new molecule that has a higher JNK3 score. You can either make crossover and mutations based on the given molecules or just propose a new molecule based on your knowledge.



Your output should follow the format: {<<<Explaination>>>: $EXPLANATION, <<<Molecule>>>: \box{$Molecule}}. Here are the requirements:

        

1. $EXPLANATION should be your analysis.
2. The $Molecule should be the smiles of your propsosed molecule.
3. The molecule should be valid.
        "
13,29,CS[C@@H](C)C1=CC=C2C(=C1)N=CN=C2N1CCCC1,0.09,0.05758333333333335,0.2,0.01,0.051881207794559125,183,False,,Fallback to genetic operations due to LLM error: ,"Fallback genetic operation for parents: ['CS[C@@H](C)C1=CC(NC(=O)C2=CN(C)N=C2NC(=O)NCC2=CC=CC3=CC=CN=C32)=CC=C1', 'CC1=CC=C(O)C=C1C(=O)NC1=CC=C2C(=C1)N=CN=C2N1CCCC1']"
13,30,CC(=O)N(C)c1ccc(NCc2csc(-c3cccc(Cl)c3)n2)c(C(F)(F)F)c1,0.09,0.05758333333333335,0.2,0.01,0.051881207794559125,183,False,,"{<<<Explanation>>>: The first molecule has a higher JNK3 score (0.11) compared to the second (0.01), indicating that the acetamide-substituted aromatic system with a trifluoromethyl group and a chlorophenyl-thiazole moiety contributes positively to activity. The second molecule is a peptide-like structure with low activity. To improve the JNK3 score, I propose to retain the key pharmacophore features from the first molecule—namely, the acetamide group, the trifluoromethyl-substituted aromatic ring, and the chlorophenyl-thiazole moiety—but introduce a small modification to enhance binding, such as replacing the acetamide NH with a methylated amide (N-methylacetamide) to potentially improve metabolic stability and binding affinity. This mutation keeps the core scaffold intact but may improve activity. 

<<<Molecule>>>: \box{CC(=O)N(C)c1ccc(NCc2csc(-c3cccc(Cl)c3)n2)c(C(F)(F)F)c1}}","I have two molecules and their JNK3 scores. The JNK3 score measures a molecular's biological activity against JNK3.


[CC(=O)Nc1ccc(NCc2csc(-c3cccc(Cl)c3)n2)c(C(F)(F)F)c1,0.11]
[CSCC[C@H](NC(=O)N[C@@H]1CCCCC1(C)C)C(=O)[O-],0.01]Please propose a new molecule that has a higher JNK3 score. You can either make crossover and mutations based on the given molecules or just propose a new molecule based on your knowledge.



Your output should follow the format: {<<<Explaination>>>: $EXPLANATION, <<<Molecule>>>: \box{$Molecule}}. Here are the requirements:

        

1. $EXPLANATION should be your analysis.
2. The $Molecule should be the smiles of your propsosed molecule.
3. The molecule should be valid.
        "
13,31,COc1ccccc1Nc1ccc(NC(=O)c2cc(C(F)(F)F)ccc2OC)c(N)c1,0.09,0.05758333333333335,0.2,0.01,0.051881207794559125,183,False,,"{<<<Explanation>>>: The second molecule has a higher JNK3 score (0.14) compared to the first (0.09), likely due to its trifluoromethyl group (C(F)(F)F) and the fused bicyclic heteroaromatic system, which may enhance binding affinity and metabolic stability. To design a molecule with potentially higher activity, I propose combining the trifluoromethyl-substituted aromatic ring from the second molecule with the amide-linked aniline moiety bearing the methoxyphenyl group from the first molecule. Additionally, introducing a methyl substitution on the nitrogen of the amide (as in the first molecule) may improve binding interactions. This hybrid molecule retains key pharmacophores from both molecules that contribute to activity, potentially increasing the JNK3 score.

<<<Molecule>>>: \box{COc1ccc(C(F)(F)F)cc1C(=O)Nc1ccc(Nc2ccccc2OC)cc1N} }","I have two molecules and their JNK3 scores. The JNK3 score measures a molecular's biological activity against JNK3.


[CCSCC(C)N(C)C(=O)NCc1ccc(Nc2ccccc2OC)cc1N(C)C,0.09]
[COc1ccc(C(F)(F)F)cc1C(=O)Nc1ccc2c(N3[CH]CCC3)ncnc2c1,0.14]Please propose a new molecule that has a higher JNK3 score. You can either make crossover and mutations based on the given molecules or just propose a new molecule based on your knowledge.



Your output should follow the format: {<<<Explaination>>>: $EXPLANATION, <<<Molecule>>>: \box{$Molecule}}. Here are the requirements:

        

1. $EXPLANATION should be your analysis.
2. The $Molecule should be the smiles of your propsosed molecule.
3. The molecule should be valid.
        "
13,32,CC(=O)Nc1ccc(NCc2ccccc2F)c(C(F)(F)F)c1,0.08,0.05758333333333335,0.2,0.01,0.051881207794559125,183,False,,,
13,33,CC(=O)Nc1ccc(NCC2COC(N)C2C)c(C(F)(F)F)c1,0.08,0.05758333333333335,0.2,0.01,0.051881207794559125,183,False,,"{<<<Explanation>>>: The first molecule has a higher JNK3 score (0.11) compared to the second (0.01), indicating that the acetamide-substituted aromatic ring with a trifluoromethyl group and a thiazole linked to a chlorophenyl group contributes positively to activity. The second molecule, a chiral tetrahydrofuran with a methoxy-fluoro-substituted phenyl, shows low activity. To improve activity, I propose combining the acetamide and trifluoromethyl-substituted aromatic system from the first molecule with the tetrahydrofuran ring from the second molecule, replacing the thiazole-chlorophenyl moiety with the tetrahydrofuran ring to potentially enhance binding and solubility. This hybrid molecule maintains key pharmacophores from the first molecule while introducing the tetrahydrofuran ring to improve interactions and possibly increase the JNK3 score. 

<<<Molecule>>>: \box{CC(=O)Nc1ccc(NCC2CO[C@@H]([C@@H]2C)N)c(C(F)(F)F)c1}}","I have two molecules and their JNK3 scores. The JNK3 score measures a molecular's biological activity against JNK3.


[CC(=O)Nc1ccc(NCc2csc(-c3cccc(Cl)c3)n2)c(C(F)(F)F)c1,0.11]
[CCC[C@@H]1C[C@@H](Nc2cc(OC)ccc2F)CCO1,0.01]Please propose a new molecule that has a higher JNK3 score. You can either make crossover and mutations based on the given molecules or just propose a new molecule based on your knowledge.



Your output should follow the format: {<<<Explaination>>>: $EXPLANATION, <<<Molecule>>>: \box{$Molecule}}. Here are the requirements:

        

1. $EXPLANATION should be your analysis.
2. The $Molecule should be the smiles of your propsosed molecule.
3. The molecule should be valid.
        "
13,34,O=C(N1CCOCC1)C12C[C@H]3C[C@@H](C1)CC(c1ccc([N+](=O)[O-])cc1)(C3)C2,0.07,0.05758333333333335,0.2,0.01,0.051881207794559125,183,False,,,
13,35,O=C(NCC1CCC[NH+](Cc2cc(O)ccc2[N+](=O)[O-])C1)Nc1ccc(Cn2cc(Cl)c([N+](=O)[O-])n2)cc1,0.07,0.05758333333333335,0.2,0.01,0.051881207794559125,183,False,,"{<<<Explanation>>>: Both given molecules have low JNK3 scores (0.05), indicating weak activity. To improve activity, we can combine favorable features from both molecules. The first molecule has a chiral piperidine ring linked to a phenol substituted with a nitro group, while the second molecule contains a pyrazole ring with a nitro and chloro substitution and an amide linkage to a methylated pyrazole. Nitro groups and halogens often enhance binding affinity through electronic effects and interactions with the kinase active site. To propose a molecule with potentially higher JNK3 activity, I suggest a hybrid structure that retains the piperidine ring from the first molecule (important for conformational rigidity and binding) and incorporates the pyrazole ring with chloro and nitro substituents from the second molecule, connected via an amide linker to a phenyl ring. This design aims to combine the key pharmacophores and improve binding interactions with JNK3. The proposed molecule is: O=C(NC[C@H]1CCC[NH+](Cc2cc(O)ccc2[N+](=O)[O-])C1)Nc3ccc(Cn4cc(Cl)c([N+](=O)[O-])n4)cc3. This molecule is valid and merges the structural motifs that may enhance JNK3 inhibition. , <<<Molecule>>>: \box{O=C(NC[C@H]1CCC[NH+](Cc2cc(O)ccc2[N+](=O)[O-])C1)Nc3ccc(Cn4cc(Cl)c([N+](=O)[O-])n4)cc3}}","I have two molecules and their JNK3 scores. The JNK3 score measures a molecular's biological activity against JNK3.


[O=C(NC[C@H]1CCC[NH+](Cc2cc(O)ccc2[N+](=O)[O-])C1)c1ccccc1,0.05]
[Cc1nn(C)cc1CNC(=O)c1ccc(Cn2cc(Cl)c([N+](=O)[O-])n2)cc1,0.05]Please propose a new molecule that has a higher JNK3 score. You can either make crossover and mutations based on the given molecules or just propose a new molecule based on your knowledge.



Your output should follow the format: {<<<Explaination>>>: $EXPLANATION, <<<Molecule>>>: \box{$Molecule}}. Here are the requirements:

        

1. $EXPLANATION should be your analysis.
2. The $Molecule should be the smiles of your propsosed molecule.
3. The molecule should be valid.
        "
13,36,Cc1ccccc1C(=O)Nc1ccc2c(N3CCCC3)ncnc2c1S(C)(=O)=O,0.07,0.05758333333333335,0.2,0.01,0.051881207794559125,183,False,,"{<<<Explanation>>>: The first molecule has a very low JNK3 score (0.01), while the second molecule has a higher score (0.19). The second molecule contains a fused bicyclic system with a purine-like scaffold and an amide linkage, which likely contributes to better binding affinity to JNK3. The first molecule has a sulfonyl group attached to a phenyl ring and a chiral sulfoxide, but its activity is low. To improve the JNK3 score, I propose to combine the amide linkage and bicyclic purine-like core from the second molecule with a sulfonyl group on the phenyl ring to potentially enhance interactions with the kinase active site. This hybrid molecule keeps the bicyclic core and amide for binding, and adds the sulfonyl substituent to increase polarity and possible hydrogen bonding, which may improve activity. 

<<<Molecule>>>: \box{Cc1ccccc1C(=O)Nc1ccc2c(N3CCCC3)ncnc2c1S(=O)(=O)C} }","I have two molecules and their JNK3 scores. The JNK3 score measures a molecular's biological activity against JNK3.


[CC1(C)CN(CCOc2ccc(S(C)(=O)=O)cc2)CC[S@@]1=O,0.01]
[Cc1ccccc1C(=O)Nc1ccc2c(N3CCCC3)ncnc2c1,0.19]Please propose a new molecule that has a higher JNK3 score. You can either make crossover and mutations based on the given molecules or just propose a new molecule based on your knowledge.



Your output should follow the format: {<<<Explaination>>>: $EXPLANATION, <<<Molecule>>>: \box{$Molecule}}. Here are the requirements:

        

1. $EXPLANATION should be your analysis.
2. The $Molecule should be the smiles of your propsosed molecule.
3. The molecule should be valid.
        "
13,37,Cc1nonc1CC(=O)N1CCC[C@H](C(=O)Nc2ccc(-c3ccn[nH]3)cc2)C1,0.06,0.05758333333333335,0.2,0.01,0.051881207794559125,183,False,,,
13,38,Fc1ccc2oc(C[NH2+]C[C@@H]3CN4CCCC[C@@H]4CO3)cc2c1,0.06,0.05758333333333335,0.2,0.01,0.051881207794559125,183,False,,,
13,39,Cc1ccc([C@H](C)NC(=O)N[C@H]2CC(=O)N(C3CC3)C2)cc1[N+](=O)[O-],0.06,0.05758333333333335,0.2,0.01,0.051881207794559125,183,False,,,
13,40,COc1nc(N[C@@H]2C[NH+]3CCC2CC3)ccc1N,0.06,0.05758333333333335,0.2,0.01,0.051881207794559125,183,False,,,
13,41,COC1=CC(F)=C(NC(=O)C=C2CN(C(=O)NC3=NC=C(CC4=CC=CC(Cl)=C4)S3)C2)C=C1F,0.06,0.05758333333333335,0.2,0.01,0.051881207794559125,183,False,,Fallback to genetic operations due to LLM error: ,"Fallback genetic operation for parents: ['COC1=CC(F)=C(NC(=O)C=C2CN(C(=O)NC3=NC=NC4=C3CCC4)C2)C=C1F', 'C[NH+]1CCC(NC(=O)NC2=NC=C(CC3=CC=CC(Cl)=C3)S2)CC1']"
13,42,COc1ccc(CNC(=O)c2cc(OC)c(OC)cc2[N+](=O)[O-])cn1,0.05,0.05758333333333335,0.2,0.01,0.051881207794559125,183,False,,,
13,43,CS[C@@H](C)C1=CC=CC(NC(=O)C2=CN(C)N=C2C2=CC=CC=C2)=C1,0.05,0.05758333333333335,0.2,0.01,0.051881207794559125,183,False,,,
13,44,CC1=NN(C)C=C1CNC(=O)C1=CC=C(CN2C=C(Cl)C([N+](=O)[O-])=N2)C=C1,0.05,0.05758333333333335,0.2,0.01,0.051881207794559125,183,False,,,
13,45,COc1ccc(C[NH+]2CCC(CNC(=O)c3c[nH]nc3-c3ccc(Cl)cc3)CC2)cc1,0.05,0.05758333333333335,0.2,0.01,0.051881207794559125,183,False,,,
13,46,O=C(NC[C@H]1CCC[NH+](CC2=CC(O)=CC=C2[N+](=O)[O-])C1)C1=CC=CC=C1,0.05,0.05758333333333335,0.2,0.01,0.051881207794559125,183,False,,,
13,47,Cc1ccccc1C(=O)Nc1ccc2c(N3CCCC3)ncnc2c1-c1cc(Cl)cc(Cl)c1,0.05,0.05758333333333335,0.2,0.01,0.051881207794559125,183,False,,"The first molecule has a very low JNK3 score (0.02), while the second molecule has a higher score (0.19). The second molecule contains a fused bicyclic system with a purine-like scaffold and a piperidine ring, which might contribute to better binding affinity. The first molecule has a different scaffold with a bicyclic lactam and dichlorophenyl group but lower activity. To design a molecule with potentially higher JNK3 activity, I propose combining the purine-like bicyclic core and the piperidine ring from the second molecule with the dichlorophenyl substituent from the first molecule, as halogenated aromatic rings often enhance binding through hydrophobic and halogen bonding interactions. Additionally, I will keep the amide linkage to maintain hydrogen bonding potential. This hybrid molecule might improve binding affinity and thus increase the JNK3 score.","I have two molecules and their JNK3 scores. The JNK3 score measures a molecular's biological activity against JNK3.


[C=C(C)CN(C)C(=O)CN1CC2=C(C1=O)[C@@H](c1ccc(Cl)cc1Cl)NC(=O)N2CC,0.02]
[Cc1ccccc1C(=O)Nc1ccc2c(N3CCCC3)ncnc2c1,0.19]Please propose a new molecule that has a higher JNK3 score. You can either make crossover and mutations based on the given molecules or just propose a new molecule based on your knowledge.



Your output should follow the format: {<<<Explaination>>>: $EXPLANATION, <<<Molecule>>>: \box{$Molecule}}. Here are the requirements:

        

1. $EXPLANATION should be your analysis.
2. The $Molecule should be the smiles of your propsosed molecule.
3. The molecule should be valid.
        "
13,48,CSC(C)c1ccc(NC(=O)c2cn(C)nc2-c2ccccc2)cc1F,0.05,0.05758333333333335,0.2,0.01,0.051881207794559125,183,False,,"{<<<Explanation>>>: The first molecule has a higher JNK3 score (0.05) compared to the second (0.01), indicating that the scaffold with the substituted aniline linked to a methylated purine-like heterocycle is more active. The second molecule contains a thiosemicarbazide moiety attached to a hydroxy-biphenyl system with a fluorophenyl amide, which shows lower activity. To improve activity, I propose combining the key features of the first molecule (the aniline-purine amide scaffold) with a fluorine substituent on the phenyl ring to potentially enhance binding affinity and metabolic stability. Introducing a fluorine on the phenyl ring of the first molecule may increase lipophilicity and binding interactions, potentially increasing the JNK3 score. This is a mutation of the first molecule by adding a fluorine substituent on the phenyl ring para to the amide linkage.

<<<Molecule>>>: \box{CS[C@@H](C)C1=CC=C(C=C1F)NC(=O)C2=CN(C)N=C2C3=CC=CC=C3}}","I have two molecules and their JNK3 scores. The JNK3 score measures a molecular's biological activity against JNK3.


[CS[C@@H](C)C1=CC=CC(NC(=O)C2=CN(C)N=C2C2=CC=CC=C2)=C1,0.05]
[O=C(NC(=S)Nc1c(O)ccc2ccccc12)c1cccc(F)c1,0.01]Please propose a new molecule that has a higher JNK3 score. You can either make crossover and mutations based on the given molecules or just propose a new molecule based on your knowledge.



Your output should follow the format: {<<<Explaination>>>: $EXPLANATION, <<<Molecule>>>: \box{$Molecule}}. Here are the requirements:

        

1. $EXPLANATION should be your analysis.
2. The $Molecule should be the smiles of your propsosed molecule.
3. The molecule should be valid.
        "
13,49,COc1ccccc1C(=O)Nc1ccc2c(N3CCCN3)ncnc2c1C(=O)NC1=NC=C(Cc2cccc(Cl)c2)[SH]1F,0.05,0.05758333333333335,0.2,0.01,0.051881207794559125,183,False,,"The first molecule has a JNK3 score of 0.06 and features a fluorinated aromatic ring with an amide-linked heterocyclic system containing a thiazole ring and a chlorophenyl substituent. The second molecule has a higher score of 0.15 and contains a methoxyphenyl group linked via an amide to a fused bicyclic purine-like system with a piperidine ring. To design a molecule with a potentially higher JNK3 score, I propose combining the favorable features of both molecules: the methoxyphenyl amide moiety from the second molecule, which may enhance binding affinity, and the heterocyclic system from the first molecule that includes the thiazole and chlorophenyl substituent, which might contribute to specificity and potency. Additionally, I will introduce a fluorine atom on the phenyl ring to potentially improve metabolic stability and binding interactions. This hybrid molecule aims to leverage the higher activity scaffold of the second molecule while incorporating the heterocyclic complexity and halogenation of the first, potentially resulting in improved JNK3 inhibition.","I have two molecules and their JNK3 scores. The JNK3 score measures a molecular's biological activity against JNK3.


[COC1=CC(F)=C(NC(=O)C=C2CN(C(=O)NC3=NC=C(CC4=CC=CC(Cl)=C4)S3)C2)C=C1F,0.06]
[COc1ccccc1C(=O)Nc1ccc2c(N3[CH]CCC3)ncnc2c1,0.15]Please propose a new molecule that has a higher JNK3 score. You can either make crossover and mutations based on the given molecules or just propose a new molecule based on your knowledge.



Your output should follow the format: {<<<Explaination>>>: $EXPLANATION, <<<Molecule>>>: \box{$Molecule}}. Here are the requirements:

        

1. $EXPLANATION should be your analysis.
2. The $Molecule should be the smiles of your propsosed molecule.
3. The molecule should be valid.
        "
13,50,COc1ccccc1Nc1ccc(CNC(=O)NC(C)C2=CC=C(CCC(=O)NCc3ccc(Cl)cc3)SN=C2)cc1,0.05,0.05758333333333335,0.2,0.01,0.051881207794559125,183,False,,"The first molecule has a very low JNK3 score (0.01), indicating weak activity, while the second molecule has a higher score (0.18), suggesting better activity. The second molecule contains a methoxyphenyl group and a fused heterocyclic system with a piperidine ring, which might contribute to better binding affinity. To improve the JNK3 score further, I propose combining the amide linkage and the chlorophenyl moiety from the first molecule (which might enhance binding through hydrophobic or halogen interactions) with the heterocyclic core and methoxyphenyl group from the second molecule. Additionally, introducing a small alkyl substitution (like isopropyl) on the amide nitrogen could improve lipophilicity and binding. This hybrid molecule aims to retain key pharmacophores from both molecules to enhance activity against JNK3.","I have two molecules and their JNK3 scores. The JNK3 score measures a molecular's biological activity against JNK3.


[CC(C)C(=O)Nc1nc2ccc(CCC(=O)NCc3ccccc3Cl)cc2s1,0.01]
[COC1=CC=CC=C1NC1=CC=C(CNC(=O)NC2=CC=C3C(=C2)N=CN=C3N2CCCC2)C=C1,0.18]Please propose a new molecule that has a higher JNK3 score. You can either make crossover and mutations based on the given molecules or just propose a new molecule based on your knowledge.



Your output should follow the format: {<<<Explaination>>>: $EXPLANATION, <<<Molecule>>>: \box{$Molecule}}. Here are the requirements:

        

1. $EXPLANATION should be your analysis.
2. The $Molecule should be the smiles of your propsosed molecule.
3. The molecule should be valid.
        "
13,51,COc1cc(O)ccc1C(=O)Nc1ccc2c(N3CCCC3)ncnc2c1C(C)O,0.05,0.05758333333333335,0.2,0.01,0.051881207794559125,183,False,,"{<<<Explanation>>>: Both given molecules share a common scaffold: a substituted benzamide linked to a fused bicyclic system containing a pyrimidine ring. The first molecule has a methoxy and hydroxy substitution on the phenyl ring and a phenyl substituent on the fused bicyclic system, with a JNK3 score of 0.18. The second molecule has a methyl and bromo substitution on the phenyl ring and a piperidine substituent on the fused bicyclic system, with a slightly lower score of 0.16.

To improve the JNK3 score, I propose combining favorable features from both molecules and introducing a small mutation to enhance binding affinity. The hydroxy group in the first molecule may contribute to hydrogen bonding, and the piperidine ring in the second molecule may improve solubility and binding through additional interactions. The phenyl substituent in the first molecule could be replaced by a smaller, more polar group to reduce steric hindrance and improve fit.

Therefore, I propose a molecule that retains the hydroxy group on the phenyl ring (from molecule 1), keeps the piperidine substituent on the fused bicyclic system (from molecule 2), and replaces the phenyl substituent with a hydroxymethyl group (-CH2OH) to maintain polarity but reduce bulk. This hybrid and mutation approach aims to improve binding interactions and increase the JNK3 score.

<<<Molecule>>>: \box{COc1cc(O)ccc1C(=O)Nc1ccc2c(N3CCCC3)ncnc2c1C(O)C} }","I have two molecules and their JNK3 scores. The JNK3 score measures a molecular's biological activity against JNK3.


[COc1cc(O)ccc1C(=O)Nc1ccc2c(-c3ccccc3)ncnc2c1,0.18]
[Cc1cc(Br)ccc1C(=O)Nc1ccc2c(N3CCCC3)ncnc2c1,0.16]Please propose a new molecule that has a higher JNK3 score. You can either make crossover and mutations based on the given molecules or just propose a new molecule based on your knowledge.



Your output should follow the format: {<<<Explaination>>>: $EXPLANATION, <<<Molecule>>>: \box{$Molecule}}. Here are the requirements:

        

1. $EXPLANATION should be your analysis.
2. The $Molecule should be the smiles of your propsosed molecule.
3. The molecule should be valid.
        "
13,52,CC1=CC=C(NC(=O)CN2C(=O)S/C(=C/C3=C(F)C=CC=C3Cl)C2=O)C=C1,0.04,0.05758333333333335,0.2,0.01,0.051881207794559125,183,False,,,
13,53,C[C@H](NC(=O)NCC1=CC=CC2=CC=CN=C21)C1=CN(C)N=C1,0.04,0.05758333333333335,0.2,0.01,0.051881207794559125,183,False,,,
13,54,CC(=O)c1ccc(N[C@H]2CC(=O)N(CC(F)(F)F)C2)c([N+](=O)[O-])c1,0.04,0.05758333333333335,0.2,0.01,0.051881207794559125,183,False,,,
13,55,CC1=CN=C(C[NH+](C)CCCC2=NNC(C3=CC=C(F)C=C3)=C2)O1,0.04,0.05758333333333335,0.2,0.01,0.051881207794559125,183,False,,,
13,56,CC(=O)N[C@H](C)C1=CC=C(C2=CSC(NC(=O)[C@@H](C)OC3=CC(C)=CC=C3Cl)=N2)C=C1,0.04,0.05758333333333335,0.2,0.01,0.051881207794559125,183,False,,,
13,57,CC(C)N1C=CC(CCNCC2=CN=C(C3=CSC=C3)S2)=N1,0.04,0.05758333333333335,0.2,0.01,0.051881207794559125,183,False,,,
13,58,CS[C@@H](C)C1=CC(NC(=O)C2=CN(C)N=C2NC(=O)NCC2=CC=CC3=CC=CN=C32)=CC=C1,0.04,0.05758333333333335,0.2,0.01,0.051881207794559125,183,False,,Fallback to genetic operations due to LLM error: ,"Fallback genetic operation for parents: ['CS[C@@H](C)C1=CC=CC(NC(=O)C2=CN(C)N=C2C2=CC=CC=C2)=C1', 'C[C@H](NC(=O)NCC1=CC=CC2=CC=CN=C21)C1=CN(C)N=C1']"
13,59,Cc1ccc(C(C)NC(=O)N2[CH]OCC2)c([N+](=O)[O-])c1,0.04,0.05758333333333335,0.2,0.01,0.051881207794559125,183,False,,"Both given molecules have relatively low JNK3 scores (0.06 and 0.02), indicating modest activity. The first molecule features a nitro-substituted phenyl ring linked to a chiral amide-containing bicyclic lactam, while the second has a methoxy-substituted bicyclic ether with an amide linked to a substituted phenyl ring. To potentially increase JNK3 activity, I propose combining favorable features: the nitro group from the first molecule (which can enhance binding through electronic effects) and the bicyclic ether scaffold from the second molecule (which may provide conformational rigidity and better fit in the binding site). Additionally, replacing the acetyl group on the phenyl ring with a less electron-withdrawing methyl group might improve binding affinity by modulating electronic properties. This hybrid molecule maintains key hydrogen bonding capabilities and introduces structural elements that could enhance interaction with JNK3, potentially leading to a higher score.","I have two molecules and their JNK3 scores. The JNK3 score measures a molecular's biological activity against JNK3.


[Cc1ccc([C@H](C)NC(=O)N[C@H]2CC(=O)N(C3CC3)C2)cc1[N+](=O)[O-],0.06]
[COc1ccc2c(c1)C[C@@H](C(=O)Nc1ccc(C(C)=O)c(C)c1)CO2,0.02]Please propose a new molecule that has a higher JNK3 score. You can either make crossover and mutations based on the given molecules or just propose a new molecule based on your knowledge.



Your output should follow the format: {<<<Explaination>>>: $EXPLANATION, <<<Molecule>>>: \box{$Molecule}}. Here are the requirements:

        

1. $EXPLANATION should be your analysis.
2. The $Molecule should be the smiles of your propsosed molecule.
3. The molecule should be valid.
        "
13,60,[NH3+]C[C@H](CO)CC1=CC(Br)=CC(NC(=O)CS[C@H]2CCCC3=C2C=CC=C3)=C1,0.04,0.05758333333333335,0.2,0.01,0.051881207794559125,183,False,,Fallback to genetic operations due to LLM error: ,"Fallback genetic operation for parents: ['CC1=NN(C)C(C)=C1NC(=O)CS[C@H]1CCCC2=CC=CC=C21', '[NH3+]C[C@H](CO)CC1=CC(F)=CC(Br)=C1']"
13,61,CC(=O)NC1=CC=C(Cl)C1C1=CC=NC=C1,0.04,0.05758333333333335,0.2,0.01,0.051881207794559125,183,False,,Fallback to genetic operations due to LLM error: ,"Fallback genetic operation for parents: ['CC(=O)NC1=CC=C(NC(=O)C2=NC(Cl)=CC=C2Cl)C=C1C1=CC=NC=C1', 'C=C(C)CN(C)C(=O)CN1CC2=C(C1=O)[C@@H](C1=CC=C(Cl)C=C1Cl)NC(=O)N2CC']"
13,62,Cc1cc(F)ccc1C(=O)N1CCOCC1CNC(=O)c1c[nH]nc1-c1ccc(Cl)cc1,0.04,0.05758333333333335,0.2,0.01,0.051881207794559125,183,False,,"The first molecule has a JNK3 score of 0.05 and contains a methoxyphenyl group linked to a piperidinium ring with a substituted pyrazole and chlorophenyl moiety. The second molecule has a higher score of 0.12 and features a fluoromethylphenyl amide linked to a fused bicyclic system with a morpholine substituent. To design a molecule with a potentially higher JNK3 score, I propose combining favorable features from both molecules: the fluoromethylphenyl amide group from the second molecule (which may enhance binding through hydrogen bonding and hydrophobic interactions) and the pyrazole-chlorophenyl moiety from the first molecule (which may contribute to specificity and potency). Additionally, replacing the piperidinium ring with a morpholine ring (as in the second molecule) could improve solubility and binding. Thus, the proposed molecule is a fluoromethylphenyl amide linked to a morpholine ring, which is further connected via an amide bond to a pyrazole ring substituted with a chlorophenyl group. This hybrid design aims to combine the beneficial structural motifs to increase biological activity against JNK3.","I have two molecules and their JNK3 scores. The JNK3 score measures a molecular's biological activity against JNK3.


[COc1ccc(C[NH+]2CCC(CNC(=O)c3c[nH]nc3-c3ccc(Cl)cc3)CC2)cc1,0.05]
[Cc1cc(F)ccc1C(=O)Nc1ccc2c(N3CCOCC3)ncnc2c1,0.12]Please propose a new molecule that has a higher JNK3 score. You can either make crossover and mutations based on the given molecules or just propose a new molecule based on your knowledge.



Your output should follow the format: {<<<Explaination>>>: $EXPLANATION, <<<Molecule>>>: \box{$Molecule}}. Here are the requirements:

        

1. $EXPLANATION should be your analysis.
2. The $Molecule should be the smiles of your propsosed molecule.
3. The molecule should be valid.
        "
13,63,CSC(C)c1cccc(NC(=O)c2ncnc3c2ncn3S(=O)(=O)c2ccccc2)c1,0.04,0.05758333333333335,0.2,0.01,0.051881207794559125,183,False,,"{<<<Explanation>>>: The first molecule is a sulfonyl-containing aromatic compound with a low JNK3 score of 0.01, and the second molecule is a chiral thioether linked to a substituted aniline and a heterocyclic amide with a slightly higher score of 0.05. To improve the JNK3 activity, I propose combining features from both molecules: retaining the thioether and chiral center from the second molecule, which may contribute to binding specificity, and introducing a sulfonyl group similar to the first molecule to enhance interactions with the kinase active site. Additionally, I will replace the chlorinated phenyl ester in the first molecule with a heteroaromatic ring to improve binding affinity and solubility. The proposed molecule includes a chiral thioether linked to a phenyl ring bearing a sulfonyl group and an amide linked to a purine-like heterocycle, which is known to interact well with kinases. This hybrid design aims to increase the JNK3 score beyond 0.05. <<<Molecule>>>: \box{CS[C@@H](C)C1=CC=CC(NC(=O)C2=NC=NC3=C2N=CN3S(=O)(=O)C4=CC=CC=C4)=C1}}","I have two molecules and their JNK3 scores. The JNK3 score measures a molecular's biological activity against JNK3.


[Cc1ccc(S(=O)(=O)CCC(=O)Oc2ccc(Cl)cc2Cl)cc1,0.01]
[CS[C@@H](C)C1=CC=CC(NC(=O)C2=CN(C)N=C2C2=CC=CC=C2)=C1,0.05]Please propose a new molecule that has a higher JNK3 score. You can either make crossover and mutations based on the given molecules or just propose a new molecule based on your knowledge.



Your output should follow the format: {<<<Explaination>>>: $EXPLANATION, <<<Molecule>>>: \box{$Molecule}}. Here are the requirements:

        

1. $EXPLANATION should be your analysis.
2. The $Molecule should be the smiles of your propsosed molecule.
3. The molecule should be valid.
        "
13,64,C[C@H]([NH2+][C@H]1CCOC1)c1ccnc(Cl)c1,0.03,0.05758333333333335,0.2,0.01,0.051881207794559125,183,False,,,
13,65,COc1cc(-c2noc(C3C[C@@H](C)O[C@@H](C)C3)n2)ccn1,0.03,0.05758333333333335,0.2,0.01,0.051881207794559125,183,False,,,
13,66,COc1cc(C)c(CN2CCN(C(=O)c3ccc(N4CCCCC4)c([N+](=O)[O-])c3)CC2)cc1OC,0.03,0.05758333333333335,0.2,0.01,0.051881207794559125,183,False,,,
13,67,Cc1ccc2nc(N3CCC(C(=O)NCC(C)(C)CO)CC3)nc(C)c2c1,0.03,0.05758333333333335,0.2,0.01,0.051881207794559125,183,False,,,
13,68,C[C@@H]1COCCN1Cc1ccc(C(=O)NN)cn1,0.03,0.05758333333333335,0.2,0.01,0.051881207794559125,183,False,,,
13,69,[NH3+]C[C@H](CO)CC1=CC(F)=CC(Br)=C1,0.03,0.05758333333333335,0.2,0.01,0.051881207794559125,183,False,,,
13,70,C[C@@H](CO)CSC[C@@H]([NH3+])C1=CC=C2OCCCOC2=C1,0.03,0.05758333333333335,0.2,0.01,0.051881207794559125,183,False,,,
13,71,Cc1ccc(-c2ncco2)cc1NC(=O)c1nc(Cl)ccc1Cl,0.03,0.05758333333333335,0.2,0.01,0.051881207794559125,183,False,,,
13,72,O=C(Nc1ccc2c(c1)CCO2)N1CCC[C@H]1c1nc2ccccc2[nH]1,0.03,0.05758333333333335,0.2,0.01,0.051881207794559125,183,False,,,
13,73,N#CCc1ccc2[nH]ccc2n1,0.03,0.05758333333333335,0.2,0.01,0.051881207794559125,183,False,,,
13,74,COC1=CC(F)=C(NC(=O)C=C2CN(C(=O)NC3=NC=NC4=C3CCC4)C2)C=C1F,0.03,0.05758333333333335,0.2,0.01,0.051881207794559125,183,False,,,
13,75,CC(=O)NC1=CC=C(NC(=O)C2=NC(Cl)=CC=C2Cl)C=C1C1=CC=NC=C1,0.03,0.05758333333333335,0.2,0.01,0.051881207794559125,183,False,,,
13,76,COC1=CC=CC=C1C(=O)NC1=CC=C(C2=NN(C)C=C2C(=O)NC2=CC=CC([C@H](C)SC)=C2)C1,0.03,0.05758333333333335,0.2,0.01,0.051881207794559125,183,False,,Fallback to genetic operations due to LLM error: ,"Fallback genetic operation for parents: ['COC1=CC=CC=C1C(=O)NC1=CC=C2C(=C1)N=CN=C2N1[CH]CCC1', 'CS[C@@H](C)C1=CC=CC(NC(=O)C2=CN(C)N=C2C2=CC=CC=C2)=C1']"
13,77,CC1=CN=C(C[NH+](C)CCCC2=NNC(CN3C=C(Cl)C([N+](=O)[O-])=N3)=C2)O1,0.03,0.05758333333333335,0.2,0.01,0.051881207794559125,183,False,,Fallback to genetic operations due to LLM error: ,"Fallback genetic operation for parents: ['CC1=NN(C)C=C1CNC(=O)C1=CC=C(CN2C=C(Cl)C([N+](=O)[O-])=N2)C=C1', 'CC1=CN=C(C[NH+](C)CCCC2=NNC(C3=CC=C(F)C=C3)=C2)O1']"
13,78,CC1C(CNc2ccc(NS(C)(=O)=O)cc2C#N)COC1N,0.03,0.05758333333333335,0.2,0.01,0.051881207794559125,183,False,,"{<<<Explanation>>>: Both given molecules are identical, with a JNK3 score of 0.08, indicating relatively low activity. The structure features an acetamide group (CC(=O)N-) attached to a phenyl ring substituted with a trifluoromethyl group (C(F)(F)F) and a side chain containing a morpholine-like ring (COC(N)C). To improve JNK3 activity, modifications known to enhance kinase inhibition can be considered. For example, introducing a hydrogen bond donor or acceptor to better interact with the kinase hinge region, or adding a heterocyclic moiety known to improve binding affinity. 

One common strategy is to replace the acetamide group with a urea or sulfonamide, which can form stronger hydrogen bonds. Also, replacing the trifluoromethyl group with a cyano group (–CN) can sometimes improve binding by acting as a hydrogen bond acceptor. Additionally, extending the side chain to include a pyrrolidine or piperazine ring can improve solubility and binding.

Therefore, I propose replacing the acetamide with a sulfonamide (–SO2NH–) and the trifluoromethyl group with a cyano group, while keeping the morpholine-like ring to maintain the original scaffold. This modification is expected to increase hydrogen bonding and improve JNK3 binding affinity, thus increasing the JNK3 score.

<<<Molecule>>>: \box{CS(=O)(=O)Nc1ccc(NCC2COC(N)C2C)c(C#N)c1}}","I have two molecules and their JNK3 scores. The JNK3 score measures a molecular's biological activity against JNK3.


[CC(=O)Nc1ccc(NCC2COC(N)C2C)c(C(F)(F)F)c1,0.08]
[CC(=O)Nc1ccc(NCC2COC(N)C2C)c(C(F)(F)F)c1,0.08]Please propose a new molecule that has a higher JNK3 score. You can either make crossover and mutations based on the given molecules or just propose a new molecule based on your knowledge.



Your output should follow the format: {<<<Explaination>>>: $EXPLANATION, <<<Molecule>>>: \box{$Molecule}}. Here are the requirements:

        

1. $EXPLANATION should be your analysis.
2. The $Molecule should be the smiles of your propsosed molecule.
3. The molecule should be valid.
        "
13,79,CCCCO[C@@H]1C[C@H](NC(=O)c2occc2Br)C1(C)C,0.02,0.05758333333333335,0.2,0.01,0.051881207794559125,183,False,,,
13,80,NC(=O)c1cccc(CNC(=O)CSc2nc3ccccc3o2)c1,0.02,0.05758333333333335,0.2,0.01,0.051881207794559125,183,False,,,
13,81,CCC[C@@H](C(=O)N1CCN(CC(=O)NC2=C(C)C=CC=C2C)CC1)C1=CC=CC=C1,0.02,0.05758333333333335,0.2,0.01,0.051881207794559125,183,False,,,
13,82,COc1ccc([C@H](NC(=O)c2ccc3nccnc3c2)C2CCOCC2)cc1,0.02,0.05758333333333335,0.2,0.01,0.051881207794559125,183,False,,,
13,83,COc1cc(-c2ccccc2)sc1C(=O)NC[C@@H](O)C(C)(C)C,0.02,0.05758333333333335,0.2,0.01,0.051881207794559125,183,False,,,
13,84,Cc1nn(C)cc1CN1C[C@H](CO)OC[C@@H]1C,0.02,0.05758333333333335,0.2,0.01,0.051881207794559125,183,False,,,
13,85,Cc1cc(NC(=O)Nc2cccc(Cl)c2)ncc1Br,0.02,0.05758333333333335,0.2,0.01,0.051881207794559125,183,False,,,
13,86,CCSC[C@@H](C)N(C)C(=O)NCc1ccc(C)cc1N(C)C,0.02,0.05758333333333335,0.2,0.01,0.051881207794559125,183,False,,,
13,87,C=C(C)CN(C)C(=O)CN1CC2=C(C1=O)[C@@H](C1=CC=C(Cl)C=C1Cl)NC(=O)N2CC,0.02,0.05758333333333335,0.2,0.01,0.051881207794559125,183,False,,,
13,88,COc1ccc2c(c1)C[C@@H](C(=O)Nc1ccc(C(C)=O)c(C)c1)CO2,0.02,0.05758333333333335,0.2,0.01,0.051881207794559125,183,False,,,
13,89,Cc1[nH+]ccn1Cc1nnc([C@@H]2CCC[NH+](Cc3cccnc3)C2)n1C,0.02,0.05758333333333335,0.2,0.01,0.051881207794559125,183,False,,,
13,90,COc1ccc([C@@H]2CC(=O)C3=C(C2)N[C@@H]2N=NC(O)=C2[C@H]3c2ccc(Cl)c(Cl)c2)cc1OC,0.02,0.05758333333333335,0.2,0.01,0.051881207794559125,183,False,,,
13,91,C[C@H]1Cc2cc([C@@H](Cl)C3(C)CCCC3)ccc2O1,0.02,0.05758333333333335,0.2,0.01,0.051881207794559125,183,False,,,
13,92,C[NH+]1CCC(NC(=O)NC2=NC=C(CC3=CC=CC(Cl)=C3)S2)CC1,0.02,0.05758333333333335,0.2,0.01,0.051881207794559125,183,False,,,
13,93,O=C(NCC1CCN(C(=O)c2ccccn2)CC1)C(=O)NC1CCCC1,0.02,0.05758333333333335,0.2,0.01,0.051881207794559125,183,False,,,
13,94,C[C@H](Cc1ccsc1)[NH+](C)Cc1cnc(N2CC[NH+](C)CC2)nc1,0.02,0.05758333333333335,0.2,0.01,0.051881207794559125,183,False,,,
13,95,COc1ccc(NC(=O)C[NH+]2CCCN(Cc3cccc(Cl)c3)S2(=O)=O)cc1,0.02,0.05758333333333335,0.2,0.01,0.051881207794559125,183,False,,,
13,96,CSC(C)c1cccc(NC(=O)NC(C)COC2CCOCC2)c1,0.02,0.05758333333333335,0.2,0.01,0.051881207794559125,183,False,,"The first molecule has a JNK3 score of 0.05, which is higher than the second molecule's 0.01. The first molecule features a substituted aniline linked to a methylated purine-like heterocycle, while the second molecule has a bulky tert-butyl group and a morpholine ring. To improve the JNK3 score, I propose combining the key amide linkage and aromatic system from the first molecule with the morpholine ring from the second molecule, which may enhance solubility and binding interactions. Additionally, introducing a small alkyl substitution on the aromatic ring could improve hydrophobic interactions. This hybrid molecule maintains the core amide and aromatic system from the first molecule but replaces the purine moiety with a morpholine-containing amide, potentially increasing activity against JNK3.","I have two molecules and their JNK3 scores. The JNK3 score measures a molecular's biological activity against JNK3.


[CS[C@@H](C)C1=CC=CC(NC(=O)C2=CN(C)N=C2C2=CC=CC=C2)=C1,0.05]
[CCC(C)(C)NC(=O)c1ccc(NC(=O)N[C@@H](C)[C@H]2CCCO2)cc1,0.01]Please propose a new molecule that has a higher JNK3 score. You can either make crossover and mutations based on the given molecules or just propose a new molecule based on your knowledge.



Your output should follow the format: {<<<Explaination>>>: $EXPLANATION, <<<Molecule>>>: \box{$Molecule}}. Here are the requirements:

        

1. $EXPLANATION should be your analysis.
2. The $Molecule should be the smiles of your propsosed molecule.
3. The molecule should be valid.
        "
13,97,C=C(C)CN(C)C(=O)CN1CC2=C(C1=O)[C@@H](C1=CC=C(C)C1Cl)NC(=O)N2CC,0.02,0.05758333333333335,0.2,0.01,0.051881207794559125,183,False,,Fallback to genetic operations due to LLM error: ,"Fallback genetic operation for parents: ['C=C(C)CN(C)C(=O)CN1CC2=C(C1=O)[C@@H](C1=CC=C(Cl)C=C1Cl)NC(=O)N2CC', 'CC1=CC=C(NC(=O)CN2C(=O)S/C(=C/C3=C(F)C=CC=C3Cl)C2=O)C=C1']"
13,98,O=C1N[C@@H](c2ccccc2F)c2c1oc1ccccc1c2=O,0.01,0.05758333333333335,0.2,0.01,0.051881207794559125,183,False,,,
13,99,CS(=O)(=O)N[C@H]1CCN(c2ccc(Cl)c(F)c2)C1=O,0.01,0.05758333333333335,0.2,0.01,0.051881207794559125,183,False,,,
13,100,CCC(C)(C)NC(=O)c1ccc(NC(=O)N[C@@H](C)[C@H]2CCCO2)cc1,0.01,0.05758333333333335,0.2,0.01,0.051881207794559125,183,False,,,
13,101,CSCC[C@H](NC(=O)N[C@@H]1CCCCC1(C)C)C(=O)[O-],0.01,0.05758333333333335,0.2,0.01,0.051881207794559125,183,False,,,
13,102,CC(C)C(=O)Nc1nc2ccc(CCC(=O)NCc3ccccc3Cl)cc2s1,0.01,0.05758333333333335,0.2,0.01,0.051881207794559125,183,False,,,
13,103,Cc1nn(-c2ccccc2)c(C)c1NC(=O)CN1CCc2cc(F)ccc2C1,0.01,0.05758333333333335,0.2,0.01,0.051881207794559125,183,False,,,
13,104,COc1ccc(C[C@H](C)C[NH+](C)Cc2cn3cccnc3n2)cc1,0.01,0.05758333333333335,0.2,0.01,0.051881207794559125,183,False,,,
13,105,CCc1nsc(NCC(=O)NC(C)(C)C)n1,0.01,0.05758333333333335,0.2,0.01,0.051881207794559125,183,False,,,
13,106,CCCN(C)c1nccn2c(=O)n(CC(=O)Nc3cccc(SC)c3)nc12,0.01,0.05758333333333335,0.2,0.01,0.051881207794559125,183,False,,,
13,107,O=C(Nc1ccc(-c2nnc3n2CCCCC3)cc1)c1ccccc1C(F)(F)F,0.01,0.05758333333333335,0.2,0.01,0.051881207794559125,183,False,,,
13,108,CC(C)c1cccc(C(C)C)c1NC(=O)CCN1C(=O)[C@H]2CC[C@@](C)(C1=O)C2(C)C,0.01,0.05758333333333335,0.2,0.01,0.051881207794559125,183,False,,,
13,109,Cc1cccc(CN(C(=O)c2cccc(N3CCNC3=O)c2)C(C)C)c1,0.01,0.05758333333333335,0.2,0.01,0.051881207794559125,183,False,,,
13,110,COc1ccc(C(=O)N2C[C@@H](C)[NH2+]C[C@H]2C)cc1O,0.01,0.05758333333333335,0.2,0.01,0.051881207794559125,183,False,,,
13,111,O=C(NC(=S)Nc1c(O)ccc2ccccc12)c1cccc(F)c1,0.01,0.05758333333333335,0.2,0.01,0.051881207794559125,183,False,,,
13,112,CC(=O)Nc1ccc(NC(=O)CCc2cnn(-c3ccccc3)c2)cc1,0.01,0.05758333333333335,0.2,0.01,0.051881207794559125,183,False,,,
13,113,COc1cc(F)c(NC(=O)C=C2CN(C(=O)OC(C)(C)C)C2)cc1F,0.01,0.05758333333333335,0.2,0.01,0.051881207794559125,183,False,,,
13,114,C[C@@H](Nc1ccc([N-]S(C)(=O)=O)cc1)C(=O)Nc1ccc2c(c1)OCO2,0.01,0.05758333333333335,0.2,0.01,0.051881207794559125,183,False,,,
13,115,CCC[C@@H]1C[C@@H](Nc2cc(OC)ccc2F)CCO1,0.01,0.05758333333333335,0.2,0.01,0.051881207794559125,183,False,,,
13,116,Cc1ccc(S(=O)(=O)CCC(=O)Oc2ccc(Cl)cc2Cl)cc1,0.01,0.05758333333333335,0.2,0.01,0.051881207794559125,183,False,,,
13,117,CCN(CC(=O)Nc1cccc(OC)c1)C(=O)c1ccc(F)cc1Br,0.01,0.05758333333333335,0.2,0.01,0.051881207794559125,183,False,,,
13,118,COC(=O)[C@@H]1CCCN(C(=O)NC2CCC([NH+]3CCCCC3)CC2)C1,0.01,0.05758333333333335,0.2,0.01,0.051881207794559125,183,False,,,
13,119,O=C(C[NH+]1CCN(c2ccc(C(F)(F)F)cn2)CC1)N1CCC[C@H]1c1ccc2c(c1)OCCO2,0.01,0.05758333333333335,0.2,0.01,0.051881207794559125,183,False,,,
13,120,CC(C)C[C@H]1C[NH2+]CC[C@@H]1c1cccc2c1OC(C)(C)C2,0.01,0.05758333333333335,0.2,0.01,0.051881207794559125,183,False,,,
14,1,COc1ccccc1Nc1ccc(CSC(=S)Nc2ccc3c(N4CCCC4)ncnc3c2)cc1,0.22,0.06300000000000001,0.22,0.01,0.05543163958125961,188,False,,"{<<<Explanation>>>: The first molecule has a higher JNK3 score (0.18) compared to the second (0.04), indicating better activity. The first molecule features a methoxyphenyl group linked to a bicyclic heteroaromatic system with an amide linkage, while the second has a bromophenyl group attached to a thioether and a piperidine-containing bicyclic system. To improve activity, I propose combining the methoxyphenyl and bicyclic heteroaromatic core from the first molecule with the thioether linkage from the second molecule, as sulfur linkages can enhance binding through increased lipophilicity and potential interactions. Additionally, replacing the amide linkage in the first molecule with a thioamide might improve binding affinity. This hybrid molecule maintains key pharmacophores from the first molecule but incorporates the thioether and thioamide features from the second, potentially increasing JNK3 activity beyond 0.18. 

<<<Molecule>>>: \box{COC1=CC=CC=C1NC1=CC=C(CSC(=S)NC2=CC=C3C(=C2)N=CN=C3N2CCCC2)C=C1}}","I have two molecules and their JNK3 scores. The JNK3 score measures a molecular's biological activity against JNK3.


[COC1=CC=CC=C1NC1=CC=C(CNC(=O)NC2=CC=C3C(=C2)N=CN=C3N2CCCC2)C=C1,0.18]
[[NH3+]C[C@H](CO)CC1=CC(Br)=CC(NC(=O)CS[C@H]2CCCC3=C2C=CC=C3)=C1,0.04]Please propose a new molecule that has a higher JNK3 score. You can either make crossover and mutations based on the given molecules or just propose a new molecule based on your knowledge.



Your output should follow the format: {<<<Explaination>>>: $EXPLANATION, <<<Molecule>>>: \box{$Molecule}}. Here are the requirements:

        

1. $EXPLANATION should be your analysis.
2. The $Molecule should be the smiles of your propsosed molecule.
3. The molecule should be valid.
        "
14,2,COc1ccc(C)c(C(=O)Nc2ccc3c(N4CCCC4)ncnc3c2)c1,0.21,0.06300000000000001,0.22,0.01,0.05543163958125961,188,False,,"{<<<Explanation>>>: The first molecule has a higher JNK3 score (0.19) compared to the second (0.02), indicating that its scaffold and functional groups are more favorable for JNK3 activity. The first molecule contains a fused bicyclic system with a pyrimidine ring and a piperidine ring, along with a phenol group and an amide linkage. The second molecule is simpler, with a thioether and a dimethylamino group attached to an aromatic ring.

To design a molecule with potentially higher JNK3 activity, I propose to combine the favorable bicyclic pyrimidine-piperidine scaffold from the first molecule with some features from the second molecule that might improve binding or solubility, such as the methylated amine on the aromatic ring. Additionally, introducing a methoxy group on the phenol ring (instead of the hydroxyl) could improve membrane permeability and metabolic stability while maintaining hydrogen bonding capability.

Therefore, the proposed molecule retains the bicyclic pyrimidine-piperidine core and amide linkage, replaces the phenol OH with a methoxy group, and adds a dimethylamino substituent on the aromatic ring to enhance interactions and solubility. This hybrid design aims to increase the JNK3 score beyond 0.19.

<<<Molecule>>>: \box{CC1=CC=C(OC)C=C1C(=O)NC1=CC=C2C(=C1)N=CN=C2N1CCCC1} }","I have two molecules and their JNK3 scores. The JNK3 score measures a molecular's biological activity against JNK3.


[CC1=CC=C(O)C=C1C(=O)NC1=CC=C2C(=C1)N=CN=C2N1CCCC1,0.19]
[CCSC[C@@H](C)N(C)C(=O)NCc1ccc(C)cc1N(C)C,0.02]Please propose a new molecule that has a higher JNK3 score. You can either make crossover and mutations based on the given molecules or just propose a new molecule based on your knowledge.



Your output should follow the format: {<<<Explaination>>>: $EXPLANATION, <<<Molecule>>>: \box{$Molecule}}. Here are the requirements:

        

1. $EXPLANATION should be your analysis.
2. The $Molecule should be the smiles of your propsosed molecule.
3. The molecule should be valid.
        "
14,3,COc1ccccc1C(=O)Nc1ccc2c(N3CCCC3)ncnc2c1,0.2,0.06300000000000001,0.22,0.01,0.05543163958125961,188,False,,"{<<<Explanation>>>: Both given molecules share a common scaffold: a benzamide linked to a bicyclic system containing a substituted pyrimidine fused to a phenyl ring, with a piperidine or azetidine ring attached to the nitrogen. The difference lies in the ring size and substitution on the nitrogen-containing ring: one has a 4-membered azetidine ring with a methylene bridge ([CH]CCC) and a methoxy group on the phenyl ring (score 0.15), the other has a 5-membered piperidine ring (CCCC) and a methyl group on the phenyl ring (score 0.19). The piperidine ring and methyl substitution seem to improve activity.

To propose a molecule with potentially higher JNK3 activity, I will combine the beneficial features: keep the piperidine ring (which gave a higher score) and introduce a methoxy group on the phenyl ring (which might enhance binding via electronic effects or H-bonding). Additionally, I will replace the methyl group on the phenyl ring with a methoxy group to increase polarity and potential interactions. This hybrid molecule might have improved binding affinity and thus a higher JNK3 score.

<<<Molecule>>>: \box{COc1ccccc1C(=O)Nc1ccc2c(N3CCCC3)ncnc2c1}}","I have two molecules and their JNK3 scores. The JNK3 score measures a molecular's biological activity against JNK3.


[COc1ccccc1C(=O)Nc1ccc2c(N3[CH]CCC3)ncnc2c1,0.15]
[Cc1ccccc1C(=O)Nc1ccc2c(N3CCCC3)ncnc2c1,0.19]Please propose a new molecule that has a higher JNK3 score. You can either make crossover and mutations based on the given molecules or just propose a new molecule based on your knowledge.



Your output should follow the format: {<<<Explaination>>>: $EXPLANATION, <<<Molecule>>>: \box{$Molecule}}. Here are the requirements:

        

1. $EXPLANATION should be your analysis.
2. The $Molecule should be the smiles of your propsosed molecule.
3. The molecule should be valid.
        "
14,4,Cc1ccccc1C(=O)Nc1ccc2c(N3CCCC3)ncnc2c1,0.19,0.06300000000000001,0.22,0.01,0.05543163958125961,188,False,,,
14,5,CC1=CC=C(O)C=C1C(=O)NC1=CC=C2C(=C1)N=CN=C2N1CCCC1,0.19,0.06300000000000001,0.22,0.01,0.05543163958125961,188,False,,,
14,6,O=C(Nc1ccc2c(N3CCCC3)ncnc2c1)c1ccccc1O,0.18,0.06300000000000001,0.22,0.01,0.05543163958125961,188,False,,"{<<<Explanation>>>: Both given molecules share a common scaffold: a benzamide linked to a fused bicyclic system containing a piperidine ring. The difference lies in the substituent on the benzene ring attached to the amide: one has a methyl group (–CH3) and the other a methoxy group (–OCH3). The methoxy substituent (electron-donating and capable of hydrogen bonding) slightly improves the JNK3 score (0.2 vs 0.19). To further enhance activity, I propose introducing a stronger electron-donating group that can also engage in hydrogen bonding, such as a hydroxyl group (–OH), which often improves binding affinity by forming additional hydrogen bonds with the target. Additionally, placing the hydroxyl group para to the amide linkage on the benzene ring could optimize interactions. Therefore, I propose replacing the methyl/methoxy substituent with a para-hydroxy group on the benzamide phenyl ring, keeping the rest of the molecule intact. This modification is likely to increase the JNK3 score by improving binding interactions.

<<<Molecule>>>: \box{Oc1ccccc1C(=O)Nc1ccc2c(N3CCCC3)ncnc2c1}}","I have two molecules and their JNK3 scores. The JNK3 score measures a molecular's biological activity against JNK3.


[Cc1ccccc1C(=O)Nc1ccc2c(N3CCCC3)ncnc2c1,0.19]
[COc1ccccc1C(=O)Nc1ccc2c(N3CCCC3)ncnc2c1,0.2]Please propose a new molecule that has a higher JNK3 score. You can either make crossover and mutations based on the given molecules or just propose a new molecule based on your knowledge.



Your output should follow the format: {<<<Explaination>>>: $EXPLANATION, <<<Molecule>>>: \box{$Molecule}}. Here are the requirements:

        

1. $EXPLANATION should be your analysis.
2. The $Molecule should be the smiles of your propsosed molecule.
3. The molecule should be valid.
        "
14,7,COC1=CC(F)=CC=C1C(=O)NC1=CC=C2C(=C1)N=CN=C2C1=CC=CC=C1,0.18,0.06300000000000001,0.22,0.01,0.05543163958125961,188,False,,Fallback to genetic operations due to LLM error: ,"Fallback genetic operation for parents: ['COC1=CC(F)=CC=C1C(=O)NC1=CC=C2C(=C1)N=CN=C2N1CCOCC1', 'CCC[C@@H](C(=O)N1CCN(CC(=O)NC2=C(C)C=CC=C2C)CC1)C1=CC=CC=C1']"
14,8,COC1=CC=CC=C1NC1=CC=C(CNC(=O)NC2=CC=C3C(=C2)N=CN=C3N2CCCC2)C=C1,0.18,0.06300000000000001,0.22,0.01,0.05543163958125961,188,False,,,
14,9,COc1cc(O)ccc1C(=O)Nc1ccc2c(-c3ccccc3)ncnc2c1,0.18,0.06300000000000001,0.22,0.01,0.05543163958125961,188,False,,"Both given molecules are identical, with a JNK3 score of 0.18, indicating moderate activity. To improve the JNK3 score, we can consider structural modifications known to enhance kinase inhibition, such as introducing additional hydrogen bond donors or acceptors, or adding groups that increase binding affinity. The current molecule has a methoxy group (COC) and a fluorophenyl ring. One common strategy is to replace the fluorine with a hydroxyl group to increase hydrogen bonding potential or add a small polar substituent on the phenyl ring to improve interactions. Alternatively, adding a methyl group on the pyrazolopyrimidine core can enhance hydrophobic interactions. Here, I propose replacing the fluorine atom with a hydroxyl group on the phenyl ring to potentially increase binding affinity and thus the JNK3 score.","I have two molecules and their JNK3 scores. The JNK3 score measures a molecular's biological activity against JNK3.


[COC1=CC(F)=CC=C1C(=O)NC1=CC=C2C(=C1)N=CN=C2C1=CC=CC=C1,0.18]
[COC1=CC(F)=CC=C1C(=O)NC1=CC=C2C(=C1)N=CN=C2C1=CC=CC=C1,0.18]Please propose a new molecule that has a higher JNK3 score. You can either make crossover and mutations based on the given molecules or just propose a new molecule based on your knowledge.



Your output should follow the format: {<<<Explaination>>>: $EXPLANATION, <<<Molecule>>>: \box{$Molecule}}. Here are the requirements:

        

1. $EXPLANATION should be your analysis.
2. The $Molecule should be the smiles of your propsosed molecule.
3. The molecule should be valid.
        "
14,10,COc1cc(F)ccc1C(=O)Nc1ccc2c(-c3ccncc3N3CCOCC3)ncnc2c1,0.18,0.06300000000000001,0.22,0.01,0.05543163958125961,188,False,,"Both given molecules have a JNK3 score of 0.14, indicating moderate activity. They share some common features: a methoxy-substituted aromatic ring and a heterocyclic system with nitrogen atoms, which are likely important for binding to JNK3. To improve the score, I propose combining the key features of both molecules: the fluorinated methoxyphenyl amide from the first molecule and the fused heterocyclic system from the second molecule, while introducing a small mutation to enhance binding affinity. Specifically, I will replace the piperidine ring in the first molecule with the morpholine ring from the second molecule, as morpholine can improve solubility and potentially enhance interactions. Additionally, I will keep the fluorine substituent on the aromatic ring to maintain electronic effects favorable for binding. This crossover and mutation aim to create a molecule with better binding properties and thus a higher JNK3 score.","I have two molecules and their JNK3 scores. The JNK3 score measures a molecular's biological activity against JNK3.


[COc1cc(F)ccc1C(=O)Nc1ccc2c(-c3ccncc3N3CCCC3)ncnc2c1,0.14]
[COC1=CC(F)=CC=C1C(=O)NC1=CC=C2C(=C1)N=CN=C2N1CCOCC1,0.14]Please propose a new molecule that has a higher JNK3 score. You can either make crossover and mutations based on the given molecules or just propose a new molecule based on your knowledge.



Your output should follow the format: {<<<Explaination>>>: $EXPLANATION, <<<Molecule>>>: \box{$Molecule}}. Here are the requirements:

        

1. $EXPLANATION should be your analysis.
2. The $Molecule should be the smiles of your propsosed molecule.
3. The molecule should be valid.
        "
14,11,Cc1cc(Br)ccc1C(=O)Nc1ccc2c(N3CCCC3)ncnc2c1,0.16,0.06300000000000001,0.22,0.01,0.05543163958125961,188,False,,"The first molecule has a higher JNK3 score (0.19) compared to the second (0.02), suggesting that the core structure with the fused bicyclic system containing the pyrazolopyrimidine moiety and the piperidine ring (N3CCCC3) contributes positively to activity. The second molecule has a simpler aniline derivative with halogen substitutions (Br and Cl) but much lower activity. To improve activity, I propose to combine the favorable features: retain the bicyclic pyrazolopyrimidine core and piperidine ring from the first molecule, and introduce a halogen substitution (like Br) on the phenyl ring to potentially enhance binding through halogen bonding or hydrophobic interactions. Additionally, I will keep the amide linkage for stability. This hybrid approach aims to increase the JNK3 score by combining beneficial structural elements from both molecules.","I have two molecules and their JNK3 scores. The JNK3 score measures a molecular's biological activity against JNK3.


[Cc1ccccc1C(=O)Nc1ccc2c(N3CCCC3)ncnc2c1,0.19]
[Cc1cc(NC(=O)Nc2cccc(Cl)c2)ncc1Br,0.02]Please propose a new molecule that has a higher JNK3 score. You can either make crossover and mutations based on the given molecules or just propose a new molecule based on your knowledge.



Your output should follow the format: {<<<Explaination>>>: $EXPLANATION, <<<Molecule>>>: \box{$Molecule}}. Here are the requirements:

        

1. $EXPLANATION should be your analysis.
2. The $Molecule should be the smiles of your propsosed molecule.
3. The molecule should be valid.
        "
14,12,COc1ccccc1Nc1ccc(NC(=O)c2cc(C(F)(F)F)ccc2OCC2CNCCO2)c(N)c1,0.16,0.06300000000000001,0.22,0.01,0.05543163958125961,188,False,,"{<<<Explanation>>>: Both given molecules have a low JNK3 score of 0.09, indicating weak activity. The first molecule features a methoxyphenyl group and a trifluoromethyl-substituted aromatic amide, while the second contains a hydrazide linked to a fused bicyclic heteroaromatic system with a morpholine ring. To improve JNK3 activity, I propose combining the key features: the trifluoromethyl group (which can enhance binding through hydrophobic and electronic effects) and the bicyclic heteroaromatic system (which may improve specificity and binding affinity). Additionally, replacing the hydrazide linker with a more stable amide bond and retaining the morpholine ring for solubility and interaction could enhance activity. This hybrid molecule merges beneficial elements from both structures, potentially increasing JNK3 inhibition. 

<<<Molecule>>>: \box{COc1ccccc1Nc1ccc(NC(=O)c2cc(C(F)(F)F)ccc2OCC3CNCCO3)c(N)c1}}","I have two molecules and their JNK3 scores. The JNK3 score measures a molecular's biological activity against JNK3.


[COc1ccccc1Nc1ccc(NC(=O)c2cc(C(F)(F)F)ccc2OC)c(N)c1,0.09]
[Cc1ccccc1C(=O)NNc1ccc2c(N3CCCO3)ncnc2c1,0.09]Please propose a new molecule that has a higher JNK3 score. You can either make crossover and mutations based on the given molecules or just propose a new molecule based on your knowledge.



Your output should follow the format: {<<<Explaination>>>: $EXPLANATION, <<<Molecule>>>: \box{$Molecule}}. Here are the requirements:

        

1. $EXPLANATION should be your analysis.
2. The $Molecule should be the smiles of your propsosed molecule.
3. The molecule should be valid.
        "
14,13,COC1=CC=CC=C1C(=O)NC1=CC=C2C(=C1)N=CN=C2N1[CH]CCC1,0.15,0.06300000000000001,0.22,0.01,0.05543163958125961,188,False,,,
14,14,COC1=CC(F)=CC=C1C(=O)NC1=CC=C2C(=C1)N=CN=C2N1CCCC1,0.14,0.06300000000000001,0.22,0.01,0.05543163958125961,188,False,,,
14,15,COC1=CC(F)=CC=C1C(=O)NC1=CC=C2C(=C1)N=CN=C2N1CCOCC1,0.14,0.06300000000000001,0.22,0.01,0.05543163958125961,188,False,,,
14,16,COc1ccc(C(F)(F)F)cc1C(=O)Nc1ccc2c(N3[CH]CCC3)ncnc2c1,0.14,0.06300000000000001,0.22,0.01,0.05543163958125961,188,False,,"The first molecule has a higher JNK3 score (0.15) compared to the second (0.04), indicating better activity. The first molecule features a methoxyphenyl group linked via an amide to a bicyclic heterocycle containing a nitrogen-rich fused ring system, which likely contributes to its higher activity. The second molecule has a nitro-substituted phenyl ring and a trifluoromethyl group on a lactam ring, but its activity is lower.

To improve activity, I propose combining the favorable features of both molecules: retain the bicyclic heterocycle and amide linkage from the first molecule, but introduce the trifluoromethyl group from the second molecule to enhance binding affinity and metabolic stability. Specifically, I will modify the first molecule by adding a trifluoromethyl group on the phenyl ring (para to the methoxy group) to potentially increase hydrophobic interactions and improve activity.

This hybrid approach leverages the higher activity scaffold of the first molecule and the beneficial trifluoromethyl substitution from the second.","I have two molecules and their JNK3 scores. The JNK3 score measures a molecular's biological activity against JNK3.


[COc1ccccc1C(=O)Nc1ccc2c(N3[CH]CCC3)ncnc2c1,0.15]
[CC(=O)c1ccc(N[C@H]2CC(=O)N(CC(F)(F)F)C2)c([N+](=O)[O-])c1,0.04]Please propose a new molecule that has a higher JNK3 score. You can either make crossover and mutations based on the given molecules or just propose a new molecule based on your knowledge.



Your output should follow the format: {<<<Explaination>>>: $EXPLANATION, <<<Molecule>>>: \box{$Molecule}}. Here are the requirements:

        

1. $EXPLANATION should be your analysis.
2. The $Molecule should be the smiles of your propsosed molecule.
3. The molecule should be valid.
        "
14,17,COc1ccccc1C(=O)Nc1ccc2c(N3CCCN3)ncnc2c1,0.14,0.06300000000000001,0.22,0.01,0.05543163958125961,188,False,,"{<<<Explanation>>>: The first molecule has a JNK3 score of 0.15, which is higher than the second molecule's 0.07. The first molecule features a methoxyphenyl group linked to a bicyclic heterocycle containing a nitrogen bridge, while the second molecule has a more complex structure with nitro groups and a charged amine. Nitro groups and charged groups often reduce cell permeability and can negatively impact activity. To improve the JNK3 score, I propose to combine the favorable features of the first molecule (the methoxyphenyl and bicyclic heterocycle) with a less polar, less charged substituent inspired by the second molecule's amine side chain but without the nitro groups. Specifically, I will replace the nitro-substituted aromatic amine in the second molecule with a simpler, neutral amine side chain attached to the bicyclic core of the first molecule, maintaining the methoxyphenyl group and the amide linkage. This hybrid should improve binding affinity and biological activity by preserving key interactions and reducing polarity and charge that may hinder activity.

<<<Molecule>>>: \box{COc1ccccc1C(=O)Nc1ccc2c(N3CCCN3)ncnc2c1} }","I have two molecules and their JNK3 scores. The JNK3 score measures a molecular's biological activity against JNK3.


[COc1ccccc1C(=O)Nc1ccc2c(N3[CH]CCC3)ncnc2c1,0.15]
[O=C(NCC1CCC[NH+](Cc2cc(O)ccc2[N+](=O)[O-])C1)Nc1ccc(Cn2cc(Cl)c([N+](=O)[O-])n2)cc1,0.07]Please propose a new molecule that has a higher JNK3 score. You can either make crossover and mutations based on the given molecules or just propose a new molecule based on your knowledge.



Your output should follow the format: {<<<Explaination>>>: $EXPLANATION, <<<Molecule>>>: \box{$Molecule}}. Here are the requirements:

        

1. $EXPLANATION should be your analysis.
2. The $Molecule should be the smiles of your propsosed molecule.
3. The molecule should be valid.
        "
14,18,COc1cc(F)ccc1C(=O)Nc1ccc2c(-c3ccncc3N3CCCC3)ncnc2c1,0.14,0.06300000000000001,0.22,0.01,0.05543163958125961,188,False,,"Both given molecules share a core structure involving a methoxyphenyl group linked via an amide bond to a fused bicyclic system containing a pyrimidine ring. The second molecule has a slightly higher JNK3 score (0.18 vs 0.15), possibly due to the presence of a fluorine substituent on the phenyl ring and an additional phenyl ring attached to the fused bicyclic system, which may enhance binding affinity through hydrophobic interactions or electronic effects.

To propose a molecule with a potentially higher JNK3 score, I will combine beneficial features from both molecules and introduce a small mutation to improve binding. Specifically:

- Retain the methoxy group on the phenyl ring for favorable electronic effects.
- Keep the fluorine substituent to maintain or enhance binding.
- Maintain the fused bicyclic pyrimidine core.
- Replace the phenyl ring attached to the bicyclic system with a pyridine ring to introduce a nitrogen atom that can form additional hydrogen bonds or coordinate with the kinase active site.
- Replace the flexible aliphatic ring in the first molecule with a more rigid piperidine ring to improve binding affinity by reducing entropy loss.

This crossover and mutation strategy aims to combine hydrophobic, electronic, and hydrogen bonding interactions to increase the JNK3 score.","I have two molecules and their JNK3 scores. The JNK3 score measures a molecular's biological activity against JNK3.


[COC1=CC=CC=C1C(=O)NC1=CC=C2C(=C1)N=CN=C2N1[CH]CCC1,0.15]
[COC1=CC(F)=CC=C1C(=O)NC1=CC=C2C(=C1)N=CN=C2C1=CC=CC=C1,0.18]Please propose a new molecule that has a higher JNK3 score. You can either make crossover and mutations based on the given molecules or just propose a new molecule based on your knowledge.



Your output should follow the format: {<<<Explaination>>>: $EXPLANATION, <<<Molecule>>>: \box{$Molecule}}. Here are the requirements:

        

1. $EXPLANATION should be your analysis.
2. The $Molecule should be the smiles of your propsosed molecule.
3. The molecule should be valid.
        "
14,19,COc1cc(F)ccc1C(=O)Nc1ccc2c(N3CCCC3)ncnc2c1,0.14,0.06300000000000001,0.22,0.01,0.05543163958125961,188,False,,"{<<<Explanation>>>: The two given molecules have JNK3 scores of 0.18 and 0.2, respectively. Both share a common motif of a benzamide linked to a bicyclic heterocycle containing nitrogen atoms, which likely contributes to JNK3 binding. The second molecule has a slightly higher score, possibly due to the presence of the piperidine ring (N3CCCC3) fused to the bicyclic system, which may enhance binding affinity or improve molecular interactions.

To propose a molecule with a potentially higher JNK3 score, I will combine favorable features from both molecules: the fluorine substitution on the phenyl ring from the first molecule (which can improve binding through electronic effects) and the piperidine-containing bicyclic heterocycle from the second molecule. Additionally, I will add a methoxy group on the phenyl ring to increase polarity and potential hydrogen bonding, which can improve activity.

This new molecule will have a 3-fluoro-4-methoxybenzamide linked to the bicyclic heterocycle with the piperidine ring, aiming to enhance binding affinity and thus increase the JNK3 score.

<<<Molecule>>>: \box{COc1cc(F)ccc1C(=O)Nc1ccc2c(N3CCCC3)ncnc2c1}}","I have two molecules and their JNK3 scores. The JNK3 score measures a molecular's biological activity against JNK3.


[COC1=CC(F)=CC=C1C(=O)NC1=CC=C2C(=C1)N=CN=C2C1=CC=CC=C1,0.18]
[COc1ccccc1C(=O)Nc1ccc2c(N3CCCC3)ncnc2c1,0.2]Please propose a new molecule that has a higher JNK3 score. You can either make crossover and mutations based on the given molecules or just propose a new molecule based on your knowledge.



Your output should follow the format: {<<<Explaination>>>: $EXPLANATION, <<<Molecule>>>: \box{$Molecule}}. Here are the requirements:

        

1. $EXPLANATION should be your analysis.
2. The $Molecule should be the smiles of your propsosed molecule.
3. The molecule should be valid.
        "
14,20,O=C(Nc1ccc2c(N3CNC3)ncnc2c1)c1ccccc1F,0.13,0.06300000000000001,0.22,0.01,0.05543163958125961,188,False,,"The first molecule has a low JNK3 score (0.04) and contains a positively charged amine linked to a fluorophenyl-substituted heterocycle. The second molecule has a higher score (0.18) and features a urea linkage connecting a hydroxyphenyl group and a bicyclic purine-like system with a piperidine ring. To improve the JNK3 score, I propose combining the urea linkage and bicyclic purine scaffold from the second molecule with the fluorophenyl group from the first molecule, as fluorine substitution often enhances binding affinity and metabolic stability. Additionally, replacing the piperidine ring with a smaller azetidine ring may improve binding by reducing steric hindrance and increasing conformational rigidity. This hybrid molecule maintains key pharmacophores from the higher scoring molecule while incorporating beneficial features from the first molecule, potentially increasing JNK3 activity.","I have two molecules and their JNK3 scores. The JNK3 score measures a molecular's biological activity against JNK3.


[CC1=CN=C(C[NH+](C)CCCC2=NNC(C3=CC=C(F)C=C3)=C2)O1,0.04]
[O=C(Nc1ccc2c(N3CCCC3)ncnc2c1)c1ccccc1O,0.18]Please propose a new molecule that has a higher JNK3 score. You can either make crossover and mutations based on the given molecules or just propose a new molecule based on your knowledge.



Your output should follow the format: {<<<Explaination>>>: $EXPLANATION, <<<Molecule>>>: \box{$Molecule}}. Here are the requirements:

        

1. $EXPLANATION should be your analysis.
2. The $Molecule should be the smiles of your propsosed molecule.
3. The molecule should be valid.
        "
14,21,O=C(Nc1ccc2c(N3CCCC3)ncnc2c1)c1ccc(F)cc1O,0.13,0.06300000000000001,0.22,0.01,0.05543163958125961,188,False,,"{<<<Explanation>>>: Both given molecules share a common core structure: a substituted aminopyrimidine fused to a phenyl ring, with a piperidine ring attached to the pyrimidine nitrogen. The difference lies in the amide substituent: one has a methylphenyl group (Cc1ccccc1C(=O)N...), and the other has a hydroxyphenyl group (O=C(Nc1ccc2c(N3CCCC3)ncnc2c1)c1ccccc1O). Their JNK3 scores are close (0.19 and 0.18), suggesting similar activity.

To improve the JNK3 score, I propose combining features from both molecules and introducing a small mutation to enhance binding affinity. Specifically, I will:

1. Retain the aminopyrimidine-piperidine core, as it is common and likely essential.
2. Use the hydroxyphenyl amide substituent, as the hydroxyl group can form hydrogen bonds, potentially improving activity.
3. Add a fluorine atom to the phenyl ring of the amide substituent to increase binding affinity and metabolic stability, as fluorine often enhances biological activity.
4. Keep the piperidine ring intact.

This new molecule is expected to have improved interactions with JNK3 due to the hydroxyl and fluorine substituents, potentially increasing the JNK3 score.

<<<Molecule>>>: \box{O=C(Nc1ccc2c(N3CCCC3)ncnc2c1)c1ccc(F)cc1O}}","I have two molecules and their JNK3 scores. The JNK3 score measures a molecular's biological activity against JNK3.


[Cc1ccccc1C(=O)Nc1ccc2c(N3CCCC3)ncnc2c1,0.19]
[O=C(Nc1ccc2c(N3CCCC3)ncnc2c1)c1ccccc1O,0.18]Please propose a new molecule that has a higher JNK3 score. You can either make crossover and mutations based on the given molecules or just propose a new molecule based on your knowledge.



Your output should follow the format: {<<<Explaination>>>: $EXPLANATION, <<<Molecule>>>: \box{$Molecule}}. Here are the requirements:

        

1. $EXPLANATION should be your analysis.
2. The $Molecule should be the smiles of your propsosed molecule.
3. The molecule should be valid.
        "
14,22,COc1ccc(C(=O)N2CCCC(C(=O)Nc3ccc(-c4ccncc4)cc3)C2)cc1,0.12,0.06300000000000001,0.22,0.01,0.05543163958125961,188,False,,"Both given molecules have relatively low JNK3 scores (0.06 and 0.05), indicating modest activity. The first molecule features a piperidine ring linked to an amide and a substituted phenyl ring with a pyrazole moiety, while the second molecule contains a methoxy-substituted aromatic system with a nitro group and an amide linkage. To potentially increase JNK3 activity, I propose combining the amide-linked aromatic system from the first molecule with the electron-donating methoxy groups from the second molecule to enhance binding affinity and improve interactions with the JNK3 active site. Additionally, replacing the pyrazole ring with a more planar heterocycle like a pyridine could improve stacking interactions. Therefore, I propose a molecule with a piperidine ring linked via an amide to a methoxy-substituted phenyl ring, which is further connected to a pyridine ring. This hybrid design aims to improve binding affinity and thus increase the JNK3 score.","I have two molecules and their JNK3 scores. The JNK3 score measures a molecular's biological activity against JNK3.


[Cc1nonc1CC(=O)N1CCC[C@H](C(=O)Nc2ccc(-c3ccn[nH]3)cc2)C1,0.06]
[COc1ccc(CNC(=O)c2cc(OC)c(OC)cc2[N+](=O)[O-])cn1,0.05]Please propose a new molecule that has a higher JNK3 score. You can either make crossover and mutations based on the given molecules or just propose a new molecule based on your knowledge.



Your output should follow the format: {<<<Explaination>>>: $EXPLANATION, <<<Molecule>>>: \box{$Molecule}}. Here are the requirements:

        

1. $EXPLANATION should be your analysis.
2. The $Molecule should be the smiles of your propsosed molecule.
3. The molecule should be valid.
        "
14,23,Cc1cc(F)ccc1C(=O)Nc1ccc2c(N3CCOCC3)ncnc2c1,0.12,0.06300000000000001,0.22,0.01,0.05543163958125961,188,False,,"The first molecule has a higher JNK3 score (0.19) compared to the second (0.07), indicating that the amide-linked aromatic system with a fused bicyclic heterocycle (a purine-like structure with a piperidine substituent) is more favorable for activity. The second molecule has a rigid bicyclic scaffold with a nitro-substituted phenyl ring, which might contribute less to activity. To improve the score, I propose combining the amide linkage and aromatic system from the first molecule with a modification to increase binding affinity: replacing the piperidine ring with a morpholine ring (which can improve solubility and hydrogen bonding) and adding a small electron-withdrawing group (like fluorine) on the phenyl ring to enhance interactions. This hybrid approach aims to retain the favorable scaffold of the first molecule while introducing beneficial mutations to improve activity against JNK3.","I have two molecules and their JNK3 scores. The JNK3 score measures a molecular's biological activity against JNK3.


[Cc1ccccc1C(=O)Nc1ccc2c(N3CCCC3)ncnc2c1,0.19]
[O=C(N1CCOCC1)C12C[C@H]3C[C@@H](C1)CC(c1ccc([N+](=O)[O-])cc1)(C3)C2,0.07]Please propose a new molecule that has a higher JNK3 score. You can either make crossover and mutations based on the given molecules or just propose a new molecule based on your knowledge.



Your output should follow the format: {<<<Explaination>>>: $EXPLANATION, <<<Molecule>>>: \box{$Molecule}}. Here are the requirements:

        

1. $EXPLANATION should be your analysis.
2. The $Molecule should be the smiles of your propsosed molecule.
3. The molecule should be valid.
        "
14,24,COc1ccc(C(F)(F)F)cc1C(=O)N(C)Cc1ccc2c(N3CCC3)ncnc2c1,0.12,0.06300000000000001,0.22,0.01,0.05543163958125961,188,False,,"{<<<Explanation>>>: The first molecule has a higher JNK3 score (0.14) compared to the second (0.02), indicating that the scaffold containing the trifluoromethyl-substituted aromatic ring linked to a fused bicyclic heterocycle (likely a purine or similar) is more active. The second molecule is a simpler amide with alkyl and methyl substitutions and shows lower activity. To improve activity, I propose to combine the trifluoromethyl-substituted aromatic ring and amide linkage from the first molecule with the methylated amine substitution from the second molecule to enhance binding and possibly improve pharmacokinetics. Additionally, introducing a small alkyl substitution on the nitrogen of the amide may increase lipophilicity and binding affinity. This hybrid molecule retains the key trifluoromethyl aromatic motif and fused bicyclic heterocycle for activity, while incorporating beneficial substitutions from the second molecule to potentially increase the JNK3 score. 

<<<Molecule>>>: \box{COc1ccc(C(F)(F)F)cc1C(=O)N(C)Cc2ccc3c(N4CCC4)ncnc3c2}}","I have two molecules and their JNK3 scores. The JNK3 score measures a molecular's biological activity against JNK3.


[COc1ccc(C(F)(F)F)cc1C(=O)Nc1ccc2c(N3[CH]CCC3)ncnc2c1,0.14]
[CCSC[C@@H](C)N(C)C(=O)NCc1ccc(C)cc1N(C)C,0.02]Please propose a new molecule that has a higher JNK3 score. You can either make crossover and mutations based on the given molecules or just propose a new molecule based on your knowledge.



Your output should follow the format: {<<<Explaination>>>: $EXPLANATION, <<<Molecule>>>: \box{$Molecule}}. Here are the requirements:

        

1. $EXPLANATION should be your analysis.
2. The $Molecule should be the smiles of your propsosed molecule.
3. The molecule should be valid.
        "
14,25,COc1ccc(CN2CCC(CNC(=O)c3c[nH]nc3-c3ccc(Cl)c([N+](=O)[O-])c3)CC2)cc1,0.11,0.06300000000000001,0.22,0.01,0.05543163958125961,188,False,,"{<<<Explanation>>>: Both given molecules have a JNK3 score of 0.05, indicating relatively low activity. They share some common features: an amide linkage connected to heterocyclic systems and aromatic rings with electron-withdrawing groups (Cl, NO2). To potentially increase JNK3 activity, I propose combining favorable features from both molecules: the pyrazole-based heterocycle from the first molecule and the nitro-substituted chlorinated aromatic ring from the second molecule. Additionally, introducing a methoxy group on the aromatic ring (as in the first molecule) may enhance binding through electronic effects. I also suggest replacing the piperidinium ring (positively charged nitrogen in the first molecule) with a neutral piperidine to reduce potential off-target interactions and improve membrane permeability. This crossover and mutation aim to improve binding affinity and biological activity against JNK3. 

<<<Molecule>>>: \box{COc1ccc(CN2CCC(CNC(=O)c3c[nH]nc3-c3ccc(Cl)c([N+](=O)[O-])c3)CC2)cc1}}}","I have two molecules and their JNK3 scores. The JNK3 score measures a molecular's biological activity against JNK3.


[COc1ccc(C[NH+]2CCC(CNC(=O)c3c[nH]nc3-c3ccc(Cl)cc3)CC2)cc1,0.05]
[Cc1nn(C)cc1CNC(=O)c1ccc(Cn2cc(Cl)c([N+](=O)[O-])n2)cc1,0.05]Please propose a new molecule that has a higher JNK3 score. You can either make crossover and mutations based on the given molecules or just propose a new molecule based on your knowledge.



Your output should follow the format: {<<<Explaination>>>: $EXPLANATION, <<<Molecule>>>: \box{$Molecule}}. Here are the requirements:

        

1. $EXPLANATION should be your analysis.
2. The $Molecule should be the smiles of your propsosed molecule.
3. The molecule should be valid.
        "
14,26,CC(=O)Nc1ccc(NCc2csc(-c3cccc(Cl)c3)n2)c(C(F)(F)F)c1,0.11,0.06300000000000001,0.22,0.01,0.05543163958125961,188,False,,"{<<<Explanation>>>: The first molecule has a JNK3 score of 0.06 and contains a complex bicyclic system with a chlorophenyl-thiazole moiety and fluorinated aromatic rings, suggesting that halogenation and heterocyclic structures contribute to activity. The second molecule has a slightly higher score of 0.08 and features an acetamide linked to a trifluoromethyl-substituted aromatic ring and a fluorobenzyl amine, indicating that electron-withdrawing groups like CF3 and fluorine on aromatic rings may enhance activity. To propose a molecule with a potentially higher JNK3 score, I will combine features from both molecules: retain the acetamide and trifluoromethyl-substituted aromatic ring from the second molecule for potency, and introduce a heterocyclic thiazole ring with a chlorophenyl substituent from the first molecule to enhance binding affinity. Additionally, I will keep fluorine substituents to maintain electron-withdrawing effects. This hybrid molecule is expected to have improved interactions with JNK3, potentially increasing the score beyond 0.08. 

<<<Molecule>>>: \box{CC(=O)Nc1ccc(NCc2csc(n2)C3=CC=CC(Cl)=C3)c(C(F)(F)F)c1}}","I have two molecules and their JNK3 scores. The JNK3 score measures a molecular's biological activity against JNK3.


[COC1=CC(F)=C(NC(=O)C=C2CN(C(=O)NC3=NC=C(CC4=CC=CC(Cl)=C4)S3)C2)C=C1F,0.06]
[CC(=O)Nc1ccc(NCc2ccccc2F)c(C(F)(F)F)c1,0.08]Please propose a new molecule that has a higher JNK3 score. You can either make crossover and mutations based on the given molecules or just propose a new molecule based on your knowledge.



Your output should follow the format: {<<<Explaination>>>: $EXPLANATION, <<<Molecule>>>: \box{$Molecule}}. Here are the requirements:

        

1. $EXPLANATION should be your analysis.
2. The $Molecule should be the smiles of your propsosed molecule.
3. The molecule should be valid.
        "
14,27,COc1ccccc1C(=O)N1CCCC(C(=O)Nc2ccc(-c3ccncc3)cc2)C1,0.1,0.06300000000000001,0.22,0.01,0.05543163958125961,188,False,,"{<<<Explanation>>>: The first molecule has a JNK3 score of 0.12 and features a piperidine ring linked to an amide and a methoxyphenyl group, with an additional amide connected to a biphenyl-pyridine moiety. The second molecule has a higher score of 0.2 and contains a methoxyphenyl group connected via an amide to a fused bicyclic system with a piperidine ring incorporated in the structure. The second molecule’s fused bicyclic system with a nitrogen heterocycle likely contributes to better binding affinity.

To propose a molecule with a potentially higher JNK3 score, I will combine the favorable features of both molecules: the methoxyphenyl amide from the second molecule and the biphenyl-pyridine moiety from the first molecule, while maintaining the piperidine ring that may enhance binding. Specifically, I will design a molecule where the methoxyphenyl amide is connected to a piperidine ring, which is further connected via an amide to the biphenyl-pyridine fragment. This hybrid should retain key pharmacophores and possibly improve activity.

<<<Molecule>>>: \box{COc1ccccc1C(=O)N2CCCC(C(=O)Nc3ccc(-c4ccncc4)cc3)C2}}}","I have two molecules and their JNK3 scores. The JNK3 score measures a molecular's biological activity against JNK3.


[COc1ccc(C(=O)N2CCCC(C(=O)Nc3ccc(-c4ccncc4)cc3)C2)cc1,0.12]
[COc1ccccc1C(=O)Nc1ccc2c(N3CCCC3)ncnc2c1,0.2]Please propose a new molecule that has a higher JNK3 score. You can either make crossover and mutations based on the given molecules or just propose a new molecule based on your knowledge.



Your output should follow the format: {<<<Explaination>>>: $EXPLANATION, <<<Molecule>>>: \box{$Molecule}}. Here are the requirements:

        

1. $EXPLANATION should be your analysis.
2. The $Molecule should be the smiles of your propsosed molecule.
3. The molecule should be valid.
        "
14,28,CCSCC(C)N(C)C(=O)NCc1ccc(Nc2ccccc2OC)cc1N(C)C,0.09,0.06300000000000001,0.22,0.01,0.05543163958125961,188,False,,"Both given molecules have very low JNK3 scores (0.02 and 0.01), indicating weak activity. The first molecule features a peptide-like backbone with an amide linkage and aromatic substitution, while the second has a bicyclic system with a positively charged amine and a bulky tert-butyl ether group. To improve JNK3 activity, it is often beneficial to combine features that enhance binding affinity, such as maintaining the amide linkage for hydrogen bonding and incorporating aromatic or heteroaromatic rings for π-π stacking interactions. Additionally, reducing steric hindrance and optimizing the basic amine groups can improve binding. I propose a molecule that merges the amide backbone and aromatic substitution from the first molecule with a less bulky, more planar bicyclic aromatic system inspired by the second molecule, replacing the bulky tert-butyl group with a simpler methoxy group to reduce steric hindrance and maintain polarity. This hybrid molecule should have improved binding potential and thus a higher JNK3 score.","I have two molecules and their JNK3 scores. The JNK3 score measures a molecular's biological activity against JNK3.


[CCSC[C@@H](C)N(C)C(=O)NCc1ccc(C)cc1N(C)C,0.02]
[CC(C)C[C@H]1C[NH2+]CC[C@@H]1c1cccc2c1OC(C)(C)C2,0.01]Please propose a new molecule that has a higher JNK3 score. You can either make crossover and mutations based on the given molecules or just propose a new molecule based on your knowledge.



Your output should follow the format: {<<<Explaination>>>: $EXPLANATION, <<<Molecule>>>: \box{$Molecule}}. Here are the requirements:

        

1. $EXPLANATION should be your analysis.
2. The $Molecule should be the smiles of your propsosed molecule.
3. The molecule should be valid.
        "
14,29,CC1=CC=C(Cl)C(O[C@H](C)C(=O)NC2=NC(C3=CC=C([C@@H](C)CC4=CC(O)=CC=C4[N+](=O)[O-])C=C3)=CS2)=C1,0.09,0.06300000000000001,0.22,0.01,0.05543163958125961,188,False,,Fallback to genetic operations due to LLM error: ,"Fallback genetic operation for parents: ['CC(=O)N[C@H](C)C1=CC=C(C2=CSC(NC(=O)[C@@H](C)OC3=CC(C)=CC=C3Cl)=N2)C=C1', 'O=C(NC[C@H]1CCC[NH+](CC2=CC(O)=CC=C2[N+](=O)[O-])C1)C1=CC=CC=C1']"
14,30,Cc1ccc(Cl)c(OC(C)C(=O)Nc2cccs2)c1-c1ccc(C(C)Cc2cc(O)ccc2[N+](=O)[O-])cc1,0.09,0.06300000000000001,0.22,0.01,0.05543163958125961,188,False,,"The first molecule has a higher JNK3 score (0.09) compared to the second (0.02), indicating that its structural features contribute more effectively to JNK3 activity. Key features in the first molecule include a chlorophenyl group, a chiral center with an amide linkage to a thiazole ring, and a nitrophenol moiety, which may contribute to binding affinity through hydrogen bonding and electronic effects. The second molecule has a methoxy-thiophene core with a bulky tert-butyl group and a chiral alcohol, but lower activity.

To design a molecule with potentially higher JNK3 activity, I propose combining the chlorophenyl and nitrophenol features from the first molecule with the thiophene core from the second molecule, which may enhance binding through aromatic and heterocyclic interactions. Additionally, I will retain the amide linkage and chiral center to preserve key interactions. I will replace the bulky tert-butyl group with a smaller isopropyl group to reduce steric hindrance and potentially improve fit in the binding site.

This hybrid molecule aims to integrate favorable features from both molecules to increase JNK3 activity.","I have two molecules and their JNK3 scores. The JNK3 score measures a molecular's biological activity against JNK3.


[CC1=CC=C(Cl)C(O[C@H](C)C(=O)NC2=NC(C3=CC=C([C@@H](C)CC4=CC(O)=CC=C4[N+](=O)[O-])C=C3)=CS2)=C1,0.09]
[COc1cc(-c2ccccc2)sc1C(=O)NC[C@@H](O)C(C)(C)C,0.02]Please propose a new molecule that has a higher JNK3 score. You can either make crossover and mutations based on the given molecules or just propose a new molecule based on your knowledge.



Your output should follow the format: {<<<Explaination>>>: $EXPLANATION, <<<Molecule>>>: \box{$Molecule}}. Here are the requirements:

        

1. $EXPLANATION should be your analysis.
2. The $Molecule should be the smiles of your propsosed molecule.
3. The molecule should be valid.
        "
14,31,Cc1ccccc1C(=O)NNc1ccc2c(N3CCCO3)ncnc2c1,0.09,0.06300000000000001,0.22,0.01,0.05543163958125961,188,False,,"{<<<Explanation>>>: The first molecule has a higher JNK3 score (0.19) compared to the second (0.03), indicating that the core structure of the first molecule is more favorable for JNK3 activity. The first molecule features a benzamide linked to a fused bicyclic system containing a nitrogen heterocycle and a piperidine ring, which likely contributes to binding affinity. The second molecule has a morpholine ring and a hydrazide group, which may not be as effective.

To propose a molecule with potentially higher JNK3 activity, I will combine the favorable benzamide and bicyclic heterocycle core from the first molecule with a modification inspired by the second molecule's morpholine ring, replacing the piperidine ring in the first molecule with a morpholine ring to improve solubility and possibly binding interactions. Additionally, I will replace the amide NH with a hydrazide (C(=O)NN) group from the second molecule, which might enhance hydrogen bonding and activity.

This hybrid molecule keeps the key bicyclic heterocycle and benzamide core from the first molecule but introduces the hydrazide and morpholine features from the second molecule, potentially increasing JNK3 activity beyond 0.19.

<<<Molecule>>>: \box{Cc1ccccc1C(=O)NNc1ccc2c(n3OCCC3)ncnc2c1}}","I have two molecules and their JNK3 scores. The JNK3 score measures a molecular's biological activity against JNK3.


[Cc1ccccc1C(=O)Nc1ccc2c(N3CCCC3)ncnc2c1,0.19]
[C[C@@H]1COCCN1Cc1ccc(C(=O)NN)cn1,0.03]Please propose a new molecule that has a higher JNK3 score. You can either make crossover and mutations based on the given molecules or just propose a new molecule based on your knowledge.



Your output should follow the format: {<<<Explaination>>>: $EXPLANATION, <<<Molecule>>>: \box{$Molecule}}. Here are the requirements:

        

1. $EXPLANATION should be your analysis.
2. The $Molecule should be the smiles of your propsosed molecule.
3. The molecule should be valid.
        "
14,32,CS[C@@H](C)C1=CC=C2C(=C1)N=CN=C2N1CCCC1,0.09,0.06300000000000001,0.22,0.01,0.05543163958125961,188,False,,Fallback to genetic operations due to LLM error: ,"Fallback genetic operation for parents: ['CS[C@@H](C)C1=CC(NC(=O)C2=CN(C)N=C2NC(=O)NCC2=CC=CC3=CC=CN=C32)=CC=C1', 'CC1=CC=C(O)C=C1C(=O)NC1=CC=C2C(=C1)N=CN=C2N1CCCC1']"
14,33,CC(=O)N(C)c1ccc(NCc2csc(-c3cccc(Cl)c3)n2)c(C(F)(F)F)c1,0.09,0.06300000000000001,0.22,0.01,0.05543163958125961,188,False,,"{<<<Explanation>>>: The first molecule has a higher JNK3 score (0.11) compared to the second (0.01), indicating that the acetamide-substituted aromatic system with a trifluoromethyl group and a chlorophenyl-thiazole moiety contributes positively to activity. The second molecule is a peptide-like structure with low activity. To improve the JNK3 score, I propose to retain the key pharmacophore features from the first molecule—namely, the acetamide group, the trifluoromethyl-substituted aromatic ring, and the chlorophenyl-thiazole moiety—but introduce a small modification to enhance binding, such as replacing the acetamide NH with a methylated amide (N-methylacetamide) to potentially improve metabolic stability and binding affinity. This mutation keeps the core scaffold intact but may improve activity. 

<<<Molecule>>>: \box{CC(=O)N(C)c1ccc(NCc2csc(-c3cccc(Cl)c3)n2)c(C(F)(F)F)c1}}","I have two molecules and their JNK3 scores. The JNK3 score measures a molecular's biological activity against JNK3.


[CC(=O)Nc1ccc(NCc2csc(-c3cccc(Cl)c3)n2)c(C(F)(F)F)c1,0.11]
[CSCC[C@H](NC(=O)N[C@@H]1CCCCC1(C)C)C(=O)[O-],0.01]Please propose a new molecule that has a higher JNK3 score. You can either make crossover and mutations based on the given molecules or just propose a new molecule based on your knowledge.



Your output should follow the format: {<<<Explaination>>>: $EXPLANATION, <<<Molecule>>>: \box{$Molecule}}. Here are the requirements:

        

1. $EXPLANATION should be your analysis.
2. The $Molecule should be the smiles of your propsosed molecule.
3. The molecule should be valid.
        "
14,34,COc1ccccc1Nc1ccc(NC(=O)c2cc(C(F)(F)F)ccc2OC)c(N)c1,0.09,0.06300000000000001,0.22,0.01,0.05543163958125961,188,False,,"{<<<Explanation>>>: The second molecule has a higher JNK3 score (0.14) compared to the first (0.09), likely due to its trifluoromethyl group (C(F)(F)F) and the fused bicyclic heteroaromatic system, which may enhance binding affinity and metabolic stability. To design a molecule with potentially higher activity, I propose combining the trifluoromethyl-substituted aromatic ring from the second molecule with the amide-linked aniline moiety bearing the methoxyphenyl group from the first molecule. Additionally, introducing a methyl substitution on the nitrogen of the amide (as in the first molecule) may improve binding interactions. This hybrid molecule retains key pharmacophores from both molecules that contribute to activity, potentially increasing the JNK3 score.

<<<Molecule>>>: \box{COc1ccc(C(F)(F)F)cc1C(=O)Nc1ccc(Nc2ccccc2OC)cc1N} }","I have two molecules and their JNK3 scores. The JNK3 score measures a molecular's biological activity against JNK3.


[CCSCC(C)N(C)C(=O)NCc1ccc(Nc2ccccc2OC)cc1N(C)C,0.09]
[COc1ccc(C(F)(F)F)cc1C(=O)Nc1ccc2c(N3[CH]CCC3)ncnc2c1,0.14]Please propose a new molecule that has a higher JNK3 score. You can either make crossover and mutations based on the given molecules or just propose a new molecule based on your knowledge.



Your output should follow the format: {<<<Explaination>>>: $EXPLANATION, <<<Molecule>>>: \box{$Molecule}}. Here are the requirements:

        

1. $EXPLANATION should be your analysis.
2. The $Molecule should be the smiles of your propsosed molecule.
3. The molecule should be valid.
        "
14,35,CC(=O)Nc1ccc(NCc2ccccc2F)c(C(F)(F)F)c1,0.08,0.06300000000000001,0.22,0.01,0.05543163958125961,188,False,,,
14,36,CC(=O)Nc1ccc(NCC2COC(N)C2C)c(C(F)(F)F)c1,0.08,0.06300000000000001,0.22,0.01,0.05543163958125961,188,False,,"{<<<Explanation>>>: The first molecule has a higher JNK3 score (0.11) compared to the second (0.01), indicating that the acetamide-substituted aromatic ring with a trifluoromethyl group and a thiazole linked to a chlorophenyl group contributes positively to activity. The second molecule, a chiral tetrahydrofuran with a methoxy-fluoro-substituted phenyl, shows low activity. To improve activity, I propose combining the acetamide and trifluoromethyl-substituted aromatic system from the first molecule with the tetrahydrofuran ring from the second molecule, replacing the thiazole-chlorophenyl moiety with the tetrahydrofuran ring to potentially enhance binding and solubility. This hybrid molecule maintains key pharmacophores from the first molecule while introducing the tetrahydrofuran ring to improve interactions and possibly increase the JNK3 score. 

<<<Molecule>>>: \box{CC(=O)Nc1ccc(NCC2CO[C@@H]([C@@H]2C)N)c(C(F)(F)F)c1}}","I have two molecules and their JNK3 scores. The JNK3 score measures a molecular's biological activity against JNK3.


[CC(=O)Nc1ccc(NCc2csc(-c3cccc(Cl)c3)n2)c(C(F)(F)F)c1,0.11]
[CCC[C@@H]1C[C@@H](Nc2cc(OC)ccc2F)CCO1,0.01]Please propose a new molecule that has a higher JNK3 score. You can either make crossover and mutations based on the given molecules or just propose a new molecule based on your knowledge.



Your output should follow the format: {<<<Explaination>>>: $EXPLANATION, <<<Molecule>>>: \box{$Molecule}}. Here are the requirements:

        

1. $EXPLANATION should be your analysis.
2. The $Molecule should be the smiles of your propsosed molecule.
3. The molecule should be valid.
        "
14,37,O=C(N1CCOCC1)C12C[C@H]3C[C@@H](C1)CC(c1ccc([N+](=O)[O-])cc1)(C3)C2,0.07,0.06300000000000001,0.22,0.01,0.05543163958125961,188,False,,,
14,38,O=C(NCC1CCC[NH+](Cc2cc(O)ccc2[N+](=O)[O-])C1)Nc1ccc(Cn2cc(Cl)c([N+](=O)[O-])n2)cc1,0.07,0.06300000000000001,0.22,0.01,0.05543163958125961,188,False,,"{<<<Explanation>>>: Both given molecules have low JNK3 scores (0.05), indicating weak activity. To improve activity, we can combine favorable features from both molecules. The first molecule has a chiral piperidine ring linked to a phenol substituted with a nitro group, while the second molecule contains a pyrazole ring with a nitro and chloro substitution and an amide linkage to a methylated pyrazole. Nitro groups and halogens often enhance binding affinity through electronic effects and interactions with the kinase active site. To propose a molecule with potentially higher JNK3 activity, I suggest a hybrid structure that retains the piperidine ring from the first molecule (important for conformational rigidity and binding) and incorporates the pyrazole ring with chloro and nitro substituents from the second molecule, connected via an amide linker to a phenyl ring. This design aims to combine the key pharmacophores and improve binding interactions with JNK3. The proposed molecule is: O=C(NC[C@H]1CCC[NH+](Cc2cc(O)ccc2[N+](=O)[O-])C1)Nc3ccc(Cn4cc(Cl)c([N+](=O)[O-])n4)cc3. This molecule is valid and merges the structural motifs that may enhance JNK3 inhibition. , <<<Molecule>>>: \box{O=C(NC[C@H]1CCC[NH+](Cc2cc(O)ccc2[N+](=O)[O-])C1)Nc3ccc(Cn4cc(Cl)c([N+](=O)[O-])n4)cc3}}","I have two molecules and their JNK3 scores. The JNK3 score measures a molecular's biological activity against JNK3.


[O=C(NC[C@H]1CCC[NH+](Cc2cc(O)ccc2[N+](=O)[O-])C1)c1ccccc1,0.05]
[Cc1nn(C)cc1CNC(=O)c1ccc(Cn2cc(Cl)c([N+](=O)[O-])n2)cc1,0.05]Please propose a new molecule that has a higher JNK3 score. You can either make crossover and mutations based on the given molecules or just propose a new molecule based on your knowledge.



Your output should follow the format: {<<<Explaination>>>: $EXPLANATION, <<<Molecule>>>: \box{$Molecule}}. Here are the requirements:

        

1. $EXPLANATION should be your analysis.
2. The $Molecule should be the smiles of your propsosed molecule.
3. The molecule should be valid.
        "
14,39,Cc1ccccc1C(=O)Nc1ccc2c(N3CCCC3)ncnc2c1S(C)(=O)=O,0.07,0.06300000000000001,0.22,0.01,0.05543163958125961,188,False,,"{<<<Explanation>>>: The first molecule has a very low JNK3 score (0.01), while the second molecule has a higher score (0.19). The second molecule contains a fused bicyclic system with a purine-like scaffold and an amide linkage, which likely contributes to better binding affinity to JNK3. The first molecule has a sulfonyl group attached to a phenyl ring and a chiral sulfoxide, but its activity is low. To improve the JNK3 score, I propose to combine the amide linkage and bicyclic purine-like core from the second molecule with a sulfonyl group on the phenyl ring to potentially enhance interactions with the kinase active site. This hybrid molecule keeps the bicyclic core and amide for binding, and adds the sulfonyl substituent to increase polarity and possible hydrogen bonding, which may improve activity. 

<<<Molecule>>>: \box{Cc1ccccc1C(=O)Nc1ccc2c(N3CCCC3)ncnc2c1S(=O)(=O)C} }","I have two molecules and their JNK3 scores. The JNK3 score measures a molecular's biological activity against JNK3.


[CC1(C)CN(CCOc2ccc(S(C)(=O)=O)cc2)CC[S@@]1=O,0.01]
[Cc1ccccc1C(=O)Nc1ccc2c(N3CCCC3)ncnc2c1,0.19]Please propose a new molecule that has a higher JNK3 score. You can either make crossover and mutations based on the given molecules or just propose a new molecule based on your knowledge.



Your output should follow the format: {<<<Explaination>>>: $EXPLANATION, <<<Molecule>>>: \box{$Molecule}}. Here are the requirements:

        

1. $EXPLANATION should be your analysis.
2. The $Molecule should be the smiles of your propsosed molecule.
3. The molecule should be valid.
        "
14,40,CC(=O)Nc1ccc(NCc2nnc3n2CCCCC3)c(C(F)(F)F)c1,0.07,0.06300000000000001,0.22,0.01,0.05543163958125961,188,False,,"{<<<Explanation>>>: The first molecule has a higher JNK3 score (0.08) compared to the second (0.01). Both molecules contain an amide linkage and aromatic rings with trifluoromethyl groups, which may contribute to activity. The first molecule has a para-substituted aniline with a fluoro-phenylmethyl amine side chain and a trifluoromethyl group on the aromatic ring, while the second has a more complex heterocyclic system but lower activity.

To improve activity, I propose combining the amide and trifluoromethyl aromatic core of the first molecule with the heterocyclic moiety from the second molecule, which might enhance binding through additional interactions. Specifically, I will replace the fluoro-phenylmethyl amine side chain in the first molecule with the heterocyclic piperidine-fused pyrazole ring from the second molecule, maintaining the trifluoromethyl group and amide linkage.

This hybrid molecule could potentially have improved JNK3 activity due to the combination of favorable features from both molecules.

<<<Molecule>>>: \box{CC(=O)Nc1ccc(NCc2nnc3n2CCCCC3)c(C(F)(F)F)c1}}","I have two molecules and their JNK3 scores. The JNK3 score measures a molecular's biological activity against JNK3.


[CC(=O)Nc1ccc(NCc2ccccc2F)c(C(F)(F)F)c1,0.08]
[O=C(Nc1ccc(-c2nnc3n2CCCCC3)cc1)c1ccccc1C(F)(F)F,0.01]Please propose a new molecule that has a higher JNK3 score. You can either make crossover and mutations based on the given molecules or just propose a new molecule based on your knowledge.



Your output should follow the format: {<<<Explaination>>>: $EXPLANATION, <<<Molecule>>>: \box{$Molecule}}. Here are the requirements:

        

1. $EXPLANATION should be your analysis.
2. The $Molecule should be the smiles of your propsosed molecule.
3. The molecule should be valid.
        "
14,41,Cc1nonc1CC(=O)N1CCC[C@H](C(=O)Nc2ccc(-c3ccn[nH]3)cc2)C1,0.06,0.06300000000000001,0.22,0.01,0.05543163958125961,188,False,,,
14,42,Fc1ccc2oc(C[NH2+]C[C@@H]3CN4CCCC[C@@H]4CO3)cc2c1,0.06,0.06300000000000001,0.22,0.01,0.05543163958125961,188,False,,,
14,43,Cc1ccc([C@H](C)NC(=O)N[C@H]2CC(=O)N(C3CC3)C2)cc1[N+](=O)[O-],0.06,0.06300000000000001,0.22,0.01,0.05543163958125961,188,False,,,
14,44,COc1nc(N[C@@H]2C[NH+]3CCC2CC3)ccc1N,0.06,0.06300000000000001,0.22,0.01,0.05543163958125961,188,False,,,
14,45,COC1=CC(F)=C(NC(=O)C=C2CN(C(=O)NC3=NC=C(CC4=CC=CC(Cl)=C4)S3)C2)C=C1F,0.06,0.06300000000000001,0.22,0.01,0.05543163958125961,188,False,,Fallback to genetic operations due to LLM error: ,"Fallback genetic operation for parents: ['COC1=CC(F)=C(NC(=O)C=C2CN(C(=O)NC3=NC=NC4=C3CCC4)C2)C=C1F', 'C[NH+]1CCC(NC(=O)NC2=NC=C(CC3=CC=CC(Cl)=C3)S2)CC1']"
14,46,COc1ccc(CNC(=O)c2cc(OC)c(OC)cc2[N+](=O)[O-])cn1,0.05,0.06300000000000001,0.22,0.01,0.05543163958125961,188,False,,,
14,47,CS[C@@H](C)C1=CC=CC(NC(=O)C2=CN(C)N=C2C2=CC=CC=C2)=C1,0.05,0.06300000000000001,0.22,0.01,0.05543163958125961,188,False,,,
14,48,CC1=NN(C)C=C1CNC(=O)C1=CC=C(CN2C=C(Cl)C([N+](=O)[O-])=N2)C=C1,0.05,0.06300000000000001,0.22,0.01,0.05543163958125961,188,False,,,
14,49,COc1ccc(C[NH+]2CCC(CNC(=O)c3c[nH]nc3-c3ccc(Cl)cc3)CC2)cc1,0.05,0.06300000000000001,0.22,0.01,0.05543163958125961,188,False,,,
14,50,O=C(NC[C@H]1CCC[NH+](CC2=CC(O)=CC=C2[N+](=O)[O-])C1)C1=CC=CC=C1,0.05,0.06300000000000001,0.22,0.01,0.05543163958125961,188,False,,,
14,51,Cc1ccccc1C(=O)Nc1ccc2c(N3CCCC3)ncnc2c1-c1cc(Cl)cc(Cl)c1,0.05,0.06300000000000001,0.22,0.01,0.05543163958125961,188,False,,"The first molecule has a very low JNK3 score (0.02), while the second molecule has a higher score (0.19). The second molecule contains a fused bicyclic system with a purine-like scaffold and a piperidine ring, which might contribute to better binding affinity. The first molecule has a different scaffold with a bicyclic lactam and dichlorophenyl group but lower activity. To design a molecule with potentially higher JNK3 activity, I propose combining the purine-like bicyclic core and the piperidine ring from the second molecule with the dichlorophenyl substituent from the first molecule, as halogenated aromatic rings often enhance binding through hydrophobic and halogen bonding interactions. Additionally, I will keep the amide linkage to maintain hydrogen bonding potential. This hybrid molecule might improve binding affinity and thus increase the JNK3 score.","I have two molecules and their JNK3 scores. The JNK3 score measures a molecular's biological activity against JNK3.


[C=C(C)CN(C)C(=O)CN1CC2=C(C1=O)[C@@H](c1ccc(Cl)cc1Cl)NC(=O)N2CC,0.02]
[Cc1ccccc1C(=O)Nc1ccc2c(N3CCCC3)ncnc2c1,0.19]Please propose a new molecule that has a higher JNK3 score. You can either make crossover and mutations based on the given molecules or just propose a new molecule based on your knowledge.



Your output should follow the format: {<<<Explaination>>>: $EXPLANATION, <<<Molecule>>>: \box{$Molecule}}. Here are the requirements:

        

1. $EXPLANATION should be your analysis.
2. The $Molecule should be the smiles of your propsosed molecule.
3. The molecule should be valid.
        "
14,52,CSC(C)c1ccc(NC(=O)c2cn(C)nc2-c2ccccc2)cc1F,0.05,0.06300000000000001,0.22,0.01,0.05543163958125961,188,False,,"{<<<Explanation>>>: The first molecule has a higher JNK3 score (0.05) compared to the second (0.01), indicating that the scaffold with the substituted aniline linked to a methylated purine-like heterocycle is more active. The second molecule contains a thiosemicarbazide moiety attached to a hydroxy-biphenyl system with a fluorophenyl amide, which shows lower activity. To improve activity, I propose combining the key features of the first molecule (the aniline-purine amide scaffold) with a fluorine substituent on the phenyl ring to potentially enhance binding affinity and metabolic stability. Introducing a fluorine on the phenyl ring of the first molecule may increase lipophilicity and binding interactions, potentially increasing the JNK3 score. This is a mutation of the first molecule by adding a fluorine substituent on the phenyl ring para to the amide linkage.

<<<Molecule>>>: \box{CS[C@@H](C)C1=CC=C(C=C1F)NC(=O)C2=CN(C)N=C2C3=CC=CC=C3}}","I have two molecules and their JNK3 scores. The JNK3 score measures a molecular's biological activity against JNK3.


[CS[C@@H](C)C1=CC=CC(NC(=O)C2=CN(C)N=C2C2=CC=CC=C2)=C1,0.05]
[O=C(NC(=S)Nc1c(O)ccc2ccccc12)c1cccc(F)c1,0.01]Please propose a new molecule that has a higher JNK3 score. You can either make crossover and mutations based on the given molecules or just propose a new molecule based on your knowledge.



Your output should follow the format: {<<<Explaination>>>: $EXPLANATION, <<<Molecule>>>: \box{$Molecule}}. Here are the requirements:

        

1. $EXPLANATION should be your analysis.
2. The $Molecule should be the smiles of your propsosed molecule.
3. The molecule should be valid.
        "
14,53,COc1ccccc1C(=O)Nc1ccc2c(N3CCCN3)ncnc2c1C(=O)NC1=NC=C(Cc2cccc(Cl)c2)[SH]1F,0.05,0.06300000000000001,0.22,0.01,0.05543163958125961,188,False,,"The first molecule has a JNK3 score of 0.06 and features a fluorinated aromatic ring with an amide-linked heterocyclic system containing a thiazole ring and a chlorophenyl substituent. The second molecule has a higher score of 0.15 and contains a methoxyphenyl group linked via an amide to a fused bicyclic purine-like system with a piperidine ring. To design a molecule with a potentially higher JNK3 score, I propose combining the favorable features of both molecules: the methoxyphenyl amide moiety from the second molecule, which may enhance binding affinity, and the heterocyclic system from the first molecule that includes the thiazole and chlorophenyl substituent, which might contribute to specificity and potency. Additionally, I will introduce a fluorine atom on the phenyl ring to potentially improve metabolic stability and binding interactions. This hybrid molecule aims to leverage the higher activity scaffold of the second molecule while incorporating the heterocyclic complexity and halogenation of the first, potentially resulting in improved JNK3 inhibition.","I have two molecules and their JNK3 scores. The JNK3 score measures a molecular's biological activity against JNK3.


[COC1=CC(F)=C(NC(=O)C=C2CN(C(=O)NC3=NC=C(CC4=CC=CC(Cl)=C4)S3)C2)C=C1F,0.06]
[COc1ccccc1C(=O)Nc1ccc2c(N3[CH]CCC3)ncnc2c1,0.15]Please propose a new molecule that has a higher JNK3 score. You can either make crossover and mutations based on the given molecules or just propose a new molecule based on your knowledge.



Your output should follow the format: {<<<Explaination>>>: $EXPLANATION, <<<Molecule>>>: \box{$Molecule}}. Here are the requirements:

        

1. $EXPLANATION should be your analysis.
2. The $Molecule should be the smiles of your propsosed molecule.
3. The molecule should be valid.
        "
14,54,COc1ccccc1Nc1ccc(CNC(=O)NC(C)C2=CC=C(CCC(=O)NCc3ccc(Cl)cc3)SN=C2)cc1,0.05,0.06300000000000001,0.22,0.01,0.05543163958125961,188,False,,"The first molecule has a very low JNK3 score (0.01), indicating weak activity, while the second molecule has a higher score (0.18), suggesting better activity. The second molecule contains a methoxyphenyl group and a fused heterocyclic system with a piperidine ring, which might contribute to better binding affinity. To improve the JNK3 score further, I propose combining the amide linkage and the chlorophenyl moiety from the first molecule (which might enhance binding through hydrophobic or halogen interactions) with the heterocyclic core and methoxyphenyl group from the second molecule. Additionally, introducing a small alkyl substitution (like isopropyl) on the amide nitrogen could improve lipophilicity and binding. This hybrid molecule aims to retain key pharmacophores from both molecules to enhance activity against JNK3.","I have two molecules and their JNK3 scores. The JNK3 score measures a molecular's biological activity against JNK3.


[CC(C)C(=O)Nc1nc2ccc(CCC(=O)NCc3ccccc3Cl)cc2s1,0.01]
[COC1=CC=CC=C1NC1=CC=C(CNC(=O)NC2=CC=C3C(=C2)N=CN=C3N2CCCC2)C=C1,0.18]Please propose a new molecule that has a higher JNK3 score. You can either make crossover and mutations based on the given molecules or just propose a new molecule based on your knowledge.



Your output should follow the format: {<<<Explaination>>>: $EXPLANATION, <<<Molecule>>>: \box{$Molecule}}. Here are the requirements:

        

1. $EXPLANATION should be your analysis.
2. The $Molecule should be the smiles of your propsosed molecule.
3. The molecule should be valid.
        "
14,55,COc1cc(O)ccc1C(=O)Nc1ccc2c(N3CCCC3)ncnc2c1C(C)O,0.05,0.06300000000000001,0.22,0.01,0.05543163958125961,188,False,,"{<<<Explanation>>>: Both given molecules share a common scaffold: a substituted benzamide linked to a fused bicyclic system containing a pyrimidine ring. The first molecule has a methoxy and hydroxy substitution on the phenyl ring and a phenyl substituent on the fused bicyclic system, with a JNK3 score of 0.18. The second molecule has a methyl and bromo substitution on the phenyl ring and a piperidine substituent on the fused bicyclic system, with a slightly lower score of 0.16.

To improve the JNK3 score, I propose combining favorable features from both molecules and introducing a small mutation to enhance binding affinity. The hydroxy group in the first molecule may contribute to hydrogen bonding, and the piperidine ring in the second molecule may improve solubility and binding through additional interactions. The phenyl substituent in the first molecule could be replaced by a smaller, more polar group to reduce steric hindrance and improve fit.

Therefore, I propose a molecule that retains the hydroxy group on the phenyl ring (from molecule 1), keeps the piperidine substituent on the fused bicyclic system (from molecule 2), and replaces the phenyl substituent with a hydroxymethyl group (-CH2OH) to maintain polarity but reduce bulk. This hybrid and mutation approach aims to improve binding interactions and increase the JNK3 score.

<<<Molecule>>>: \box{COc1cc(O)ccc1C(=O)Nc1ccc2c(N3CCCC3)ncnc2c1C(O)C} }","I have two molecules and their JNK3 scores. The JNK3 score measures a molecular's biological activity against JNK3.


[COc1cc(O)ccc1C(=O)Nc1ccc2c(-c3ccccc3)ncnc2c1,0.18]
[Cc1cc(Br)ccc1C(=O)Nc1ccc2c(N3CCCC3)ncnc2c1,0.16]Please propose a new molecule that has a higher JNK3 score. You can either make crossover and mutations based on the given molecules or just propose a new molecule based on your knowledge.



Your output should follow the format: {<<<Explaination>>>: $EXPLANATION, <<<Molecule>>>: \box{$Molecule}}. Here are the requirements:

        

1. $EXPLANATION should be your analysis.
2. The $Molecule should be the smiles of your propsosed molecule.
3. The molecule should be valid.
        "
14,56,CC1=CC=C(NC(=O)CN2C(=O)S/C(=C/C3=C(F)C=CC=C3Cl)C2=O)C=C1,0.04,0.06300000000000001,0.22,0.01,0.05543163958125961,188,False,,,
14,57,C[C@H](NC(=O)NCC1=CC=CC2=CC=CN=C21)C1=CN(C)N=C1,0.04,0.06300000000000001,0.22,0.01,0.05543163958125961,188,False,,,
14,58,CC(=O)c1ccc(N[C@H]2CC(=O)N(CC(F)(F)F)C2)c([N+](=O)[O-])c1,0.04,0.06300000000000001,0.22,0.01,0.05543163958125961,188,False,,,
14,59,CC1=CN=C(C[NH+](C)CCCC2=NNC(C3=CC=C(F)C=C3)=C2)O1,0.04,0.06300000000000001,0.22,0.01,0.05543163958125961,188,False,,,
14,60,CC(=O)N[C@H](C)C1=CC=C(C2=CSC(NC(=O)[C@@H](C)OC3=CC(C)=CC=C3Cl)=N2)C=C1,0.04,0.06300000000000001,0.22,0.01,0.05543163958125961,188,False,,,
14,61,CC(C)N1C=CC(CCNCC2=CN=C(C3=CSC=C3)S2)=N1,0.04,0.06300000000000001,0.22,0.01,0.05543163958125961,188,False,,,
14,62,CS[C@@H](C)C1=CC(NC(=O)C2=CN(C)N=C2NC(=O)NCC2=CC=CC3=CC=CN=C32)=CC=C1,0.04,0.06300000000000001,0.22,0.01,0.05543163958125961,188,False,,Fallback to genetic operations due to LLM error: ,"Fallback genetic operation for parents: ['CS[C@@H](C)C1=CC=CC(NC(=O)C2=CN(C)N=C2C2=CC=CC=C2)=C1', 'C[C@H](NC(=O)NCC1=CC=CC2=CC=CN=C21)C1=CN(C)N=C1']"
14,63,Cc1ccc(C(C)NC(=O)N2[CH]OCC2)c([N+](=O)[O-])c1,0.04,0.06300000000000001,0.22,0.01,0.05543163958125961,188,False,,"Both given molecules have relatively low JNK3 scores (0.06 and 0.02), indicating modest activity. The first molecule features a nitro-substituted phenyl ring linked to a chiral amide-containing bicyclic lactam, while the second has a methoxy-substituted bicyclic ether with an amide linked to a substituted phenyl ring. To potentially increase JNK3 activity, I propose combining favorable features: the nitro group from the first molecule (which can enhance binding through electronic effects) and the bicyclic ether scaffold from the second molecule (which may provide conformational rigidity and better fit in the binding site). Additionally, replacing the acetyl group on the phenyl ring with a less electron-withdrawing methyl group might improve binding affinity by modulating electronic properties. This hybrid molecule maintains key hydrogen bonding capabilities and introduces structural elements that could enhance interaction with JNK3, potentially leading to a higher score.","I have two molecules and their JNK3 scores. The JNK3 score measures a molecular's biological activity against JNK3.


[Cc1ccc([C@H](C)NC(=O)N[C@H]2CC(=O)N(C3CC3)C2)cc1[N+](=O)[O-],0.06]
[COc1ccc2c(c1)C[C@@H](C(=O)Nc1ccc(C(C)=O)c(C)c1)CO2,0.02]Please propose a new molecule that has a higher JNK3 score. You can either make crossover and mutations based on the given molecules or just propose a new molecule based on your knowledge.



Your output should follow the format: {<<<Explaination>>>: $EXPLANATION, <<<Molecule>>>: \box{$Molecule}}. Here are the requirements:

        

1. $EXPLANATION should be your analysis.
2. The $Molecule should be the smiles of your propsosed molecule.
3. The molecule should be valid.
        "
14,64,[NH3+]C[C@H](CO)CC1=CC(Br)=CC(NC(=O)CS[C@H]2CCCC3=C2C=CC=C3)=C1,0.04,0.06300000000000001,0.22,0.01,0.05543163958125961,188,False,,Fallback to genetic operations due to LLM error: ,"Fallback genetic operation for parents: ['CC1=NN(C)C(C)=C1NC(=O)CS[C@H]1CCCC2=CC=CC=C21', '[NH3+]C[C@H](CO)CC1=CC(F)=CC(Br)=C1']"
14,65,CC(=O)NC1=CC=C(Cl)C1C1=CC=NC=C1,0.04,0.06300000000000001,0.22,0.01,0.05543163958125961,188,False,,Fallback to genetic operations due to LLM error: ,"Fallback genetic operation for parents: ['CC(=O)NC1=CC=C(NC(=O)C2=NC(Cl)=CC=C2Cl)C=C1C1=CC=NC=C1', 'C=C(C)CN(C)C(=O)CN1CC2=C(C1=O)[C@@H](C1=CC=C(Cl)C=C1Cl)NC(=O)N2CC']"
14,66,Cc1cc(F)ccc1C(=O)N1CCOCC1CNC(=O)c1c[nH]nc1-c1ccc(Cl)cc1,0.04,0.06300000000000001,0.22,0.01,0.05543163958125961,188,False,,"The first molecule has a JNK3 score of 0.05 and contains a methoxyphenyl group linked to a piperidinium ring with a substituted pyrazole and chlorophenyl moiety. The second molecule has a higher score of 0.12 and features a fluoromethylphenyl amide linked to a fused bicyclic system with a morpholine substituent. To design a molecule with a potentially higher JNK3 score, I propose combining favorable features from both molecules: the fluoromethylphenyl amide group from the second molecule (which may enhance binding through hydrogen bonding and hydrophobic interactions) and the pyrazole-chlorophenyl moiety from the first molecule (which may contribute to specificity and potency). Additionally, replacing the piperidinium ring with a morpholine ring (as in the second molecule) could improve solubility and binding. Thus, the proposed molecule is a fluoromethylphenyl amide linked to a morpholine ring, which is further connected via an amide bond to a pyrazole ring substituted with a chlorophenyl group. This hybrid design aims to combine the beneficial structural motifs to increase biological activity against JNK3.","I have two molecules and their JNK3 scores. The JNK3 score measures a molecular's biological activity against JNK3.


[COc1ccc(C[NH+]2CCC(CNC(=O)c3c[nH]nc3-c3ccc(Cl)cc3)CC2)cc1,0.05]
[Cc1cc(F)ccc1C(=O)Nc1ccc2c(N3CCOCC3)ncnc2c1,0.12]Please propose a new molecule that has a higher JNK3 score. You can either make crossover and mutations based on the given molecules or just propose a new molecule based on your knowledge.



Your output should follow the format: {<<<Explaination>>>: $EXPLANATION, <<<Molecule>>>: \box{$Molecule}}. Here are the requirements:

        

1. $EXPLANATION should be your analysis.
2. The $Molecule should be the smiles of your propsosed molecule.
3. The molecule should be valid.
        "
14,67,CSC(C)c1cccc(NC(=O)c2ncnc3c2ncn3S(=O)(=O)c2ccccc2)c1,0.04,0.06300000000000001,0.22,0.01,0.05543163958125961,188,False,,"{<<<Explanation>>>: The first molecule is a sulfonyl-containing aromatic compound with a low JNK3 score of 0.01, and the second molecule is a chiral thioether linked to a substituted aniline and a heterocyclic amide with a slightly higher score of 0.05. To improve the JNK3 activity, I propose combining features from both molecules: retaining the thioether and chiral center from the second molecule, which may contribute to binding specificity, and introducing a sulfonyl group similar to the first molecule to enhance interactions with the kinase active site. Additionally, I will replace the chlorinated phenyl ester in the first molecule with a heteroaromatic ring to improve binding affinity and solubility. The proposed molecule includes a chiral thioether linked to a phenyl ring bearing a sulfonyl group and an amide linked to a purine-like heterocycle, which is known to interact well with kinases. This hybrid design aims to increase the JNK3 score beyond 0.05. <<<Molecule>>>: \box{CS[C@@H](C)C1=CC=CC(NC(=O)C2=NC=NC3=C2N=CN3S(=O)(=O)C4=CC=CC=C4)=C1}}","I have two molecules and their JNK3 scores. The JNK3 score measures a molecular's biological activity against JNK3.


[Cc1ccc(S(=O)(=O)CCC(=O)Oc2ccc(Cl)cc2Cl)cc1,0.01]
[CS[C@@H](C)C1=CC=CC(NC(=O)C2=CN(C)N=C2C2=CC=CC=C2)=C1,0.05]Please propose a new molecule that has a higher JNK3 score. You can either make crossover and mutations based on the given molecules or just propose a new molecule based on your knowledge.



Your output should follow the format: {<<<Explaination>>>: $EXPLANATION, <<<Molecule>>>: \box{$Molecule}}. Here are the requirements:

        

1. $EXPLANATION should be your analysis.
2. The $Molecule should be the smiles of your propsosed molecule.
3. The molecule should be valid.
        "
14,68,COc1ccccc1C(=O)Nc1ccc2c(N3CCCN3)ncnc2c1C#N,0.04,0.06300000000000001,0.22,0.01,0.05543163958125961,188,False,,"{<<<Explanation>>>: Both given molecules share a common core structure: a methoxyphenyl group linked via an amide bond to a bicyclic system containing a substituted piperidine or pyrrolidine ring fused to a purine-like scaffold. The JNK3 scores for both are low (0.14), indicating modest activity. To improve activity, I propose combining features from both molecules and introducing a small modification known to enhance kinase binding: replacing the trifluoromethyl group (C(F)(F)F) in the first molecule with a cyano group (–CN), which is a strong electron-withdrawing group that can improve binding affinity by forming additional interactions. Additionally, I will keep the piperidine ring from the second molecule, which is more flexible and may better fit the binding pocket than the constrained pyrrolidine ring in the first molecule. This hybrid molecule maintains the methoxyphenyl amide core, replaces the trifluoromethyl with a cyano group, and retains the piperidine ring fused to the purine scaffold. This combination is expected to increase the JNK3 score by improving binding interactions and molecular flexibility.

<<<Molecule>>>: \box{COc1ccccc1C(=O)Nc1ccc2c(N3CCCN3)ncnc2c1C#N}}","I have two molecules and their JNK3 scores. The JNK3 score measures a molecular's biological activity against JNK3.


[COc1ccc(C(F)(F)F)cc1C(=O)Nc1ccc2c(N3[CH]CCC3)ncnc2c1,0.14]
[COc1ccccc1C(=O)Nc1ccc2c(N3CCCN3)ncnc2c1,0.14]Please propose a new molecule that has a higher JNK3 score. You can either make crossover and mutations based on the given molecules or just propose a new molecule based on your knowledge.



Your output should follow the format: {<<<Explaination>>>: $EXPLANATION, <<<Molecule>>>: \box{$Molecule}}. Here are the requirements:

        

1. $EXPLANATION should be your analysis.
2. The $Molecule should be the smiles of your propsosed molecule.
3. The molecule should be valid.
        "
14,69,C[C@H]([NH2+][C@H]1CCOC1)c1ccnc(Cl)c1,0.03,0.06300000000000001,0.22,0.01,0.05543163958125961,188,False,,,
14,70,COc1cc(-c2noc(C3C[C@@H](C)O[C@@H](C)C3)n2)ccn1,0.03,0.06300000000000001,0.22,0.01,0.05543163958125961,188,False,,,
14,71,COc1cc(C)c(CN2CCN(C(=O)c3ccc(N4CCCCC4)c([N+](=O)[O-])c3)CC2)cc1OC,0.03,0.06300000000000001,0.22,0.01,0.05543163958125961,188,False,,,
14,72,Cc1ccc2nc(N3CCC(C(=O)NCC(C)(C)CO)CC3)nc(C)c2c1,0.03,0.06300000000000001,0.22,0.01,0.05543163958125961,188,False,,,
14,73,C[C@@H]1COCCN1Cc1ccc(C(=O)NN)cn1,0.03,0.06300000000000001,0.22,0.01,0.05543163958125961,188,False,,,
14,74,[NH3+]C[C@H](CO)CC1=CC(F)=CC(Br)=C1,0.03,0.06300000000000001,0.22,0.01,0.05543163958125961,188,False,,,
14,75,C[C@@H](CO)CSC[C@@H]([NH3+])C1=CC=C2OCCCOC2=C1,0.03,0.06300000000000001,0.22,0.01,0.05543163958125961,188,False,,,
14,76,Cc1ccc(-c2ncco2)cc1NC(=O)c1nc(Cl)ccc1Cl,0.03,0.06300000000000001,0.22,0.01,0.05543163958125961,188,False,,,
14,77,O=C(Nc1ccc2c(c1)CCO2)N1CCC[C@H]1c1nc2ccccc2[nH]1,0.03,0.06300000000000001,0.22,0.01,0.05543163958125961,188,False,,,
14,78,N#CCc1ccc2[nH]ccc2n1,0.03,0.06300000000000001,0.22,0.01,0.05543163958125961,188,False,,,
14,79,COC1=CC(F)=C(NC(=O)C=C2CN(C(=O)NC3=NC=NC4=C3CCC4)C2)C=C1F,0.03,0.06300000000000001,0.22,0.01,0.05543163958125961,188,False,,,
14,80,CC(=O)NC1=CC=C(NC(=O)C2=NC(Cl)=CC=C2Cl)C=C1C1=CC=NC=C1,0.03,0.06300000000000001,0.22,0.01,0.05543163958125961,188,False,,,
14,81,COC1=CC=CC=C1C(=O)NC1=CC=C(C2=NN(C)C=C2C(=O)NC2=CC=CC([C@H](C)SC)=C2)C1,0.03,0.06300000000000001,0.22,0.01,0.05543163958125961,188,False,,Fallback to genetic operations due to LLM error: ,"Fallback genetic operation for parents: ['COC1=CC=CC=C1C(=O)NC1=CC=C2C(=C1)N=CN=C2N1[CH]CCC1', 'CS[C@@H](C)C1=CC=CC(NC(=O)C2=CN(C)N=C2C2=CC=CC=C2)=C1']"
14,82,CC1=CN=C(C[NH+](C)CCCC2=NNC(CN3C=C(Cl)C([N+](=O)[O-])=N3)=C2)O1,0.03,0.06300000000000001,0.22,0.01,0.05543163958125961,188,False,,Fallback to genetic operations due to LLM error: ,"Fallback genetic operation for parents: ['CC1=NN(C)C=C1CNC(=O)C1=CC=C(CN2C=C(Cl)C([N+](=O)[O-])=N2)C=C1', 'CC1=CN=C(C[NH+](C)CCCC2=NNC(C3=CC=C(F)C=C3)=C2)O1']"
14,83,CC1C(CNc2ccc(NS(C)(=O)=O)cc2C#N)COC1N,0.03,0.06300000000000001,0.22,0.01,0.05543163958125961,188,False,,"{<<<Explanation>>>: Both given molecules are identical, with a JNK3 score of 0.08, indicating relatively low activity. The structure features an acetamide group (CC(=O)N-) attached to a phenyl ring substituted with a trifluoromethyl group (C(F)(F)F) and a side chain containing a morpholine-like ring (COC(N)C). To improve JNK3 activity, modifications known to enhance kinase inhibition can be considered. For example, introducing a hydrogen bond donor or acceptor to better interact with the kinase hinge region, or adding a heterocyclic moiety known to improve binding affinity. 

One common strategy is to replace the acetamide group with a urea or sulfonamide, which can form stronger hydrogen bonds. Also, replacing the trifluoromethyl group with a cyano group (–CN) can sometimes improve binding by acting as a hydrogen bond acceptor. Additionally, extending the side chain to include a pyrrolidine or piperazine ring can improve solubility and binding.

Therefore, I propose replacing the acetamide with a sulfonamide (–SO2NH–) and the trifluoromethyl group with a cyano group, while keeping the morpholine-like ring to maintain the original scaffold. This modification is expected to increase hydrogen bonding and improve JNK3 binding affinity, thus increasing the JNK3 score.

<<<Molecule>>>: \box{CS(=O)(=O)Nc1ccc(NCC2COC(N)C2C)c(C#N)c1}}","I have two molecules and their JNK3 scores. The JNK3 score measures a molecular's biological activity against JNK3.


[CC(=O)Nc1ccc(NCC2COC(N)C2C)c(C(F)(F)F)c1,0.08]
[CC(=O)Nc1ccc(NCC2COC(N)C2C)c(C(F)(F)F)c1,0.08]Please propose a new molecule that has a higher JNK3 score. You can either make crossover and mutations based on the given molecules or just propose a new molecule based on your knowledge.



Your output should follow the format: {<<<Explaination>>>: $EXPLANATION, <<<Molecule>>>: \box{$Molecule}}. Here are the requirements:

        

1. $EXPLANATION should be your analysis.
2. The $Molecule should be the smiles of your propsosed molecule.
3. The molecule should be valid.
        "
14,84,CCCCO[C@@H]1C[C@H](NC(=O)c2occc2Br)C1(C)C,0.02,0.06300000000000001,0.22,0.01,0.05543163958125961,188,False,,,
14,85,NC(=O)c1cccc(CNC(=O)CSc2nc3ccccc3o2)c1,0.02,0.06300000000000001,0.22,0.01,0.05543163958125961,188,False,,,
14,86,CCC[C@@H](C(=O)N1CCN(CC(=O)NC2=C(C)C=CC=C2C)CC1)C1=CC=CC=C1,0.02,0.06300000000000001,0.22,0.01,0.05543163958125961,188,False,,,
14,87,COc1ccc([C@H](NC(=O)c2ccc3nccnc3c2)C2CCOCC2)cc1,0.02,0.06300000000000001,0.22,0.01,0.05543163958125961,188,False,,,
14,88,COc1cc(-c2ccccc2)sc1C(=O)NC[C@@H](O)C(C)(C)C,0.02,0.06300000000000001,0.22,0.01,0.05543163958125961,188,False,,,
14,89,Cc1nn(C)cc1CN1C[C@H](CO)OC[C@@H]1C,0.02,0.06300000000000001,0.22,0.01,0.05543163958125961,188,False,,,
14,90,Cc1cc(NC(=O)Nc2cccc(Cl)c2)ncc1Br,0.02,0.06300000000000001,0.22,0.01,0.05543163958125961,188,False,,,
14,91,CCSC[C@@H](C)N(C)C(=O)NCc1ccc(C)cc1N(C)C,0.02,0.06300000000000001,0.22,0.01,0.05543163958125961,188,False,,,
14,92,C=C(C)CN(C)C(=O)CN1CC2=C(C1=O)[C@@H](C1=CC=C(Cl)C=C1Cl)NC(=O)N2CC,0.02,0.06300000000000001,0.22,0.01,0.05543163958125961,188,False,,,
14,93,COc1ccc2c(c1)C[C@@H](C(=O)Nc1ccc(C(C)=O)c(C)c1)CO2,0.02,0.06300000000000001,0.22,0.01,0.05543163958125961,188,False,,,
14,94,Cc1[nH+]ccn1Cc1nnc([C@@H]2CCC[NH+](Cc3cccnc3)C2)n1C,0.02,0.06300000000000001,0.22,0.01,0.05543163958125961,188,False,,,
14,95,COc1ccc([C@@H]2CC(=O)C3=C(C2)N[C@@H]2N=NC(O)=C2[C@H]3c2ccc(Cl)c(Cl)c2)cc1OC,0.02,0.06300000000000001,0.22,0.01,0.05543163958125961,188,False,,,
14,96,C[C@H]1Cc2cc([C@@H](Cl)C3(C)CCCC3)ccc2O1,0.02,0.06300000000000001,0.22,0.01,0.05543163958125961,188,False,,,
14,97,C[NH+]1CCC(NC(=O)NC2=NC=C(CC3=CC=CC(Cl)=C3)S2)CC1,0.02,0.06300000000000001,0.22,0.01,0.05543163958125961,188,False,,,
14,98,O=C(NCC1CCN(C(=O)c2ccccn2)CC1)C(=O)NC1CCCC1,0.02,0.06300000000000001,0.22,0.01,0.05543163958125961,188,False,,,
14,99,C[C@H](Cc1ccsc1)[NH+](C)Cc1cnc(N2CC[NH+](C)CC2)nc1,0.02,0.06300000000000001,0.22,0.01,0.05543163958125961,188,False,,,
14,100,COc1ccc(NC(=O)C[NH+]2CCCN(Cc3cccc(Cl)c3)S2(=O)=O)cc1,0.02,0.06300000000000001,0.22,0.01,0.05543163958125961,188,False,,,
14,101,CSC(C)c1cccc(NC(=O)NC(C)COC2CCOCC2)c1,0.02,0.06300000000000001,0.22,0.01,0.05543163958125961,188,False,,"The first molecule has a JNK3 score of 0.05, which is higher than the second molecule's 0.01. The first molecule features a substituted aniline linked to a methylated purine-like heterocycle, while the second molecule has a bulky tert-butyl group and a morpholine ring. To improve the JNK3 score, I propose combining the key amide linkage and aromatic system from the first molecule with the morpholine ring from the second molecule, which may enhance solubility and binding interactions. Additionally, introducing a small alkyl substitution on the aromatic ring could improve hydrophobic interactions. This hybrid molecule maintains the core amide and aromatic system from the first molecule but replaces the purine moiety with a morpholine-containing amide, potentially increasing activity against JNK3.","I have two molecules and their JNK3 scores. The JNK3 score measures a molecular's biological activity against JNK3.


[CS[C@@H](C)C1=CC=CC(NC(=O)C2=CN(C)N=C2C2=CC=CC=C2)=C1,0.05]
[CCC(C)(C)NC(=O)c1ccc(NC(=O)N[C@@H](C)[C@H]2CCCO2)cc1,0.01]Please propose a new molecule that has a higher JNK3 score. You can either make crossover and mutations based on the given molecules or just propose a new molecule based on your knowledge.



Your output should follow the format: {<<<Explaination>>>: $EXPLANATION, <<<Molecule>>>: \box{$Molecule}}. Here are the requirements:

        

1. $EXPLANATION should be your analysis.
2. The $Molecule should be the smiles of your propsosed molecule.
3. The molecule should be valid.
        "
14,102,C=C(C)CN(C)C(=O)CN1CC2=C(C1=O)[C@@H](C1=CC=C(C)C1Cl)NC(=O)N2CC,0.02,0.06300000000000001,0.22,0.01,0.05543163958125961,188,False,,Fallback to genetic operations due to LLM error: ,"Fallback genetic operation for parents: ['C=C(C)CN(C)C(=O)CN1CC2=C(C1=O)[C@@H](C1=CC=C(Cl)C=C1Cl)NC(=O)N2CC', 'CC1=CC=C(NC(=O)CN2C(=O)S/C(=C/C3=C(F)C=CC=C3Cl)C2=O)C=C1']"
14,103,O=C1N[C@@H](c2ccccc2F)c2c1oc1ccccc1c2=O,0.01,0.06300000000000001,0.22,0.01,0.05543163958125961,188,False,,,
14,104,CS(=O)(=O)N[C@H]1CCN(c2ccc(Cl)c(F)c2)C1=O,0.01,0.06300000000000001,0.22,0.01,0.05543163958125961,188,False,,,
14,105,CCC(C)(C)NC(=O)c1ccc(NC(=O)N[C@@H](C)[C@H]2CCCO2)cc1,0.01,0.06300000000000001,0.22,0.01,0.05543163958125961,188,False,,,
14,106,CSCC[C@H](NC(=O)N[C@@H]1CCCCC1(C)C)C(=O)[O-],0.01,0.06300000000000001,0.22,0.01,0.05543163958125961,188,False,,,
14,107,CC(C)C(=O)Nc1nc2ccc(CCC(=O)NCc3ccccc3Cl)cc2s1,0.01,0.06300000000000001,0.22,0.01,0.05543163958125961,188,False,,,
14,108,Cc1nn(-c2ccccc2)c(C)c1NC(=O)CN1CCc2cc(F)ccc2C1,0.01,0.06300000000000001,0.22,0.01,0.05543163958125961,188,False,,,
14,109,COc1ccc(C[C@H](C)C[NH+](C)Cc2cn3cccnc3n2)cc1,0.01,0.06300000000000001,0.22,0.01,0.05543163958125961,188,False,,,
14,110,CCc1nsc(NCC(=O)NC(C)(C)C)n1,0.01,0.06300000000000001,0.22,0.01,0.05543163958125961,188,False,,,
14,111,CCCN(C)c1nccn2c(=O)n(CC(=O)Nc3cccc(SC)c3)nc12,0.01,0.06300000000000001,0.22,0.01,0.05543163958125961,188,False,,,
14,112,O=C(Nc1ccc(-c2nnc3n2CCCCC3)cc1)c1ccccc1C(F)(F)F,0.01,0.06300000000000001,0.22,0.01,0.05543163958125961,188,False,,,
14,113,CC(C)c1cccc(C(C)C)c1NC(=O)CCN1C(=O)[C@H]2CC[C@@](C)(C1=O)C2(C)C,0.01,0.06300000000000001,0.22,0.01,0.05543163958125961,188,False,,,
14,114,Cc1cccc(CN(C(=O)c2cccc(N3CCNC3=O)c2)C(C)C)c1,0.01,0.06300000000000001,0.22,0.01,0.05543163958125961,188,False,,,
14,115,COc1ccc(C(=O)N2C[C@@H](C)[NH2+]C[C@H]2C)cc1O,0.01,0.06300000000000001,0.22,0.01,0.05543163958125961,188,False,,,
14,116,O=C(NC(=S)Nc1c(O)ccc2ccccc12)c1cccc(F)c1,0.01,0.06300000000000001,0.22,0.01,0.05543163958125961,188,False,,,
14,117,CC(=O)Nc1ccc(NC(=O)CCc2cnn(-c3ccccc3)c2)cc1,0.01,0.06300000000000001,0.22,0.01,0.05543163958125961,188,False,,,
14,118,COc1cc(F)c(NC(=O)C=C2CN(C(=O)OC(C)(C)C)C2)cc1F,0.01,0.06300000000000001,0.22,0.01,0.05543163958125961,188,False,,,
14,119,C[C@@H](Nc1ccc([N-]S(C)(=O)=O)cc1)C(=O)Nc1ccc2c(c1)OCO2,0.01,0.06300000000000001,0.22,0.01,0.05543163958125961,188,False,,,
14,120,CCC[C@@H]1C[C@@H](Nc2cc(OC)ccc2F)CCO1,0.01,0.06300000000000001,0.22,0.01,0.05543163958125961,188,False,,,
15,1,COc1ccccc1Nc1ccc(CSC(=S)Nc2ccc3c(N4CCCC4)ncnc3c2)cc1,0.22,0.06758333333333336,0.22,0.01,0.056539010622951504,193,False,,"{<<<Explanation>>>: The first molecule has a higher JNK3 score (0.18) compared to the second (0.04), indicating better activity. The first molecule features a methoxyphenyl group linked to a bicyclic heteroaromatic system with an amide linkage, while the second has a bromophenyl group attached to a thioether and a piperidine-containing bicyclic system. To improve activity, I propose combining the methoxyphenyl and bicyclic heteroaromatic core from the first molecule with the thioether linkage from the second molecule, as sulfur linkages can enhance binding through increased lipophilicity and potential interactions. Additionally, replacing the amide linkage in the first molecule with a thioamide might improve binding affinity. This hybrid molecule maintains key pharmacophores from the first molecule but incorporates the thioether and thioamide features from the second, potentially increasing JNK3 activity beyond 0.18. 

<<<Molecule>>>: \box{COC1=CC=CC=C1NC1=CC=C(CSC(=S)NC2=CC=C3C(=C2)N=CN=C3N2CCCC2)C=C1}}","I have two molecules and their JNK3 scores. The JNK3 score measures a molecular's biological activity against JNK3.


[COC1=CC=CC=C1NC1=CC=C(CNC(=O)NC2=CC=C3C(=C2)N=CN=C3N2CCCC2)C=C1,0.18]
[[NH3+]C[C@H](CO)CC1=CC(Br)=CC(NC(=O)CS[C@H]2CCCC3=C2C=CC=C3)=C1,0.04]Please propose a new molecule that has a higher JNK3 score. You can either make crossover and mutations based on the given molecules or just propose a new molecule based on your knowledge.



Your output should follow the format: {<<<Explaination>>>: $EXPLANATION, <<<Molecule>>>: \box{$Molecule}}. Here are the requirements:

        

1. $EXPLANATION should be your analysis.
2. The $Molecule should be the smiles of your propsosed molecule.
3. The molecule should be valid.
        "
15,2,COc1ccc(C)c(C(=O)Nc2ccc3c(N4CCCC4)ncnc3c2)c1,0.21,0.06758333333333336,0.22,0.01,0.056539010622951504,193,False,,"{<<<Explanation>>>: The first molecule has a higher JNK3 score (0.19) compared to the second (0.02), indicating that its scaffold and functional groups are more favorable for JNK3 activity. The first molecule contains a fused bicyclic system with a pyrimidine ring and a piperidine ring, along with a phenol group and an amide linkage. The second molecule is simpler, with a thioether and a dimethylamino group attached to an aromatic ring.

To design a molecule with potentially higher JNK3 activity, I propose to combine the favorable bicyclic pyrimidine-piperidine scaffold from the first molecule with some features from the second molecule that might improve binding or solubility, such as the methylated amine on the aromatic ring. Additionally, introducing a methoxy group on the phenol ring (instead of the hydroxyl) could improve membrane permeability and metabolic stability while maintaining hydrogen bonding capability.

Therefore, the proposed molecule retains the bicyclic pyrimidine-piperidine core and amide linkage, replaces the phenol OH with a methoxy group, and adds a dimethylamino substituent on the aromatic ring to enhance interactions and solubility. This hybrid design aims to increase the JNK3 score beyond 0.19.

<<<Molecule>>>: \box{CC1=CC=C(OC)C=C1C(=O)NC1=CC=C2C(=C1)N=CN=C2N1CCCC1} }","I have two molecules and their JNK3 scores. The JNK3 score measures a molecular's biological activity against JNK3.


[CC1=CC=C(O)C=C1C(=O)NC1=CC=C2C(=C1)N=CN=C2N1CCCC1,0.19]
[CCSC[C@@H](C)N(C)C(=O)NCc1ccc(C)cc1N(C)C,0.02]Please propose a new molecule that has a higher JNK3 score. You can either make crossover and mutations based on the given molecules or just propose a new molecule based on your knowledge.



Your output should follow the format: {<<<Explaination>>>: $EXPLANATION, <<<Molecule>>>: \box{$Molecule}}. Here are the requirements:

        

1. $EXPLANATION should be your analysis.
2. The $Molecule should be the smiles of your propsosed molecule.
3. The molecule should be valid.
        "
15,3,COc1ccccc1C(=O)Nc1ccc2c(N3CCCC3)ncnc2c1,0.2,0.06758333333333336,0.22,0.01,0.056539010622951504,193,False,,"{<<<Explanation>>>: Both given molecules share a common scaffold: a benzamide linked to a bicyclic system containing a substituted pyrimidine fused to a phenyl ring, with a piperidine or azetidine ring attached to the nitrogen. The difference lies in the ring size and substitution on the nitrogen-containing ring: one has a 4-membered azetidine ring with a methylene bridge ([CH]CCC) and a methoxy group on the phenyl ring (score 0.15), the other has a 5-membered piperidine ring (CCCC) and a methyl group on the phenyl ring (score 0.19). The piperidine ring and methyl substitution seem to improve activity.

To propose a molecule with potentially higher JNK3 activity, I will combine the beneficial features: keep the piperidine ring (which gave a higher score) and introduce a methoxy group on the phenyl ring (which might enhance binding via electronic effects or H-bonding). Additionally, I will replace the methyl group on the phenyl ring with a methoxy group to increase polarity and potential interactions. This hybrid molecule might have improved binding affinity and thus a higher JNK3 score.

<<<Molecule>>>: \box{COc1ccccc1C(=O)Nc1ccc2c(N3CCCC3)ncnc2c1}}","I have two molecules and their JNK3 scores. The JNK3 score measures a molecular's biological activity against JNK3.


[COc1ccccc1C(=O)Nc1ccc2c(N3[CH]CCC3)ncnc2c1,0.15]
[Cc1ccccc1C(=O)Nc1ccc2c(N3CCCC3)ncnc2c1,0.19]Please propose a new molecule that has a higher JNK3 score. You can either make crossover and mutations based on the given molecules or just propose a new molecule based on your knowledge.



Your output should follow the format: {<<<Explaination>>>: $EXPLANATION, <<<Molecule>>>: \box{$Molecule}}. Here are the requirements:

        

1. $EXPLANATION should be your analysis.
2. The $Molecule should be the smiles of your propsosed molecule.
3. The molecule should be valid.
        "
15,4,Cc1ccccc1C(=O)Nc1ccc2c(N3CCCC3)ncnc2c1,0.19,0.06758333333333336,0.22,0.01,0.056539010622951504,193,False,,,
15,5,CC1=CC=C(O)C=C1C(=O)NC1=CC=C2C(=C1)N=CN=C2N1CCCC1,0.19,0.06758333333333336,0.22,0.01,0.056539010622951504,193,False,,,
15,6,COc1ccc(NC2CN3CCC2CC3)nc1C(=O)Nc1ccc2c(N3CCCC3)ncnc2c1,0.19,0.06758333333333336,0.22,0.01,0.056539010622951504,193,False,,"{<<<Explanation>>>: The first molecule has a JNK3 score of 0.06 and features a methoxy-substituted pyrimidine ring with a chiral amine-containing bicyclic moiety. The second molecule has a higher score of 0.19 and contains a benzamide linked to a fused bicyclic heteroaromatic system with a piperidine substituent. To design a molecule with a potentially higher JNK3 score, I propose combining the favorable features of both molecules: the bicyclic amine moiety from the first molecule (which may enhance binding through its basic nitrogen and conformational rigidity) and the fused bicyclic heteroaromatic system from the second molecule (which likely contributes to better π-stacking and binding affinity). Additionally, I will introduce a methoxy group on the aromatic ring to improve solubility and possibly enhance interactions. This hybrid molecule aims to leverage the beneficial structural elements of both molecules to increase biological activity against JNK3. 

<<<Molecule>>>: \box{COc1ccc(NC2CN3CCC2CC3)nc1C(=O)Nc4ccc5c(ncnc5c4)N6CCCC6}}","I have two molecules and their JNK3 scores. The JNK3 score measures a molecular's biological activity against JNK3.


[COc1nc(N[C@@H]2C[NH+]3CCC2CC3)ccc1N,0.06]
[Cc1ccccc1C(=O)Nc1ccc2c(N3CCCC3)ncnc2c1,0.19]Please propose a new molecule that has a higher JNK3 score. You can either make crossover and mutations based on the given molecules or just propose a new molecule based on your knowledge.



Your output should follow the format: {<<<Explaination>>>: $EXPLANATION, <<<Molecule>>>: \box{$Molecule}}. Here are the requirements:

        

1. $EXPLANATION should be your analysis.
2. The $Molecule should be the smiles of your propsosed molecule.
3. The molecule should be valid.
        "
15,7,O=C(Nc1ccc2c(N3CCCC3)ncnc2c1)c1ccccc1O,0.18,0.06758333333333336,0.22,0.01,0.056539010622951504,193,False,,"{<<<Explanation>>>: Both given molecules share a common scaffold: a benzamide linked to a fused bicyclic system containing a piperidine ring. The difference lies in the substituent on the benzene ring attached to the amide: one has a methyl group (–CH3) and the other a methoxy group (–OCH3). The methoxy substituent (electron-donating and capable of hydrogen bonding) slightly improves the JNK3 score (0.2 vs 0.19). To further enhance activity, I propose introducing a stronger electron-donating group that can also engage in hydrogen bonding, such as a hydroxyl group (–OH), which often improves binding affinity by forming additional hydrogen bonds with the target. Additionally, placing the hydroxyl group para to the amide linkage on the benzene ring could optimize interactions. Therefore, I propose replacing the methyl/methoxy substituent with a para-hydroxy group on the benzamide phenyl ring, keeping the rest of the molecule intact. This modification is likely to increase the JNK3 score by improving binding interactions.

<<<Molecule>>>: \box{Oc1ccccc1C(=O)Nc1ccc2c(N3CCCC3)ncnc2c1}}","I have two molecules and their JNK3 scores. The JNK3 score measures a molecular's biological activity against JNK3.


[Cc1ccccc1C(=O)Nc1ccc2c(N3CCCC3)ncnc2c1,0.19]
[COc1ccccc1C(=O)Nc1ccc2c(N3CCCC3)ncnc2c1,0.2]Please propose a new molecule that has a higher JNK3 score. You can either make crossover and mutations based on the given molecules or just propose a new molecule based on your knowledge.



Your output should follow the format: {<<<Explaination>>>: $EXPLANATION, <<<Molecule>>>: \box{$Molecule}}. Here are the requirements:

        

1. $EXPLANATION should be your analysis.
2. The $Molecule should be the smiles of your propsosed molecule.
3. The molecule should be valid.
        "
15,8,COC1=CC(F)=CC=C1C(=O)NC1=CC=C2C(=C1)N=CN=C2C1=CC=CC=C1,0.18,0.06758333333333336,0.22,0.01,0.056539010622951504,193,False,,Fallback to genetic operations due to LLM error: ,"Fallback genetic operation for parents: ['COC1=CC(F)=CC=C1C(=O)NC1=CC=C2C(=C1)N=CN=C2N1CCOCC1', 'CCC[C@@H](C(=O)N1CCN(CC(=O)NC2=C(C)C=CC=C2C)CC1)C1=CC=CC=C1']"
15,9,COC1=CC=CC=C1NC1=CC=C(CNC(=O)NC2=CC=C3C(=C2)N=CN=C3N2CCCC2)C=C1,0.18,0.06758333333333336,0.22,0.01,0.056539010622951504,193,False,,,
15,10,COc1cc(O)ccc1C(=O)Nc1ccc2c(-c3ccccc3)ncnc2c1,0.18,0.06758333333333336,0.22,0.01,0.056539010622951504,193,False,,"Both given molecules are identical, with a JNK3 score of 0.18, indicating moderate activity. To improve the JNK3 score, we can consider structural modifications known to enhance kinase inhibition, such as introducing additional hydrogen bond donors or acceptors, or adding groups that increase binding affinity. The current molecule has a methoxy group (COC) and a fluorophenyl ring. One common strategy is to replace the fluorine with a hydroxyl group to increase hydrogen bonding potential or add a small polar substituent on the phenyl ring to improve interactions. Alternatively, adding a methyl group on the pyrazolopyrimidine core can enhance hydrophobic interactions. Here, I propose replacing the fluorine atom with a hydroxyl group on the phenyl ring to potentially increase binding affinity and thus the JNK3 score.","I have two molecules and their JNK3 scores. The JNK3 score measures a molecular's biological activity against JNK3.


[COC1=CC(F)=CC=C1C(=O)NC1=CC=C2C(=C1)N=CN=C2C1=CC=CC=C1,0.18]
[COC1=CC(F)=CC=C1C(=O)NC1=CC=C2C(=C1)N=CN=C2C1=CC=CC=C1,0.18]Please propose a new molecule that has a higher JNK3 score. You can either make crossover and mutations based on the given molecules or just propose a new molecule based on your knowledge.



Your output should follow the format: {<<<Explaination>>>: $EXPLANATION, <<<Molecule>>>: \box{$Molecule}}. Here are the requirements:

        

1. $EXPLANATION should be your analysis.
2. The $Molecule should be the smiles of your propsosed molecule.
3. The molecule should be valid.
        "
15,11,COc1cc(F)ccc1C(=O)Nc1ccc2c(-c3ccncc3N3CCOCC3)ncnc2c1,0.18,0.06758333333333336,0.22,0.01,0.056539010622951504,193,False,,"Both given molecules have a JNK3 score of 0.14, indicating moderate activity. They share some common features: a methoxy-substituted aromatic ring and a heterocyclic system with nitrogen atoms, which are likely important for binding to JNK3. To improve the score, I propose combining the key features of both molecules: the fluorinated methoxyphenyl amide from the first molecule and the fused heterocyclic system from the second molecule, while introducing a small mutation to enhance binding affinity. Specifically, I will replace the piperidine ring in the first molecule with the morpholine ring from the second molecule, as morpholine can improve solubility and potentially enhance interactions. Additionally, I will keep the fluorine substituent on the aromatic ring to maintain electronic effects favorable for binding. This crossover and mutation aim to create a molecule with better binding properties and thus a higher JNK3 score.","I have two molecules and their JNK3 scores. The JNK3 score measures a molecular's biological activity against JNK3.


[COc1cc(F)ccc1C(=O)Nc1ccc2c(-c3ccncc3N3CCCC3)ncnc2c1,0.14]
[COC1=CC(F)=CC=C1C(=O)NC1=CC=C2C(=C1)N=CN=C2N1CCOCC1,0.14]Please propose a new molecule that has a higher JNK3 score. You can either make crossover and mutations based on the given molecules or just propose a new molecule based on your knowledge.



Your output should follow the format: {<<<Explaination>>>: $EXPLANATION, <<<Molecule>>>: \box{$Molecule}}. Here are the requirements:

        

1. $EXPLANATION should be your analysis.
2. The $Molecule should be the smiles of your propsosed molecule.
3. The molecule should be valid.
        "
15,12,Cc1cc(Br)ccc1C(=O)Nc1ccc2c(N3CCCC3)ncnc2c1,0.16,0.06758333333333336,0.22,0.01,0.056539010622951504,193,False,,"The first molecule has a higher JNK3 score (0.19) compared to the second (0.02), suggesting that the core structure with the fused bicyclic system containing the pyrazolopyrimidine moiety and the piperidine ring (N3CCCC3) contributes positively to activity. The second molecule has a simpler aniline derivative with halogen substitutions (Br and Cl) but much lower activity. To improve activity, I propose to combine the favorable features: retain the bicyclic pyrazolopyrimidine core and piperidine ring from the first molecule, and introduce a halogen substitution (like Br) on the phenyl ring to potentially enhance binding through halogen bonding or hydrophobic interactions. Additionally, I will keep the amide linkage for stability. This hybrid approach aims to increase the JNK3 score by combining beneficial structural elements from both molecules.","I have two molecules and their JNK3 scores. The JNK3 score measures a molecular's biological activity against JNK3.


[Cc1ccccc1C(=O)Nc1ccc2c(N3CCCC3)ncnc2c1,0.19]
[Cc1cc(NC(=O)Nc2cccc(Cl)c2)ncc1Br,0.02]Please propose a new molecule that has a higher JNK3 score. You can either make crossover and mutations based on the given molecules or just propose a new molecule based on your knowledge.



Your output should follow the format: {<<<Explaination>>>: $EXPLANATION, <<<Molecule>>>: \box{$Molecule}}. Here are the requirements:

        

1. $EXPLANATION should be your analysis.
2. The $Molecule should be the smiles of your propsosed molecule.
3. The molecule should be valid.
        "
15,13,COc1ccccc1Nc1ccc(NC(=O)c2cc(C(F)(F)F)ccc2OCC2CNCCO2)c(N)c1,0.16,0.06758333333333336,0.22,0.01,0.056539010622951504,193,False,,"{<<<Explanation>>>: Both given molecules have a low JNK3 score of 0.09, indicating weak activity. The first molecule features a methoxyphenyl group and a trifluoromethyl-substituted aromatic amide, while the second contains a hydrazide linked to a fused bicyclic heteroaromatic system with a morpholine ring. To improve JNK3 activity, I propose combining the key features: the trifluoromethyl group (which can enhance binding through hydrophobic and electronic effects) and the bicyclic heteroaromatic system (which may improve specificity and binding affinity). Additionally, replacing the hydrazide linker with a more stable amide bond and retaining the morpholine ring for solubility and interaction could enhance activity. This hybrid molecule merges beneficial elements from both structures, potentially increasing JNK3 inhibition. 

<<<Molecule>>>: \box{COc1ccccc1Nc1ccc(NC(=O)c2cc(C(F)(F)F)ccc2OCC3CNCCO3)c(N)c1}}","I have two molecules and their JNK3 scores. The JNK3 score measures a molecular's biological activity against JNK3.


[COc1ccccc1Nc1ccc(NC(=O)c2cc(C(F)(F)F)ccc2OC)c(N)c1,0.09]
[Cc1ccccc1C(=O)NNc1ccc2c(N3CCCO3)ncnc2c1,0.09]Please propose a new molecule that has a higher JNK3 score. You can either make crossover and mutations based on the given molecules or just propose a new molecule based on your knowledge.



Your output should follow the format: {<<<Explaination>>>: $EXPLANATION, <<<Molecule>>>: \box{$Molecule}}. Here are the requirements:

        

1. $EXPLANATION should be your analysis.
2. The $Molecule should be the smiles of your propsosed molecule.
3. The molecule should be valid.
        "
15,14,COC1=CC=CC=C1C(=O)NC1=CC=C2C(=C1)N=CN=C2N1[CH]CCC1,0.15,0.06758333333333336,0.22,0.01,0.056539010622951504,193,False,,,
15,15,COc1ccccc1C(=O)Nc1ccc2c(-c3cccc(C(F)(F)F)c3)ncnc2c1,0.15,0.06758333333333336,0.22,0.01,0.056539010622951504,193,False,,"{<<<Explanation>>>: The first molecule has a higher JNK3 score (0.15) compared to the second (0.08), indicating better activity. The first molecule features a methoxyphenyl group linked to a bicyclic heteroaromatic system with an amide linkage, while the second has an acetamide linked to a trifluoromethyl-substituted phenyl ring with a fluorobenzylamine substituent. To improve activity, I propose combining the bicyclic heteroaromatic core and amide linkage from the first molecule with the trifluoromethyl-substituted phenyl ring from the second, as trifluoromethyl groups often enhance binding affinity and metabolic stability. Additionally, introducing a methoxy group on the phenyl ring may improve solubility and binding interactions. This hybrid molecule aims to leverage the higher activity scaffold of the first molecule and the beneficial trifluoromethyl substitution from the second, potentially increasing the JNK3 score. <<<Molecule>>>: \box{COC1=CC=CC=C1C(=O)NC2=CC=C3C(=C2)N=CN=C3C4=CC(C(F)(F)F)=CC=C4}}","I have two molecules and their JNK3 scores. The JNK3 score measures a molecular's biological activity against JNK3.


[COC1=CC=CC=C1C(=O)NC1=CC=C2C(=C1)N=CN=C2N1[CH]CCC1,0.15]
[CC(=O)Nc1ccc(NCc2ccccc2F)c(C(F)(F)F)c1,0.08]Please propose a new molecule that has a higher JNK3 score. You can either make crossover and mutations based on the given molecules or just propose a new molecule based on your knowledge.



Your output should follow the format: {<<<Explaination>>>: $EXPLANATION, <<<Molecule>>>: \box{$Molecule}}. Here are the requirements:

        

1. $EXPLANATION should be your analysis.
2. The $Molecule should be the smiles of your propsosed molecule.
3. The molecule should be valid.
        "
15,16,COc1ccccc1NC(=O)c1cc(C(F)(F)F)ccc1NNc1ccc2c(N3CCCO3)ncnc2c1,0.15,0.06758333333333336,0.22,0.01,0.056539010622951504,193,False,,"{<<<Explanation>>>: Both given molecules have a JNK3 score of 0.09, indicating relatively low activity. The first molecule features a methoxyphenyl group linked to an aniline with an amide connected to a trifluoromethyl-substituted aromatic ring, which may contribute to binding affinity through hydrophobic and electronic effects. The second molecule contains a benzoyl hydrazine linked to a fused bicyclic heteroaromatic system with a morpholine ring, which could enhance solubility and binding through hydrogen bonding.

To improve the JNK3 score, I propose combining favorable features from both molecules: retaining the trifluoromethyl-substituted aromatic amide from the first molecule for potency, and incorporating the bicyclic heteroaromatic system with the morpholine ring from the second molecule to enhance binding interactions and solubility. Additionally, replacing the aniline linker with a hydrazine linker may improve hydrogen bonding and flexibility.

Thus, the proposed molecule is a trifluoromethyl-substituted aromatic amide linked via a hydrazine to the bicyclic heteroaromatic system containing the morpholine ring, aiming to increase JNK3 activity.

<<<Molecule>>>: \box{COc1ccccc1NC(=O)c2cc(C(F)(F)F)ccc2NNc3ccc4c(N5CCCO5)ncnc4c3}}","I have two molecules and their JNK3 scores. The JNK3 score measures a molecular's biological activity against JNK3.


[COc1ccccc1Nc1ccc(NC(=O)c2cc(C(F)(F)F)ccc2OC)c(N)c1,0.09]
[Cc1ccccc1C(=O)NNc1ccc2c(N3CCCO3)ncnc2c1,0.09]Please propose a new molecule that has a higher JNK3 score. You can either make crossover and mutations based on the given molecules or just propose a new molecule based on your knowledge.



Your output should follow the format: {<<<Explaination>>>: $EXPLANATION, <<<Molecule>>>: \box{$Molecule}}. Here are the requirements:

        

1. $EXPLANATION should be your analysis.
2. The $Molecule should be the smiles of your propsosed molecule.
3. The molecule should be valid.
        "
15,17,COC1=CC(F)=CC=C1C(=O)NC1=CC=C2C(=C1)N=CN=C2N1CCCC1,0.14,0.06758333333333336,0.22,0.01,0.056539010622951504,193,False,,,
15,18,COC1=CC(F)=CC=C1C(=O)NC1=CC=C2C(=C1)N=CN=C2N1CCOCC1,0.14,0.06758333333333336,0.22,0.01,0.056539010622951504,193,False,,,
15,19,COc1ccc(C(F)(F)F)cc1C(=O)Nc1ccc2c(N3[CH]CCC3)ncnc2c1,0.14,0.06758333333333336,0.22,0.01,0.056539010622951504,193,False,,"The first molecule has a higher JNK3 score (0.15) compared to the second (0.04), indicating better activity. The first molecule features a methoxyphenyl group linked via an amide to a bicyclic heterocycle containing a nitrogen-rich fused ring system, which likely contributes to its higher activity. The second molecule has a nitro-substituted phenyl ring and a trifluoromethyl group on a lactam ring, but its activity is lower.

To improve activity, I propose combining the favorable features of both molecules: retain the bicyclic heterocycle and amide linkage from the first molecule, but introduce the trifluoromethyl group from the second molecule to enhance binding affinity and metabolic stability. Specifically, I will modify the first molecule by adding a trifluoromethyl group on the phenyl ring (para to the methoxy group) to potentially increase hydrophobic interactions and improve activity.

This hybrid approach leverages the higher activity scaffold of the first molecule and the beneficial trifluoromethyl substitution from the second.","I have two molecules and their JNK3 scores. The JNK3 score measures a molecular's biological activity against JNK3.


[COc1ccccc1C(=O)Nc1ccc2c(N3[CH]CCC3)ncnc2c1,0.15]
[CC(=O)c1ccc(N[C@H]2CC(=O)N(CC(F)(F)F)C2)c([N+](=O)[O-])c1,0.04]Please propose a new molecule that has a higher JNK3 score. You can either make crossover and mutations based on the given molecules or just propose a new molecule based on your knowledge.



Your output should follow the format: {<<<Explaination>>>: $EXPLANATION, <<<Molecule>>>: \box{$Molecule}}. Here are the requirements:

        

1. $EXPLANATION should be your analysis.
2. The $Molecule should be the smiles of your propsosed molecule.
3. The molecule should be valid.
        "
15,20,COc1ccccc1C(=O)Nc1ccc2c(N3CCCN3)ncnc2c1,0.14,0.06758333333333336,0.22,0.01,0.056539010622951504,193,False,,"{<<<Explanation>>>: The first molecule has a JNK3 score of 0.15, which is higher than the second molecule's 0.07. The first molecule features a methoxyphenyl group linked to a bicyclic heterocycle containing a nitrogen bridge, while the second molecule has a more complex structure with nitro groups and a charged amine. Nitro groups and charged groups often reduce cell permeability and can negatively impact activity. To improve the JNK3 score, I propose to combine the favorable features of the first molecule (the methoxyphenyl and bicyclic heterocycle) with a less polar, less charged substituent inspired by the second molecule's amine side chain but without the nitro groups. Specifically, I will replace the nitro-substituted aromatic amine in the second molecule with a simpler, neutral amine side chain attached to the bicyclic core of the first molecule, maintaining the methoxyphenyl group and the amide linkage. This hybrid should improve binding affinity and biological activity by preserving key interactions and reducing polarity and charge that may hinder activity.

<<<Molecule>>>: \box{COc1ccccc1C(=O)Nc1ccc2c(N3CCCN3)ncnc2c1} }","I have two molecules and their JNK3 scores. The JNK3 score measures a molecular's biological activity against JNK3.


[COc1ccccc1C(=O)Nc1ccc2c(N3[CH]CCC3)ncnc2c1,0.15]
[O=C(NCC1CCC[NH+](Cc2cc(O)ccc2[N+](=O)[O-])C1)Nc1ccc(Cn2cc(Cl)c([N+](=O)[O-])n2)cc1,0.07]Please propose a new molecule that has a higher JNK3 score. You can either make crossover and mutations based on the given molecules or just propose a new molecule based on your knowledge.



Your output should follow the format: {<<<Explaination>>>: $EXPLANATION, <<<Molecule>>>: \box{$Molecule}}. Here are the requirements:

        

1. $EXPLANATION should be your analysis.
2. The $Molecule should be the smiles of your propsosed molecule.
3. The molecule should be valid.
        "
15,21,COc1cc(F)ccc1C(=O)Nc1ccc2c(-c3ccncc3N3CCCC3)ncnc2c1,0.14,0.06758333333333336,0.22,0.01,0.056539010622951504,193,False,,"Both given molecules share a core structure involving a methoxyphenyl group linked via an amide bond to a fused bicyclic system containing a pyrimidine ring. The second molecule has a slightly higher JNK3 score (0.18 vs 0.15), possibly due to the presence of a fluorine substituent on the phenyl ring and an additional phenyl ring attached to the fused bicyclic system, which may enhance binding affinity through hydrophobic interactions or electronic effects.

To propose a molecule with a potentially higher JNK3 score, I will combine beneficial features from both molecules and introduce a small mutation to improve binding. Specifically:

- Retain the methoxy group on the phenyl ring for favorable electronic effects.
- Keep the fluorine substituent to maintain or enhance binding.
- Maintain the fused bicyclic pyrimidine core.
- Replace the phenyl ring attached to the bicyclic system with a pyridine ring to introduce a nitrogen atom that can form additional hydrogen bonds or coordinate with the kinase active site.
- Replace the flexible aliphatic ring in the first molecule with a more rigid piperidine ring to improve binding affinity by reducing entropy loss.

This crossover and mutation strategy aims to combine hydrophobic, electronic, and hydrogen bonding interactions to increase the JNK3 score.","I have two molecules and their JNK3 scores. The JNK3 score measures a molecular's biological activity against JNK3.


[COC1=CC=CC=C1C(=O)NC1=CC=C2C(=C1)N=CN=C2N1[CH]CCC1,0.15]
[COC1=CC(F)=CC=C1C(=O)NC1=CC=C2C(=C1)N=CN=C2C1=CC=CC=C1,0.18]Please propose a new molecule that has a higher JNK3 score. You can either make crossover and mutations based on the given molecules or just propose a new molecule based on your knowledge.



Your output should follow the format: {<<<Explaination>>>: $EXPLANATION, <<<Molecule>>>: \box{$Molecule}}. Here are the requirements:

        

1. $EXPLANATION should be your analysis.
2. The $Molecule should be the smiles of your propsosed molecule.
3. The molecule should be valid.
        "
15,22,COc1cc(F)ccc1C(=O)Nc1ccc2c(N3CCCC3)ncnc2c1,0.14,0.06758333333333336,0.22,0.01,0.056539010622951504,193,False,,"{<<<Explanation>>>: The two given molecules have JNK3 scores of 0.18 and 0.2, respectively. Both share a common motif of a benzamide linked to a bicyclic heterocycle containing nitrogen atoms, which likely contributes to JNK3 binding. The second molecule has a slightly higher score, possibly due to the presence of the piperidine ring (N3CCCC3) fused to the bicyclic system, which may enhance binding affinity or improve molecular interactions.

To propose a molecule with a potentially higher JNK3 score, I will combine favorable features from both molecules: the fluorine substitution on the phenyl ring from the first molecule (which can improve binding through electronic effects) and the piperidine-containing bicyclic heterocycle from the second molecule. Additionally, I will add a methoxy group on the phenyl ring to increase polarity and potential hydrogen bonding, which can improve activity.

This new molecule will have a 3-fluoro-4-methoxybenzamide linked to the bicyclic heterocycle with the piperidine ring, aiming to enhance binding affinity and thus increase the JNK3 score.

<<<Molecule>>>: \box{COc1cc(F)ccc1C(=O)Nc1ccc2c(N3CCCC3)ncnc2c1}}","I have two molecules and their JNK3 scores. The JNK3 score measures a molecular's biological activity against JNK3.


[COC1=CC(F)=CC=C1C(=O)NC1=CC=C2C(=C1)N=CN=C2C1=CC=CC=C1,0.18]
[COc1ccccc1C(=O)Nc1ccc2c(N3CCCC3)ncnc2c1,0.2]Please propose a new molecule that has a higher JNK3 score. You can either make crossover and mutations based on the given molecules or just propose a new molecule based on your knowledge.



Your output should follow the format: {<<<Explaination>>>: $EXPLANATION, <<<Molecule>>>: \box{$Molecule}}. Here are the requirements:

        

1. $EXPLANATION should be your analysis.
2. The $Molecule should be the smiles of your propsosed molecule.
3. The molecule should be valid.
        "
15,23,O=C(Nc1ccc2c(N3CNC3)ncnc2c1)c1ccccc1F,0.13,0.06758333333333336,0.22,0.01,0.056539010622951504,193,False,,"The first molecule has a low JNK3 score (0.04) and contains a positively charged amine linked to a fluorophenyl-substituted heterocycle. The second molecule has a higher score (0.18) and features a urea linkage connecting a hydroxyphenyl group and a bicyclic purine-like system with a piperidine ring. To improve the JNK3 score, I propose combining the urea linkage and bicyclic purine scaffold from the second molecule with the fluorophenyl group from the first molecule, as fluorine substitution often enhances binding affinity and metabolic stability. Additionally, replacing the piperidine ring with a smaller azetidine ring may improve binding by reducing steric hindrance and increasing conformational rigidity. This hybrid molecule maintains key pharmacophores from the higher scoring molecule while incorporating beneficial features from the first molecule, potentially increasing JNK3 activity.","I have two molecules and their JNK3 scores. The JNK3 score measures a molecular's biological activity against JNK3.


[CC1=CN=C(C[NH+](C)CCCC2=NNC(C3=CC=C(F)C=C3)=C2)O1,0.04]
[O=C(Nc1ccc2c(N3CCCC3)ncnc2c1)c1ccccc1O,0.18]Please propose a new molecule that has a higher JNK3 score. You can either make crossover and mutations based on the given molecules or just propose a new molecule based on your knowledge.



Your output should follow the format: {<<<Explaination>>>: $EXPLANATION, <<<Molecule>>>: \box{$Molecule}}. Here are the requirements:

        

1. $EXPLANATION should be your analysis.
2. The $Molecule should be the smiles of your propsosed molecule.
3. The molecule should be valid.
        "
15,24,O=C(Nc1ccc2c(N3CCCC3)ncnc2c1)c1ccc(F)cc1O,0.13,0.06758333333333336,0.22,0.01,0.056539010622951504,193,False,,"{<<<Explanation>>>: Both given molecules share a common core structure: a substituted aminopyrimidine fused to a phenyl ring, with a piperidine ring attached to the pyrimidine nitrogen. The difference lies in the amide substituent: one has a methylphenyl group (Cc1ccccc1C(=O)N...), and the other has a hydroxyphenyl group (O=C(Nc1ccc2c(N3CCCC3)ncnc2c1)c1ccccc1O). Their JNK3 scores are close (0.19 and 0.18), suggesting similar activity.

To improve the JNK3 score, I propose combining features from both molecules and introducing a small mutation to enhance binding affinity. Specifically, I will:

1. Retain the aminopyrimidine-piperidine core, as it is common and likely essential.
2. Use the hydroxyphenyl amide substituent, as the hydroxyl group can form hydrogen bonds, potentially improving activity.
3. Add a fluorine atom to the phenyl ring of the amide substituent to increase binding affinity and metabolic stability, as fluorine often enhances biological activity.
4. Keep the piperidine ring intact.

This new molecule is expected to have improved interactions with JNK3 due to the hydroxyl and fluorine substituents, potentially increasing the JNK3 score.

<<<Molecule>>>: \box{O=C(Nc1ccc2c(N3CCCC3)ncnc2c1)c1ccc(F)cc1O}}","I have two molecules and their JNK3 scores. The JNK3 score measures a molecular's biological activity against JNK3.


[Cc1ccccc1C(=O)Nc1ccc2c(N3CCCC3)ncnc2c1,0.19]
[O=C(Nc1ccc2c(N3CCCC3)ncnc2c1)c1ccccc1O,0.18]Please propose a new molecule that has a higher JNK3 score. You can either make crossover and mutations based on the given molecules or just propose a new molecule based on your knowledge.



Your output should follow the format: {<<<Explaination>>>: $EXPLANATION, <<<Molecule>>>: \box{$Molecule}}. Here are the requirements:

        

1. $EXPLANATION should be your analysis.
2. The $Molecule should be the smiles of your propsosed molecule.
3. The molecule should be valid.
        "
15,25,COc1ccc(C(=O)N2CCCC(C(=O)Nc3ccc(-c4ccncc4)cc3)C2)cc1,0.12,0.06758333333333336,0.22,0.01,0.056539010622951504,193,False,,"Both given molecules have relatively low JNK3 scores (0.06 and 0.05), indicating modest activity. The first molecule features a piperidine ring linked to an amide and a substituted phenyl ring with a pyrazole moiety, while the second molecule contains a methoxy-substituted aromatic system with a nitro group and an amide linkage. To potentially increase JNK3 activity, I propose combining the amide-linked aromatic system from the first molecule with the electron-donating methoxy groups from the second molecule to enhance binding affinity and improve interactions with the JNK3 active site. Additionally, replacing the pyrazole ring with a more planar heterocycle like a pyridine could improve stacking interactions. Therefore, I propose a molecule with a piperidine ring linked via an amide to a methoxy-substituted phenyl ring, which is further connected to a pyridine ring. This hybrid design aims to improve binding affinity and thus increase the JNK3 score.","I have two molecules and their JNK3 scores. The JNK3 score measures a molecular's biological activity against JNK3.


[Cc1nonc1CC(=O)N1CCC[C@H](C(=O)Nc2ccc(-c3ccn[nH]3)cc2)C1,0.06]
[COc1ccc(CNC(=O)c2cc(OC)c(OC)cc2[N+](=O)[O-])cn1,0.05]Please propose a new molecule that has a higher JNK3 score. You can either make crossover and mutations based on the given molecules or just propose a new molecule based on your knowledge.



Your output should follow the format: {<<<Explaination>>>: $EXPLANATION, <<<Molecule>>>: \box{$Molecule}}. Here are the requirements:

        

1. $EXPLANATION should be your analysis.
2. The $Molecule should be the smiles of your propsosed molecule.
3. The molecule should be valid.
        "
15,26,Cc1cc(F)ccc1C(=O)Nc1ccc2c(N3CCOCC3)ncnc2c1,0.12,0.06758333333333336,0.22,0.01,0.056539010622951504,193,False,,"The first molecule has a higher JNK3 score (0.19) compared to the second (0.07), indicating that the amide-linked aromatic system with a fused bicyclic heterocycle (a purine-like structure with a piperidine substituent) is more favorable for activity. The second molecule has a rigid bicyclic scaffold with a nitro-substituted phenyl ring, which might contribute less to activity. To improve the score, I propose combining the amide linkage and aromatic system from the first molecule with a modification to increase binding affinity: replacing the piperidine ring with a morpholine ring (which can improve solubility and hydrogen bonding) and adding a small electron-withdrawing group (like fluorine) on the phenyl ring to enhance interactions. This hybrid approach aims to retain the favorable scaffold of the first molecule while introducing beneficial mutations to improve activity against JNK3.","I have two molecules and their JNK3 scores. The JNK3 score measures a molecular's biological activity against JNK3.


[Cc1ccccc1C(=O)Nc1ccc2c(N3CCCC3)ncnc2c1,0.19]
[O=C(N1CCOCC1)C12C[C@H]3C[C@@H](C1)CC(c1ccc([N+](=O)[O-])cc1)(C3)C2,0.07]Please propose a new molecule that has a higher JNK3 score. You can either make crossover and mutations based on the given molecules or just propose a new molecule based on your knowledge.



Your output should follow the format: {<<<Explaination>>>: $EXPLANATION, <<<Molecule>>>: \box{$Molecule}}. Here are the requirements:

        

1. $EXPLANATION should be your analysis.
2. The $Molecule should be the smiles of your propsosed molecule.
3. The molecule should be valid.
        "
15,27,COc1ccc(C(F)(F)F)cc1C(=O)N(C)Cc1ccc2c(N3CCC3)ncnc2c1,0.12,0.06758333333333336,0.22,0.01,0.056539010622951504,193,False,,"{<<<Explanation>>>: The first molecule has a higher JNK3 score (0.14) compared to the second (0.02), indicating that the scaffold containing the trifluoromethyl-substituted aromatic ring linked to a fused bicyclic heterocycle (likely a purine or similar) is more active. The second molecule is a simpler amide with alkyl and methyl substitutions and shows lower activity. To improve activity, I propose to combine the trifluoromethyl-substituted aromatic ring and amide linkage from the first molecule with the methylated amine substitution from the second molecule to enhance binding and possibly improve pharmacokinetics. Additionally, introducing a small alkyl substitution on the nitrogen of the amide may increase lipophilicity and binding affinity. This hybrid molecule retains the key trifluoromethyl aromatic motif and fused bicyclic heterocycle for activity, while incorporating beneficial substitutions from the second molecule to potentially increase the JNK3 score. 

<<<Molecule>>>: \box{COc1ccc(C(F)(F)F)cc1C(=O)N(C)Cc2ccc3c(N4CCC4)ncnc3c2}}","I have two molecules and their JNK3 scores. The JNK3 score measures a molecular's biological activity against JNK3.


[COc1ccc(C(F)(F)F)cc1C(=O)Nc1ccc2c(N3[CH]CCC3)ncnc2c1,0.14]
[CCSC[C@@H](C)N(C)C(=O)NCc1ccc(C)cc1N(C)C,0.02]Please propose a new molecule that has a higher JNK3 score. You can either make crossover and mutations based on the given molecules or just propose a new molecule based on your knowledge.



Your output should follow the format: {<<<Explaination>>>: $EXPLANATION, <<<Molecule>>>: \box{$Molecule}}. Here are the requirements:

        

1. $EXPLANATION should be your analysis.
2. The $Molecule should be the smiles of your propsosed molecule.
3. The molecule should be valid.
        "
15,28,COc1ccc(CN2CCC(CNC(=O)c3c[nH]nc3-c3ccc(Cl)c([N+](=O)[O-])c3)CC2)cc1,0.11,0.06758333333333336,0.22,0.01,0.056539010622951504,193,False,,"{<<<Explanation>>>: Both given molecules have a JNK3 score of 0.05, indicating relatively low activity. They share some common features: an amide linkage connected to heterocyclic systems and aromatic rings with electron-withdrawing groups (Cl, NO2). To potentially increase JNK3 activity, I propose combining favorable features from both molecules: the pyrazole-based heterocycle from the first molecule and the nitro-substituted chlorinated aromatic ring from the second molecule. Additionally, introducing a methoxy group on the aromatic ring (as in the first molecule) may enhance binding through electronic effects. I also suggest replacing the piperidinium ring (positively charged nitrogen in the first molecule) with a neutral piperidine to reduce potential off-target interactions and improve membrane permeability. This crossover and mutation aim to improve binding affinity and biological activity against JNK3. 

<<<Molecule>>>: \box{COc1ccc(CN2CCC(CNC(=O)c3c[nH]nc3-c3ccc(Cl)c([N+](=O)[O-])c3)CC2)cc1}}}","I have two molecules and their JNK3 scores. The JNK3 score measures a molecular's biological activity against JNK3.


[COc1ccc(C[NH+]2CCC(CNC(=O)c3c[nH]nc3-c3ccc(Cl)cc3)CC2)cc1,0.05]
[Cc1nn(C)cc1CNC(=O)c1ccc(Cn2cc(Cl)c([N+](=O)[O-])n2)cc1,0.05]Please propose a new molecule that has a higher JNK3 score. You can either make crossover and mutations based on the given molecules or just propose a new molecule based on your knowledge.



Your output should follow the format: {<<<Explaination>>>: $EXPLANATION, <<<Molecule>>>: \box{$Molecule}}. Here are the requirements:

        

1. $EXPLANATION should be your analysis.
2. The $Molecule should be the smiles of your propsosed molecule.
3. The molecule should be valid.
        "
15,29,CC(=O)Nc1ccc(NCc2csc(-c3cccc(Cl)c3)n2)c(C(F)(F)F)c1,0.11,0.06758333333333336,0.22,0.01,0.056539010622951504,193,False,,"{<<<Explanation>>>: The first molecule has a JNK3 score of 0.06 and contains a complex bicyclic system with a chlorophenyl-thiazole moiety and fluorinated aromatic rings, suggesting that halogenation and heterocyclic structures contribute to activity. The second molecule has a slightly higher score of 0.08 and features an acetamide linked to a trifluoromethyl-substituted aromatic ring and a fluorobenzyl amine, indicating that electron-withdrawing groups like CF3 and fluorine on aromatic rings may enhance activity. To propose a molecule with a potentially higher JNK3 score, I will combine features from both molecules: retain the acetamide and trifluoromethyl-substituted aromatic ring from the second molecule for potency, and introduce a heterocyclic thiazole ring with a chlorophenyl substituent from the first molecule to enhance binding affinity. Additionally, I will keep fluorine substituents to maintain electron-withdrawing effects. This hybrid molecule is expected to have improved interactions with JNK3, potentially increasing the score beyond 0.08. 

<<<Molecule>>>: \box{CC(=O)Nc1ccc(NCc2csc(n2)C3=CC=CC(Cl)=C3)c(C(F)(F)F)c1}}","I have two molecules and their JNK3 scores. The JNK3 score measures a molecular's biological activity against JNK3.


[COC1=CC(F)=C(NC(=O)C=C2CN(C(=O)NC3=NC=C(CC4=CC=CC(Cl)=C4)S3)C2)C=C1F,0.06]
[CC(=O)Nc1ccc(NCc2ccccc2F)c(C(F)(F)F)c1,0.08]Please propose a new molecule that has a higher JNK3 score. You can either make crossover and mutations based on the given molecules or just propose a new molecule based on your knowledge.



Your output should follow the format: {<<<Explaination>>>: $EXPLANATION, <<<Molecule>>>: \box{$Molecule}}. Here are the requirements:

        

1. $EXPLANATION should be your analysis.
2. The $Molecule should be the smiles of your propsosed molecule.
3. The molecule should be valid.
        "
15,30,COc1ccccc1C(=O)N1CCCC(C(=O)Nc2ccc(-c3ccncc3)cc2)C1,0.1,0.06758333333333336,0.22,0.01,0.056539010622951504,193,False,,"{<<<Explanation>>>: The first molecule has a JNK3 score of 0.12 and features a piperidine ring linked to an amide and a methoxyphenyl group, with an additional amide connected to a biphenyl-pyridine moiety. The second molecule has a higher score of 0.2 and contains a methoxyphenyl group connected via an amide to a fused bicyclic system with a piperidine ring incorporated in the structure. The second molecule’s fused bicyclic system with a nitrogen heterocycle likely contributes to better binding affinity.

To propose a molecule with a potentially higher JNK3 score, I will combine the favorable features of both molecules: the methoxyphenyl amide from the second molecule and the biphenyl-pyridine moiety from the first molecule, while maintaining the piperidine ring that may enhance binding. Specifically, I will design a molecule where the methoxyphenyl amide is connected to a piperidine ring, which is further connected via an amide to the biphenyl-pyridine fragment. This hybrid should retain key pharmacophores and possibly improve activity.

<<<Molecule>>>: \box{COc1ccccc1C(=O)N2CCCC(C(=O)Nc3ccc(-c4ccncc4)cc3)C2}}}","I have two molecules and their JNK3 scores. The JNK3 score measures a molecular's biological activity against JNK3.


[COc1ccc(C(=O)N2CCCC(C(=O)Nc3ccc(-c4ccncc4)cc3)C2)cc1,0.12]
[COc1ccccc1C(=O)Nc1ccc2c(N3CCCC3)ncnc2c1,0.2]Please propose a new molecule that has a higher JNK3 score. You can either make crossover and mutations based on the given molecules or just propose a new molecule based on your knowledge.



Your output should follow the format: {<<<Explaination>>>: $EXPLANATION, <<<Molecule>>>: \box{$Molecule}}. Here are the requirements:

        

1. $EXPLANATION should be your analysis.
2. The $Molecule should be the smiles of your propsosed molecule.
3. The molecule should be valid.
        "
15,31,CCSCC(C)N(C)C(=O)NCc1ccc(Nc2ccccc2OC)cc1N(C)C,0.09,0.06758333333333336,0.22,0.01,0.056539010622951504,193,False,,"Both given molecules have very low JNK3 scores (0.02 and 0.01), indicating weak activity. The first molecule features a peptide-like backbone with an amide linkage and aromatic substitution, while the second has a bicyclic system with a positively charged amine and a bulky tert-butyl ether group. To improve JNK3 activity, it is often beneficial to combine features that enhance binding affinity, such as maintaining the amide linkage for hydrogen bonding and incorporating aromatic or heteroaromatic rings for π-π stacking interactions. Additionally, reducing steric hindrance and optimizing the basic amine groups can improve binding. I propose a molecule that merges the amide backbone and aromatic substitution from the first molecule with a less bulky, more planar bicyclic aromatic system inspired by the second molecule, replacing the bulky tert-butyl group with a simpler methoxy group to reduce steric hindrance and maintain polarity. This hybrid molecule should have improved binding potential and thus a higher JNK3 score.","I have two molecules and their JNK3 scores. The JNK3 score measures a molecular's biological activity against JNK3.


[CCSC[C@@H](C)N(C)C(=O)NCc1ccc(C)cc1N(C)C,0.02]
[CC(C)C[C@H]1C[NH2+]CC[C@@H]1c1cccc2c1OC(C)(C)C2,0.01]Please propose a new molecule that has a higher JNK3 score. You can either make crossover and mutations based on the given molecules or just propose a new molecule based on your knowledge.



Your output should follow the format: {<<<Explaination>>>: $EXPLANATION, <<<Molecule>>>: \box{$Molecule}}. Here are the requirements:

        

1. $EXPLANATION should be your analysis.
2. The $Molecule should be the smiles of your propsosed molecule.
3. The molecule should be valid.
        "
15,32,CC1=CC=C(Cl)C(O[C@H](C)C(=O)NC2=NC(C3=CC=C([C@@H](C)CC4=CC(O)=CC=C4[N+](=O)[O-])C=C3)=CS2)=C1,0.09,0.06758333333333336,0.22,0.01,0.056539010622951504,193,False,,Fallback to genetic operations due to LLM error: ,"Fallback genetic operation for parents: ['CC(=O)N[C@H](C)C1=CC=C(C2=CSC(NC(=O)[C@@H](C)OC3=CC(C)=CC=C3Cl)=N2)C=C1', 'O=C(NC[C@H]1CCC[NH+](CC2=CC(O)=CC=C2[N+](=O)[O-])C1)C1=CC=CC=C1']"
15,33,Cc1ccc(Cl)c(OC(C)C(=O)Nc2cccs2)c1-c1ccc(C(C)Cc2cc(O)ccc2[N+](=O)[O-])cc1,0.09,0.06758333333333336,0.22,0.01,0.056539010622951504,193,False,,"The first molecule has a higher JNK3 score (0.09) compared to the second (0.02), indicating that its structural features contribute more effectively to JNK3 activity. Key features in the first molecule include a chlorophenyl group, a chiral center with an amide linkage to a thiazole ring, and a nitrophenol moiety, which may contribute to binding affinity through hydrogen bonding and electronic effects. The second molecule has a methoxy-thiophene core with a bulky tert-butyl group and a chiral alcohol, but lower activity.

To design a molecule with potentially higher JNK3 activity, I propose combining the chlorophenyl and nitrophenol features from the first molecule with the thiophene core from the second molecule, which may enhance binding through aromatic and heterocyclic interactions. Additionally, I will retain the amide linkage and chiral center to preserve key interactions. I will replace the bulky tert-butyl group with a smaller isopropyl group to reduce steric hindrance and potentially improve fit in the binding site.

This hybrid molecule aims to integrate favorable features from both molecules to increase JNK3 activity.","I have two molecules and their JNK3 scores. The JNK3 score measures a molecular's biological activity against JNK3.


[CC1=CC=C(Cl)C(O[C@H](C)C(=O)NC2=NC(C3=CC=C([C@@H](C)CC4=CC(O)=CC=C4[N+](=O)[O-])C=C3)=CS2)=C1,0.09]
[COc1cc(-c2ccccc2)sc1C(=O)NC[C@@H](O)C(C)(C)C,0.02]Please propose a new molecule that has a higher JNK3 score. You can either make crossover and mutations based on the given molecules or just propose a new molecule based on your knowledge.



Your output should follow the format: {<<<Explaination>>>: $EXPLANATION, <<<Molecule>>>: \box{$Molecule}}. Here are the requirements:

        

1. $EXPLANATION should be your analysis.
2. The $Molecule should be the smiles of your propsosed molecule.
3. The molecule should be valid.
        "
15,34,Cc1ccccc1C(=O)NNc1ccc2c(N3CCCO3)ncnc2c1,0.09,0.06758333333333336,0.22,0.01,0.056539010622951504,193,False,,"{<<<Explanation>>>: The first molecule has a higher JNK3 score (0.19) compared to the second (0.03), indicating that the core structure of the first molecule is more favorable for JNK3 activity. The first molecule features a benzamide linked to a fused bicyclic system containing a nitrogen heterocycle and a piperidine ring, which likely contributes to binding affinity. The second molecule has a morpholine ring and a hydrazide group, which may not be as effective.

To propose a molecule with potentially higher JNK3 activity, I will combine the favorable benzamide and bicyclic heterocycle core from the first molecule with a modification inspired by the second molecule's morpholine ring, replacing the piperidine ring in the first molecule with a morpholine ring to improve solubility and possibly binding interactions. Additionally, I will replace the amide NH with a hydrazide (C(=O)NN) group from the second molecule, which might enhance hydrogen bonding and activity.

This hybrid molecule keeps the key bicyclic heterocycle and benzamide core from the first molecule but introduces the hydrazide and morpholine features from the second molecule, potentially increasing JNK3 activity beyond 0.19.

<<<Molecule>>>: \box{Cc1ccccc1C(=O)NNc1ccc2c(n3OCCC3)ncnc2c1}}","I have two molecules and their JNK3 scores. The JNK3 score measures a molecular's biological activity against JNK3.


[Cc1ccccc1C(=O)Nc1ccc2c(N3CCCC3)ncnc2c1,0.19]
[C[C@@H]1COCCN1Cc1ccc(C(=O)NN)cn1,0.03]Please propose a new molecule that has a higher JNK3 score. You can either make crossover and mutations based on the given molecules or just propose a new molecule based on your knowledge.



Your output should follow the format: {<<<Explaination>>>: $EXPLANATION, <<<Molecule>>>: \box{$Molecule}}. Here are the requirements:

        

1. $EXPLANATION should be your analysis.
2. The $Molecule should be the smiles of your propsosed molecule.
3. The molecule should be valid.
        "
15,35,CS[C@@H](C)C1=CC=C2C(=C1)N=CN=C2N1CCCC1,0.09,0.06758333333333336,0.22,0.01,0.056539010622951504,193,False,,Fallback to genetic operations due to LLM error: ,"Fallback genetic operation for parents: ['CS[C@@H](C)C1=CC(NC(=O)C2=CN(C)N=C2NC(=O)NCC2=CC=CC3=CC=CN=C32)=CC=C1', 'CC1=CC=C(O)C=C1C(=O)NC1=CC=C2C(=C1)N=CN=C2N1CCCC1']"
15,36,CC(=O)N(C)c1ccc(NCc2csc(-c3cccc(Cl)c3)n2)c(C(F)(F)F)c1,0.09,0.06758333333333336,0.22,0.01,0.056539010622951504,193,False,,"{<<<Explanation>>>: The first molecule has a higher JNK3 score (0.11) compared to the second (0.01), indicating that the acetamide-substituted aromatic system with a trifluoromethyl group and a chlorophenyl-thiazole moiety contributes positively to activity. The second molecule is a peptide-like structure with low activity. To improve the JNK3 score, I propose to retain the key pharmacophore features from the first molecule—namely, the acetamide group, the trifluoromethyl-substituted aromatic ring, and the chlorophenyl-thiazole moiety—but introduce a small modification to enhance binding, such as replacing the acetamide NH with a methylated amide (N-methylacetamide) to potentially improve metabolic stability and binding affinity. This mutation keeps the core scaffold intact but may improve activity. 

<<<Molecule>>>: \box{CC(=O)N(C)c1ccc(NCc2csc(-c3cccc(Cl)c3)n2)c(C(F)(F)F)c1}}","I have two molecules and their JNK3 scores. The JNK3 score measures a molecular's biological activity against JNK3.


[CC(=O)Nc1ccc(NCc2csc(-c3cccc(Cl)c3)n2)c(C(F)(F)F)c1,0.11]
[CSCC[C@H](NC(=O)N[C@@H]1CCCCC1(C)C)C(=O)[O-],0.01]Please propose a new molecule that has a higher JNK3 score. You can either make crossover and mutations based on the given molecules or just propose a new molecule based on your knowledge.



Your output should follow the format: {<<<Explaination>>>: $EXPLANATION, <<<Molecule>>>: \box{$Molecule}}. Here are the requirements:

        

1. $EXPLANATION should be your analysis.
2. The $Molecule should be the smiles of your propsosed molecule.
3. The molecule should be valid.
        "
15,37,COc1ccccc1Nc1ccc(NC(=O)c2cc(C(F)(F)F)ccc2OC)c(N)c1,0.09,0.06758333333333336,0.22,0.01,0.056539010622951504,193,False,,"{<<<Explanation>>>: The second molecule has a higher JNK3 score (0.14) compared to the first (0.09), likely due to its trifluoromethyl group (C(F)(F)F) and the fused bicyclic heteroaromatic system, which may enhance binding affinity and metabolic stability. To design a molecule with potentially higher activity, I propose combining the trifluoromethyl-substituted aromatic ring from the second molecule with the amide-linked aniline moiety bearing the methoxyphenyl group from the first molecule. Additionally, introducing a methyl substitution on the nitrogen of the amide (as in the first molecule) may improve binding interactions. This hybrid molecule retains key pharmacophores from both molecules that contribute to activity, potentially increasing the JNK3 score.

<<<Molecule>>>: \box{COc1ccc(C(F)(F)F)cc1C(=O)Nc1ccc(Nc2ccccc2OC)cc1N} }","I have two molecules and their JNK3 scores. The JNK3 score measures a molecular's biological activity against JNK3.


[CCSCC(C)N(C)C(=O)NCc1ccc(Nc2ccccc2OC)cc1N(C)C,0.09]
[COc1ccc(C(F)(F)F)cc1C(=O)Nc1ccc2c(N3[CH]CCC3)ncnc2c1,0.14]Please propose a new molecule that has a higher JNK3 score. You can either make crossover and mutations based on the given molecules or just propose a new molecule based on your knowledge.



Your output should follow the format: {<<<Explaination>>>: $EXPLANATION, <<<Molecule>>>: \box{$Molecule}}. Here are the requirements:

        

1. $EXPLANATION should be your analysis.
2. The $Molecule should be the smiles of your propsosed molecule.
3. The molecule should be valid.
        "
15,38,CC(=O)Nc1ccc(NCc2ccccc2F)c(C(F)(F)F)c1,0.08,0.06758333333333336,0.22,0.01,0.056539010622951504,193,False,,,
15,39,CC(=O)Nc1ccc(NCC2COC(N)C2C)c(C(F)(F)F)c1,0.08,0.06758333333333336,0.22,0.01,0.056539010622951504,193,False,,"{<<<Explanation>>>: The first molecule has a higher JNK3 score (0.11) compared to the second (0.01), indicating that the acetamide-substituted aromatic ring with a trifluoromethyl group and a thiazole linked to a chlorophenyl group contributes positively to activity. The second molecule, a chiral tetrahydrofuran with a methoxy-fluoro-substituted phenyl, shows low activity. To improve activity, I propose combining the acetamide and trifluoromethyl-substituted aromatic system from the first molecule with the tetrahydrofuran ring from the second molecule, replacing the thiazole-chlorophenyl moiety with the tetrahydrofuran ring to potentially enhance binding and solubility. This hybrid molecule maintains key pharmacophores from the first molecule while introducing the tetrahydrofuran ring to improve interactions and possibly increase the JNK3 score. 

<<<Molecule>>>: \box{CC(=O)Nc1ccc(NCC2CO[C@@H]([C@@H]2C)N)c(C(F)(F)F)c1}}","I have two molecules and their JNK3 scores. The JNK3 score measures a molecular's biological activity against JNK3.


[CC(=O)Nc1ccc(NCc2csc(-c3cccc(Cl)c3)n2)c(C(F)(F)F)c1,0.11]
[CCC[C@@H]1C[C@@H](Nc2cc(OC)ccc2F)CCO1,0.01]Please propose a new molecule that has a higher JNK3 score. You can either make crossover and mutations based on the given molecules or just propose a new molecule based on your knowledge.



Your output should follow the format: {<<<Explaination>>>: $EXPLANATION, <<<Molecule>>>: \box{$Molecule}}. Here are the requirements:

        

1. $EXPLANATION should be your analysis.
2. The $Molecule should be the smiles of your propsosed molecule.
3. The molecule should be valid.
        "
15,40,O=C(N1CCOCC1)C12C[C@H]3C[C@@H](C1)CC(c1ccc([N+](=O)[O-])cc1)(C3)C2,0.07,0.06758333333333336,0.22,0.01,0.056539010622951504,193,False,,,
15,41,O=C(NCC1CCC[NH+](Cc2cc(O)ccc2[N+](=O)[O-])C1)Nc1ccc(Cn2cc(Cl)c([N+](=O)[O-])n2)cc1,0.07,0.06758333333333336,0.22,0.01,0.056539010622951504,193,False,,"{<<<Explanation>>>: Both given molecules have low JNK3 scores (0.05), indicating weak activity. To improve activity, we can combine favorable features from both molecules. The first molecule has a chiral piperidine ring linked to a phenol substituted with a nitro group, while the second molecule contains a pyrazole ring with a nitro and chloro substitution and an amide linkage to a methylated pyrazole. Nitro groups and halogens often enhance binding affinity through electronic effects and interactions with the kinase active site. To propose a molecule with potentially higher JNK3 activity, I suggest a hybrid structure that retains the piperidine ring from the first molecule (important for conformational rigidity and binding) and incorporates the pyrazole ring with chloro and nitro substituents from the second molecule, connected via an amide linker to a phenyl ring. This design aims to combine the key pharmacophores and improve binding interactions with JNK3. The proposed molecule is: O=C(NC[C@H]1CCC[NH+](Cc2cc(O)ccc2[N+](=O)[O-])C1)Nc3ccc(Cn4cc(Cl)c([N+](=O)[O-])n4)cc3. This molecule is valid and merges the structural motifs that may enhance JNK3 inhibition. , <<<Molecule>>>: \box{O=C(NC[C@H]1CCC[NH+](Cc2cc(O)ccc2[N+](=O)[O-])C1)Nc3ccc(Cn4cc(Cl)c([N+](=O)[O-])n4)cc3}}","I have two molecules and their JNK3 scores. The JNK3 score measures a molecular's biological activity against JNK3.


[O=C(NC[C@H]1CCC[NH+](Cc2cc(O)ccc2[N+](=O)[O-])C1)c1ccccc1,0.05]
[Cc1nn(C)cc1CNC(=O)c1ccc(Cn2cc(Cl)c([N+](=O)[O-])n2)cc1,0.05]Please propose a new molecule that has a higher JNK3 score. You can either make crossover and mutations based on the given molecules or just propose a new molecule based on your knowledge.



Your output should follow the format: {<<<Explaination>>>: $EXPLANATION, <<<Molecule>>>: \box{$Molecule}}. Here are the requirements:

        

1. $EXPLANATION should be your analysis.
2. The $Molecule should be the smiles of your propsosed molecule.
3. The molecule should be valid.
        "
15,42,Cc1ccccc1C(=O)Nc1ccc2c(N3CCCC3)ncnc2c1S(C)(=O)=O,0.07,0.06758333333333336,0.22,0.01,0.056539010622951504,193,False,,"{<<<Explanation>>>: The first molecule has a very low JNK3 score (0.01), while the second molecule has a higher score (0.19). The second molecule contains a fused bicyclic system with a purine-like scaffold and an amide linkage, which likely contributes to better binding affinity to JNK3. The first molecule has a sulfonyl group attached to a phenyl ring and a chiral sulfoxide, but its activity is low. To improve the JNK3 score, I propose to combine the amide linkage and bicyclic purine-like core from the second molecule with a sulfonyl group on the phenyl ring to potentially enhance interactions with the kinase active site. This hybrid molecule keeps the bicyclic core and amide for binding, and adds the sulfonyl substituent to increase polarity and possible hydrogen bonding, which may improve activity. 

<<<Molecule>>>: \box{Cc1ccccc1C(=O)Nc1ccc2c(N3CCCC3)ncnc2c1S(=O)(=O)C} }","I have two molecules and their JNK3 scores. The JNK3 score measures a molecular's biological activity against JNK3.


[CC1(C)CN(CCOc2ccc(S(C)(=O)=O)cc2)CC[S@@]1=O,0.01]
[Cc1ccccc1C(=O)Nc1ccc2c(N3CCCC3)ncnc2c1,0.19]Please propose a new molecule that has a higher JNK3 score. You can either make crossover and mutations based on the given molecules or just propose a new molecule based on your knowledge.



Your output should follow the format: {<<<Explaination>>>: $EXPLANATION, <<<Molecule>>>: \box{$Molecule}}. Here are the requirements:

        

1. $EXPLANATION should be your analysis.
2. The $Molecule should be the smiles of your propsosed molecule.
3. The molecule should be valid.
        "
15,43,CC(=O)Nc1ccc(NCc2nnc3n2CCCCC3)c(C(F)(F)F)c1,0.07,0.06758333333333336,0.22,0.01,0.056539010622951504,193,False,,"{<<<Explanation>>>: The first molecule has a higher JNK3 score (0.08) compared to the second (0.01). Both molecules contain an amide linkage and aromatic rings with trifluoromethyl groups, which may contribute to activity. The first molecule has a para-substituted aniline with a fluoro-phenylmethyl amine side chain and a trifluoromethyl group on the aromatic ring, while the second has a more complex heterocyclic system but lower activity.

To improve activity, I propose combining the amide and trifluoromethyl aromatic core of the first molecule with the heterocyclic moiety from the second molecule, which might enhance binding through additional interactions. Specifically, I will replace the fluoro-phenylmethyl amine side chain in the first molecule with the heterocyclic piperidine-fused pyrazole ring from the second molecule, maintaining the trifluoromethyl group and amide linkage.

This hybrid molecule could potentially have improved JNK3 activity due to the combination of favorable features from both molecules.

<<<Molecule>>>: \box{CC(=O)Nc1ccc(NCc2nnc3n2CCCCC3)c(C(F)(F)F)c1}}","I have two molecules and their JNK3 scores. The JNK3 score measures a molecular's biological activity against JNK3.


[CC(=O)Nc1ccc(NCc2ccccc2F)c(C(F)(F)F)c1,0.08]
[O=C(Nc1ccc(-c2nnc3n2CCCCC3)cc1)c1ccccc1C(F)(F)F,0.01]Please propose a new molecule that has a higher JNK3 score. You can either make crossover and mutations based on the given molecules or just propose a new molecule based on your knowledge.



Your output should follow the format: {<<<Explaination>>>: $EXPLANATION, <<<Molecule>>>: \box{$Molecule}}. Here are the requirements:

        

1. $EXPLANATION should be your analysis.
2. The $Molecule should be the smiles of your propsosed molecule.
3. The molecule should be valid.
        "
15,44,Cc1nonc1CC(=O)N1CCC[C@H](C(=O)Nc2ccc(-c3ccn[nH]3)cc2)C1,0.06,0.06758333333333336,0.22,0.01,0.056539010622951504,193,False,,,
15,45,Fc1ccc2oc(C[NH2+]C[C@@H]3CN4CCCC[C@@H]4CO3)cc2c1,0.06,0.06758333333333336,0.22,0.01,0.056539010622951504,193,False,,,
15,46,Cc1ccc([C@H](C)NC(=O)N[C@H]2CC(=O)N(C3CC3)C2)cc1[N+](=O)[O-],0.06,0.06758333333333336,0.22,0.01,0.056539010622951504,193,False,,,
15,47,COc1nc(N[C@@H]2C[NH+]3CCC2CC3)ccc1N,0.06,0.06758333333333336,0.22,0.01,0.056539010622951504,193,False,,,
15,48,COC1=CC(F)=C(NC(=O)C=C2CN(C(=O)NC3=NC=C(CC4=CC=CC(Cl)=C4)S3)C2)C=C1F,0.06,0.06758333333333336,0.22,0.01,0.056539010622951504,193,False,,Fallback to genetic operations due to LLM error: ,"Fallback genetic operation for parents: ['COC1=CC(F)=C(NC(=O)C=C2CN(C(=O)NC3=NC=NC4=C3CCC4)C2)C=C1F', 'C[NH+]1CCC(NC(=O)NC2=NC=C(CC3=CC=CC(Cl)=C3)S2)CC1']"
15,49,COc1cc(O)ccc1C(=O)Nc1ccc2c(-c3ccccc3)ncnc2c1C(F)(F)F,0.06,0.06758333333333336,0.22,0.01,0.056539010622951504,193,False,,"{<<<Explanation>>>: The first molecule has a higher JNK3 score (0.18) compared to the second (0.01), indicating that the scaffold and substituents in the first molecule are more favorable for JNK3 activity. The first molecule features a methoxyphenol group and a fused bicyclic heterocycle (a purine-like system) attached to an aniline amide. The second molecule has a trifluoromethyl-substituted benzamide linked to a pyrazolopyridine ring with a piperidine substituent, but shows low activity.

To improve the JNK3 score, I propose combining the favorable features of the first molecule (the methoxyphenol and bicyclic heterocycle) with some elements from the second molecule that might enhance binding, such as the trifluoromethyl group, which can improve metabolic stability and binding affinity through hydrophobic interactions.

Specifically, I suggest starting from the first molecule's scaffold and replacing the phenyl ring attached to the amide nitrogen with a trifluoromethyl-substituted phenyl ring, as in the second molecule, to potentially increase binding affinity and activity. This hybrid molecule maintains the bicyclic heterocycle and the methoxyphenol group, which seem important for activity, while adding the trifluoromethyl group to enhance potency.

This new molecule is expected to have a higher JNK3 score than 0.18 due to the combination of favorable pharmacophores and improved physicochemical properties.

<<<Molecule>>>: \box{COc1cc(O)ccc1C(=O)Nc1ccc2c(-c3ccccc3)ncnc2c1C(F)(F)F}}","I have two molecules and their JNK3 scores. The JNK3 score measures a molecular's biological activity against JNK3.


[COc1cc(O)ccc1C(=O)Nc1ccc2c(-c3ccccc3)ncnc2c1,0.18]
[O=C(Nc1ccc(-c2nnc3n2CCCCC3)cc1)c1ccccc1C(F)(F)F,0.01]Please propose a new molecule that has a higher JNK3 score. You can either make crossover and mutations based on the given molecules or just propose a new molecule based on your knowledge.



Your output should follow the format: {<<<Explaination>>>: $EXPLANATION, <<<Molecule>>>: \box{$Molecule}}. Here are the requirements:

        

1. $EXPLANATION should be your analysis.
2. The $Molecule should be the smiles of your propsosed molecule.
3. The molecule should be valid.
        "
15,50,COc1ccc(CNC(=O)c2cc(OC)c(OC)cc2[N+](=O)[O-])cn1,0.05,0.06758333333333336,0.22,0.01,0.056539010622951504,193,False,,,
15,51,CS[C@@H](C)C1=CC=CC(NC(=O)C2=CN(C)N=C2C2=CC=CC=C2)=C1,0.05,0.06758333333333336,0.22,0.01,0.056539010622951504,193,False,,,
15,52,CC1=NN(C)C=C1CNC(=O)C1=CC=C(CN2C=C(Cl)C([N+](=O)[O-])=N2)C=C1,0.05,0.06758333333333336,0.22,0.01,0.056539010622951504,193,False,,,
15,53,COc1ccc(C[NH+]2CCC(CNC(=O)c3c[nH]nc3-c3ccc(Cl)cc3)CC2)cc1,0.05,0.06758333333333336,0.22,0.01,0.056539010622951504,193,False,,,
15,54,O=C(NC[C@H]1CCC[NH+](CC2=CC(O)=CC=C2[N+](=O)[O-])C1)C1=CC=CC=C1,0.05,0.06758333333333336,0.22,0.01,0.056539010622951504,193,False,,,
15,55,Cc1ccccc1C(=O)Nc1ccc2c(N3CCCC3)ncnc2c1-c1cc(Cl)cc(Cl)c1,0.05,0.06758333333333336,0.22,0.01,0.056539010622951504,193,False,,"The first molecule has a very low JNK3 score (0.02), while the second molecule has a higher score (0.19). The second molecule contains a fused bicyclic system with a purine-like scaffold and a piperidine ring, which might contribute to better binding affinity. The first molecule has a different scaffold with a bicyclic lactam and dichlorophenyl group but lower activity. To design a molecule with potentially higher JNK3 activity, I propose combining the purine-like bicyclic core and the piperidine ring from the second molecule with the dichlorophenyl substituent from the first molecule, as halogenated aromatic rings often enhance binding through hydrophobic and halogen bonding interactions. Additionally, I will keep the amide linkage to maintain hydrogen bonding potential. This hybrid molecule might improve binding affinity and thus increase the JNK3 score.","I have two molecules and their JNK3 scores. The JNK3 score measures a molecular's biological activity against JNK3.


[C=C(C)CN(C)C(=O)CN1CC2=C(C1=O)[C@@H](c1ccc(Cl)cc1Cl)NC(=O)N2CC,0.02]
[Cc1ccccc1C(=O)Nc1ccc2c(N3CCCC3)ncnc2c1,0.19]Please propose a new molecule that has a higher JNK3 score. You can either make crossover and mutations based on the given molecules or just propose a new molecule based on your knowledge.



Your output should follow the format: {<<<Explaination>>>: $EXPLANATION, <<<Molecule>>>: \box{$Molecule}}. Here are the requirements:

        

1. $EXPLANATION should be your analysis.
2. The $Molecule should be the smiles of your propsosed molecule.
3. The molecule should be valid.
        "
15,56,CSC(C)c1ccc(NC(=O)c2cn(C)nc2-c2ccccc2)cc1F,0.05,0.06758333333333336,0.22,0.01,0.056539010622951504,193,False,,"{<<<Explanation>>>: The first molecule has a higher JNK3 score (0.05) compared to the second (0.01), indicating that the scaffold with the substituted aniline linked to a methylated purine-like heterocycle is more active. The second molecule contains a thiosemicarbazide moiety attached to a hydroxy-biphenyl system with a fluorophenyl amide, which shows lower activity. To improve activity, I propose combining the key features of the first molecule (the aniline-purine amide scaffold) with a fluorine substituent on the phenyl ring to potentially enhance binding affinity and metabolic stability. Introducing a fluorine on the phenyl ring of the first molecule may increase lipophilicity and binding interactions, potentially increasing the JNK3 score. This is a mutation of the first molecule by adding a fluorine substituent on the phenyl ring para to the amide linkage.

<<<Molecule>>>: \box{CS[C@@H](C)C1=CC=C(C=C1F)NC(=O)C2=CN(C)N=C2C3=CC=CC=C3}}","I have two molecules and their JNK3 scores. The JNK3 score measures a molecular's biological activity against JNK3.


[CS[C@@H](C)C1=CC=CC(NC(=O)C2=CN(C)N=C2C2=CC=CC=C2)=C1,0.05]
[O=C(NC(=S)Nc1c(O)ccc2ccccc12)c1cccc(F)c1,0.01]Please propose a new molecule that has a higher JNK3 score. You can either make crossover and mutations based on the given molecules or just propose a new molecule based on your knowledge.



Your output should follow the format: {<<<Explaination>>>: $EXPLANATION, <<<Molecule>>>: \box{$Molecule}}. Here are the requirements:

        

1. $EXPLANATION should be your analysis.
2. The $Molecule should be the smiles of your propsosed molecule.
3. The molecule should be valid.
        "
15,57,COc1ccccc1C(=O)Nc1ccc2c(N3CCCN3)ncnc2c1C(=O)NC1=NC=C(Cc2cccc(Cl)c2)[SH]1F,0.05,0.06758333333333336,0.22,0.01,0.056539010622951504,193,False,,"The first molecule has a JNK3 score of 0.06 and features a fluorinated aromatic ring with an amide-linked heterocyclic system containing a thiazole ring and a chlorophenyl substituent. The second molecule has a higher score of 0.15 and contains a methoxyphenyl group linked via an amide to a fused bicyclic purine-like system with a piperidine ring. To design a molecule with a potentially higher JNK3 score, I propose combining the favorable features of both molecules: the methoxyphenyl amide moiety from the second molecule, which may enhance binding affinity, and the heterocyclic system from the first molecule that includes the thiazole and chlorophenyl substituent, which might contribute to specificity and potency. Additionally, I will introduce a fluorine atom on the phenyl ring to potentially improve metabolic stability and binding interactions. This hybrid molecule aims to leverage the higher activity scaffold of the second molecule while incorporating the heterocyclic complexity and halogenation of the first, potentially resulting in improved JNK3 inhibition.","I have two molecules and their JNK3 scores. The JNK3 score measures a molecular's biological activity against JNK3.


[COC1=CC(F)=C(NC(=O)C=C2CN(C(=O)NC3=NC=C(CC4=CC=CC(Cl)=C4)S3)C2)C=C1F,0.06]
[COc1ccccc1C(=O)Nc1ccc2c(N3[CH]CCC3)ncnc2c1,0.15]Please propose a new molecule that has a higher JNK3 score. You can either make crossover and mutations based on the given molecules or just propose a new molecule based on your knowledge.



Your output should follow the format: {<<<Explaination>>>: $EXPLANATION, <<<Molecule>>>: \box{$Molecule}}. Here are the requirements:

        

1. $EXPLANATION should be your analysis.
2. The $Molecule should be the smiles of your propsosed molecule.
3. The molecule should be valid.
        "
15,58,COc1ccccc1Nc1ccc(CNC(=O)NC(C)C2=CC=C(CCC(=O)NCc3ccc(Cl)cc3)SN=C2)cc1,0.05,0.06758333333333336,0.22,0.01,0.056539010622951504,193,False,,"The first molecule has a very low JNK3 score (0.01), indicating weak activity, while the second molecule has a higher score (0.18), suggesting better activity. The second molecule contains a methoxyphenyl group and a fused heterocyclic system with a piperidine ring, which might contribute to better binding affinity. To improve the JNK3 score further, I propose combining the amide linkage and the chlorophenyl moiety from the first molecule (which might enhance binding through hydrophobic or halogen interactions) with the heterocyclic core and methoxyphenyl group from the second molecule. Additionally, introducing a small alkyl substitution (like isopropyl) on the amide nitrogen could improve lipophilicity and binding. This hybrid molecule aims to retain key pharmacophores from both molecules to enhance activity against JNK3.","I have two molecules and their JNK3 scores. The JNK3 score measures a molecular's biological activity against JNK3.


[CC(C)C(=O)Nc1nc2ccc(CCC(=O)NCc3ccccc3Cl)cc2s1,0.01]
[COC1=CC=CC=C1NC1=CC=C(CNC(=O)NC2=CC=C3C(=C2)N=CN=C3N2CCCC2)C=C1,0.18]Please propose a new molecule that has a higher JNK3 score. You can either make crossover and mutations based on the given molecules or just propose a new molecule based on your knowledge.



Your output should follow the format: {<<<Explaination>>>: $EXPLANATION, <<<Molecule>>>: \box{$Molecule}}. Here are the requirements:

        

1. $EXPLANATION should be your analysis.
2. The $Molecule should be the smiles of your propsosed molecule.
3. The molecule should be valid.
        "
15,59,COc1cc(O)ccc1C(=O)Nc1ccc2c(N3CCCC3)ncnc2c1C(C)O,0.05,0.06758333333333336,0.22,0.01,0.056539010622951504,193,False,,"{<<<Explanation>>>: Both given molecules share a common scaffold: a substituted benzamide linked to a fused bicyclic system containing a pyrimidine ring. The first molecule has a methoxy and hydroxy substitution on the phenyl ring and a phenyl substituent on the fused bicyclic system, with a JNK3 score of 0.18. The second molecule has a methyl and bromo substitution on the phenyl ring and a piperidine substituent on the fused bicyclic system, with a slightly lower score of 0.16.

To improve the JNK3 score, I propose combining favorable features from both molecules and introducing a small mutation to enhance binding affinity. The hydroxy group in the first molecule may contribute to hydrogen bonding, and the piperidine ring in the second molecule may improve solubility and binding through additional interactions. The phenyl substituent in the first molecule could be replaced by a smaller, more polar group to reduce steric hindrance and improve fit.

Therefore, I propose a molecule that retains the hydroxy group on the phenyl ring (from molecule 1), keeps the piperidine substituent on the fused bicyclic system (from molecule 2), and replaces the phenyl substituent with a hydroxymethyl group (-CH2OH) to maintain polarity but reduce bulk. This hybrid and mutation approach aims to improve binding interactions and increase the JNK3 score.

<<<Molecule>>>: \box{COc1cc(O)ccc1C(=O)Nc1ccc2c(N3CCCC3)ncnc2c1C(O)C} }","I have two molecules and their JNK3 scores. The JNK3 score measures a molecular's biological activity against JNK3.


[COc1cc(O)ccc1C(=O)Nc1ccc2c(-c3ccccc3)ncnc2c1,0.18]
[Cc1cc(Br)ccc1C(=O)Nc1ccc2c(N3CCCC3)ncnc2c1,0.16]Please propose a new molecule that has a higher JNK3 score. You can either make crossover and mutations based on the given molecules or just propose a new molecule based on your knowledge.



Your output should follow the format: {<<<Explaination>>>: $EXPLANATION, <<<Molecule>>>: \box{$Molecule}}. Here are the requirements:

        

1. $EXPLANATION should be your analysis.
2. The $Molecule should be the smiles of your propsosed molecule.
3. The molecule should be valid.
        "
15,60,Cc1cc(F)ccc1C(=O)Nc1ccc2c(N3CCOCC3)ncnc2c1Oc1ccc(O)cc1,0.05,0.06758333333333336,0.22,0.01,0.056539010622951504,193,False,,"{<<<Explanation>>>: The first molecule has a JNK3 score of 0.07 and contains a piperidine ring with a catechol-like moiety and nitro groups, while the second molecule has a higher score of 0.12 and features a fluorophenyl group, a fused bicyclic heteroaromatic system with a morpholine substituent. The second molecule's higher score suggests that the fused bicyclic heteroaromatic system and the morpholine ring contribute positively to JNK3 activity. To design a molecule with a potentially higher JNK3 score, I propose combining the beneficial features of both molecules: retain the fused bicyclic heteroaromatic system and morpholine from the second molecule, and introduce a hydroxyl-substituted phenyl ring (similar to the catechol-like moiety in the first molecule) to enhance hydrogen bonding and interaction with JNK3. Additionally, replacing the nitro groups (which can be toxic and reduce drug-likeness) with hydroxyl groups may improve activity and reduce toxicity. This hybrid molecule aims to leverage the favorable bicyclic system and morpholine for binding affinity, while adding polar hydroxyl groups to improve interactions and solubility, potentially increasing the JNK3 score beyond 0.12.

<<<Molecule>>>: \box{Cc1cc(F)ccc1C(=O)Nc1ccc2c(N3CCOCC3)ncnc2c1Oc3ccc(O)cc3} }","I have two molecules and their JNK3 scores. The JNK3 score measures a molecular's biological activity against JNK3.


[O=C(NCC1CCC[NH+](Cc2cc(O)ccc2[N+](=O)[O-])C1)Nc1ccc(Cn2cc(Cl)c([N+](=O)[O-])n2)cc1,0.07]
[Cc1cc(F)ccc1C(=O)Nc1ccc2c(N3CCOCC3)ncnc2c1,0.12]Please propose a new molecule that has a higher JNK3 score. You can either make crossover and mutations based on the given molecules or just propose a new molecule based on your knowledge.



Your output should follow the format: {<<<Explaination>>>: $EXPLANATION, <<<Molecule>>>: \box{$Molecule}}. Here are the requirements:

        

1. $EXPLANATION should be your analysis.
2. The $Molecule should be the smiles of your propsosed molecule.
3. The molecule should be valid.
        "
15,61,CC1=CC=C(NC(=O)CN2C(=O)S/C(=C/C3=C(F)C=CC=C3Cl)C2=O)C=C1,0.04,0.06758333333333336,0.22,0.01,0.056539010622951504,193,False,,,
15,62,C[C@H](NC(=O)NCC1=CC=CC2=CC=CN=C21)C1=CN(C)N=C1,0.04,0.06758333333333336,0.22,0.01,0.056539010622951504,193,False,,,
15,63,CC(=O)c1ccc(N[C@H]2CC(=O)N(CC(F)(F)F)C2)c([N+](=O)[O-])c1,0.04,0.06758333333333336,0.22,0.01,0.056539010622951504,193,False,,,
15,64,CC1=CN=C(C[NH+](C)CCCC2=NNC(C3=CC=C(F)C=C3)=C2)O1,0.04,0.06758333333333336,0.22,0.01,0.056539010622951504,193,False,,,
15,65,CC(=O)N[C@H](C)C1=CC=C(C2=CSC(NC(=O)[C@@H](C)OC3=CC(C)=CC=C3Cl)=N2)C=C1,0.04,0.06758333333333336,0.22,0.01,0.056539010622951504,193,False,,,
15,66,CC(C)N1C=CC(CCNCC2=CN=C(C3=CSC=C3)S2)=N1,0.04,0.06758333333333336,0.22,0.01,0.056539010622951504,193,False,,,
15,67,CS[C@@H](C)C1=CC(NC(=O)C2=CN(C)N=C2NC(=O)NCC2=CC=CC3=CC=CN=C32)=CC=C1,0.04,0.06758333333333336,0.22,0.01,0.056539010622951504,193,False,,Fallback to genetic operations due to LLM error: ,"Fallback genetic operation for parents: ['CS[C@@H](C)C1=CC=CC(NC(=O)C2=CN(C)N=C2C2=CC=CC=C2)=C1', 'C[C@H](NC(=O)NCC1=CC=CC2=CC=CN=C21)C1=CN(C)N=C1']"
15,68,Cc1ccc(C(C)NC(=O)N2[CH]OCC2)c([N+](=O)[O-])c1,0.04,0.06758333333333336,0.22,0.01,0.056539010622951504,193,False,,"Both given molecules have relatively low JNK3 scores (0.06 and 0.02), indicating modest activity. The first molecule features a nitro-substituted phenyl ring linked to a chiral amide-containing bicyclic lactam, while the second has a methoxy-substituted bicyclic ether with an amide linked to a substituted phenyl ring. To potentially increase JNK3 activity, I propose combining favorable features: the nitro group from the first molecule (which can enhance binding through electronic effects) and the bicyclic ether scaffold from the second molecule (which may provide conformational rigidity and better fit in the binding site). Additionally, replacing the acetyl group on the phenyl ring with a less electron-withdrawing methyl group might improve binding affinity by modulating electronic properties. This hybrid molecule maintains key hydrogen bonding capabilities and introduces structural elements that could enhance interaction with JNK3, potentially leading to a higher score.","I have two molecules and their JNK3 scores. The JNK3 score measures a molecular's biological activity against JNK3.


[Cc1ccc([C@H](C)NC(=O)N[C@H]2CC(=O)N(C3CC3)C2)cc1[N+](=O)[O-],0.06]
[COc1ccc2c(c1)C[C@@H](C(=O)Nc1ccc(C(C)=O)c(C)c1)CO2,0.02]Please propose a new molecule that has a higher JNK3 score. You can either make crossover and mutations based on the given molecules or just propose a new molecule based on your knowledge.



Your output should follow the format: {<<<Explaination>>>: $EXPLANATION, <<<Molecule>>>: \box{$Molecule}}. Here are the requirements:

        

1. $EXPLANATION should be your analysis.
2. The $Molecule should be the smiles of your propsosed molecule.
3. The molecule should be valid.
        "
15,69,[NH3+]C[C@H](CO)CC1=CC(Br)=CC(NC(=O)CS[C@H]2CCCC3=C2C=CC=C3)=C1,0.04,0.06758333333333336,0.22,0.01,0.056539010622951504,193,False,,Fallback to genetic operations due to LLM error: ,"Fallback genetic operation for parents: ['CC1=NN(C)C(C)=C1NC(=O)CS[C@H]1CCCC2=CC=CC=C21', '[NH3+]C[C@H](CO)CC1=CC(F)=CC(Br)=C1']"
15,70,CC(=O)NC1=CC=C(Cl)C1C1=CC=NC=C1,0.04,0.06758333333333336,0.22,0.01,0.056539010622951504,193,False,,Fallback to genetic operations due to LLM error: ,"Fallback genetic operation for parents: ['CC(=O)NC1=CC=C(NC(=O)C2=NC(Cl)=CC=C2Cl)C=C1C1=CC=NC=C1', 'C=C(C)CN(C)C(=O)CN1CC2=C(C1=O)[C@@H](C1=CC=C(Cl)C=C1Cl)NC(=O)N2CC']"
15,71,Cc1cc(F)ccc1C(=O)N1CCOCC1CNC(=O)c1c[nH]nc1-c1ccc(Cl)cc1,0.04,0.06758333333333336,0.22,0.01,0.056539010622951504,193,False,,"The first molecule has a JNK3 score of 0.05 and contains a methoxyphenyl group linked to a piperidinium ring with a substituted pyrazole and chlorophenyl moiety. The second molecule has a higher score of 0.12 and features a fluoromethylphenyl amide linked to a fused bicyclic system with a morpholine substituent. To design a molecule with a potentially higher JNK3 score, I propose combining favorable features from both molecules: the fluoromethylphenyl amide group from the second molecule (which may enhance binding through hydrogen bonding and hydrophobic interactions) and the pyrazole-chlorophenyl moiety from the first molecule (which may contribute to specificity and potency). Additionally, replacing the piperidinium ring with a morpholine ring (as in the second molecule) could improve solubility and binding. Thus, the proposed molecule is a fluoromethylphenyl amide linked to a morpholine ring, which is further connected via an amide bond to a pyrazole ring substituted with a chlorophenyl group. This hybrid design aims to combine the beneficial structural motifs to increase biological activity against JNK3.","I have two molecules and their JNK3 scores. The JNK3 score measures a molecular's biological activity against JNK3.


[COc1ccc(C[NH+]2CCC(CNC(=O)c3c[nH]nc3-c3ccc(Cl)cc3)CC2)cc1,0.05]
[Cc1cc(F)ccc1C(=O)Nc1ccc2c(N3CCOCC3)ncnc2c1,0.12]Please propose a new molecule that has a higher JNK3 score. You can either make crossover and mutations based on the given molecules or just propose a new molecule based on your knowledge.



Your output should follow the format: {<<<Explaination>>>: $EXPLANATION, <<<Molecule>>>: \box{$Molecule}}. Here are the requirements:

        

1. $EXPLANATION should be your analysis.
2. The $Molecule should be the smiles of your propsosed molecule.
3. The molecule should be valid.
        "
15,72,CSC(C)c1cccc(NC(=O)c2ncnc3c2ncn3S(=O)(=O)c2ccccc2)c1,0.04,0.06758333333333336,0.22,0.01,0.056539010622951504,193,False,,"{<<<Explanation>>>: The first molecule is a sulfonyl-containing aromatic compound with a low JNK3 score of 0.01, and the second molecule is a chiral thioether linked to a substituted aniline and a heterocyclic amide with a slightly higher score of 0.05. To improve the JNK3 activity, I propose combining features from both molecules: retaining the thioether and chiral center from the second molecule, which may contribute to binding specificity, and introducing a sulfonyl group similar to the first molecule to enhance interactions with the kinase active site. Additionally, I will replace the chlorinated phenyl ester in the first molecule with a heteroaromatic ring to improve binding affinity and solubility. The proposed molecule includes a chiral thioether linked to a phenyl ring bearing a sulfonyl group and an amide linked to a purine-like heterocycle, which is known to interact well with kinases. This hybrid design aims to increase the JNK3 score beyond 0.05. <<<Molecule>>>: \box{CS[C@@H](C)C1=CC=CC(NC(=O)C2=NC=NC3=C2N=CN3S(=O)(=O)C4=CC=CC=C4)=C1}}","I have two molecules and their JNK3 scores. The JNK3 score measures a molecular's biological activity against JNK3.


[Cc1ccc(S(=O)(=O)CCC(=O)Oc2ccc(Cl)cc2Cl)cc1,0.01]
[CS[C@@H](C)C1=CC=CC(NC(=O)C2=CN(C)N=C2C2=CC=CC=C2)=C1,0.05]Please propose a new molecule that has a higher JNK3 score. You can either make crossover and mutations based on the given molecules or just propose a new molecule based on your knowledge.



Your output should follow the format: {<<<Explaination>>>: $EXPLANATION, <<<Molecule>>>: \box{$Molecule}}. Here are the requirements:

        

1. $EXPLANATION should be your analysis.
2. The $Molecule should be the smiles of your propsosed molecule.
3. The molecule should be valid.
        "
15,73,COc1ccccc1C(=O)Nc1ccc2c(N3CCCN3)ncnc2c1C#N,0.04,0.06758333333333336,0.22,0.01,0.056539010622951504,193,False,,"{<<<Explanation>>>: Both given molecules share a common core structure: a methoxyphenyl group linked via an amide bond to a bicyclic system containing a substituted piperidine or pyrrolidine ring fused to a purine-like scaffold. The JNK3 scores for both are low (0.14), indicating modest activity. To improve activity, I propose combining features from both molecules and introducing a small modification known to enhance kinase binding: replacing the trifluoromethyl group (C(F)(F)F) in the first molecule with a cyano group (–CN), which is a strong electron-withdrawing group that can improve binding affinity by forming additional interactions. Additionally, I will keep the piperidine ring from the second molecule, which is more flexible and may better fit the binding pocket than the constrained pyrrolidine ring in the first molecule. This hybrid molecule maintains the methoxyphenyl amide core, replaces the trifluoromethyl with a cyano group, and retains the piperidine ring fused to the purine scaffold. This combination is expected to increase the JNK3 score by improving binding interactions and molecular flexibility.

<<<Molecule>>>: \box{COc1ccccc1C(=O)Nc1ccc2c(N3CCCN3)ncnc2c1C#N}}","I have two molecules and their JNK3 scores. The JNK3 score measures a molecular's biological activity against JNK3.


[COc1ccc(C(F)(F)F)cc1C(=O)Nc1ccc2c(N3[CH]CCC3)ncnc2c1,0.14]
[COc1ccccc1C(=O)Nc1ccc2c(N3CCCN3)ncnc2c1,0.14]Please propose a new molecule that has a higher JNK3 score. You can either make crossover and mutations based on the given molecules or just propose a new molecule based on your knowledge.



Your output should follow the format: {<<<Explaination>>>: $EXPLANATION, <<<Molecule>>>: \box{$Molecule}}. Here are the requirements:

        

1. $EXPLANATION should be your analysis.
2. The $Molecule should be the smiles of your propsosed molecule.
3. The molecule should be valid.
        "
15,74,C[C@H]([NH2+][C@H]1CCOC1)c1ccnc(Cl)c1,0.03,0.06758333333333336,0.22,0.01,0.056539010622951504,193,False,,,
15,75,COc1cc(-c2noc(C3C[C@@H](C)O[C@@H](C)C3)n2)ccn1,0.03,0.06758333333333336,0.22,0.01,0.056539010622951504,193,False,,,
15,76,COc1cc(C)c(CN2CCN(C(=O)c3ccc(N4CCCCC4)c([N+](=O)[O-])c3)CC2)cc1OC,0.03,0.06758333333333336,0.22,0.01,0.056539010622951504,193,False,,,
15,77,Cc1ccc2nc(N3CCC(C(=O)NCC(C)(C)CO)CC3)nc(C)c2c1,0.03,0.06758333333333336,0.22,0.01,0.056539010622951504,193,False,,,
15,78,C[C@@H]1COCCN1Cc1ccc(C(=O)NN)cn1,0.03,0.06758333333333336,0.22,0.01,0.056539010622951504,193,False,,,
15,79,[NH3+]C[C@H](CO)CC1=CC(F)=CC(Br)=C1,0.03,0.06758333333333336,0.22,0.01,0.056539010622951504,193,False,,,
15,80,C[C@@H](CO)CSC[C@@H]([NH3+])C1=CC=C2OCCCOC2=C1,0.03,0.06758333333333336,0.22,0.01,0.056539010622951504,193,False,,,
15,81,Cc1ccc(-c2ncco2)cc1NC(=O)c1nc(Cl)ccc1Cl,0.03,0.06758333333333336,0.22,0.01,0.056539010622951504,193,False,,,
15,82,O=C(Nc1ccc2c(c1)CCO2)N1CCC[C@H]1c1nc2ccccc2[nH]1,0.03,0.06758333333333336,0.22,0.01,0.056539010622951504,193,False,,,
15,83,N#CCc1ccc2[nH]ccc2n1,0.03,0.06758333333333336,0.22,0.01,0.056539010622951504,193,False,,,
15,84,COC1=CC(F)=C(NC(=O)C=C2CN(C(=O)NC3=NC=NC4=C3CCC4)C2)C=C1F,0.03,0.06758333333333336,0.22,0.01,0.056539010622951504,193,False,,,
15,85,CC(=O)NC1=CC=C(NC(=O)C2=NC(Cl)=CC=C2Cl)C=C1C1=CC=NC=C1,0.03,0.06758333333333336,0.22,0.01,0.056539010622951504,193,False,,,
15,86,COC1=CC=CC=C1C(=O)NC1=CC=C(C2=NN(C)C=C2C(=O)NC2=CC=CC([C@H](C)SC)=C2)C1,0.03,0.06758333333333336,0.22,0.01,0.056539010622951504,193,False,,Fallback to genetic operations due to LLM error: ,"Fallback genetic operation for parents: ['COC1=CC=CC=C1C(=O)NC1=CC=C2C(=C1)N=CN=C2N1[CH]CCC1', 'CS[C@@H](C)C1=CC=CC(NC(=O)C2=CN(C)N=C2C2=CC=CC=C2)=C1']"
15,87,CC1=CN=C(C[NH+](C)CCCC2=NNC(CN3C=C(Cl)C([N+](=O)[O-])=N3)=C2)O1,0.03,0.06758333333333336,0.22,0.01,0.056539010622951504,193,False,,Fallback to genetic operations due to LLM error: ,"Fallback genetic operation for parents: ['CC1=NN(C)C=C1CNC(=O)C1=CC=C(CN2C=C(Cl)C([N+](=O)[O-])=N2)C=C1', 'CC1=CN=C(C[NH+](C)CCCC2=NNC(C3=CC=C(F)C=C3)=C2)O1']"
15,88,CC1C(CNc2ccc(NS(C)(=O)=O)cc2C#N)COC1N,0.03,0.06758333333333336,0.22,0.01,0.056539010622951504,193,False,,"{<<<Explanation>>>: Both given molecules are identical, with a JNK3 score of 0.08, indicating relatively low activity. The structure features an acetamide group (CC(=O)N-) attached to a phenyl ring substituted with a trifluoromethyl group (C(F)(F)F) and a side chain containing a morpholine-like ring (COC(N)C). To improve JNK3 activity, modifications known to enhance kinase inhibition can be considered. For example, introducing a hydrogen bond donor or acceptor to better interact with the kinase hinge region, or adding a heterocyclic moiety known to improve binding affinity. 

One common strategy is to replace the acetamide group with a urea or sulfonamide, which can form stronger hydrogen bonds. Also, replacing the trifluoromethyl group with a cyano group (–CN) can sometimes improve binding by acting as a hydrogen bond acceptor. Additionally, extending the side chain to include a pyrrolidine or piperazine ring can improve solubility and binding.

Therefore, I propose replacing the acetamide with a sulfonamide (–SO2NH–) and the trifluoromethyl group with a cyano group, while keeping the morpholine-like ring to maintain the original scaffold. This modification is expected to increase hydrogen bonding and improve JNK3 binding affinity, thus increasing the JNK3 score.

<<<Molecule>>>: \box{CS(=O)(=O)Nc1ccc(NCC2COC(N)C2C)c(C#N)c1}}","I have two molecules and their JNK3 scores. The JNK3 score measures a molecular's biological activity against JNK3.


[CC(=O)Nc1ccc(NCC2COC(N)C2C)c(C(F)(F)F)c1,0.08]
[CC(=O)Nc1ccc(NCC2COC(N)C2C)c(C(F)(F)F)c1,0.08]Please propose a new molecule that has a higher JNK3 score. You can either make crossover and mutations based on the given molecules or just propose a new molecule based on your knowledge.



Your output should follow the format: {<<<Explaination>>>: $EXPLANATION, <<<Molecule>>>: \box{$Molecule}}. Here are the requirements:

        

1. $EXPLANATION should be your analysis.
2. The $Molecule should be the smiles of your propsosed molecule.
3. The molecule should be valid.
        "
15,89,CCCCO[C@@H]1C[C@H](NC(=O)c2occc2Br)C1(C)C,0.02,0.06758333333333336,0.22,0.01,0.056539010622951504,193,False,,,
15,90,NC(=O)c1cccc(CNC(=O)CSc2nc3ccccc3o2)c1,0.02,0.06758333333333336,0.22,0.01,0.056539010622951504,193,False,,,
15,91,CCC[C@@H](C(=O)N1CCN(CC(=O)NC2=C(C)C=CC=C2C)CC1)C1=CC=CC=C1,0.02,0.06758333333333336,0.22,0.01,0.056539010622951504,193,False,,,
15,92,COc1ccc([C@H](NC(=O)c2ccc3nccnc3c2)C2CCOCC2)cc1,0.02,0.06758333333333336,0.22,0.01,0.056539010622951504,193,False,,,
15,93,COc1cc(-c2ccccc2)sc1C(=O)NC[C@@H](O)C(C)(C)C,0.02,0.06758333333333336,0.22,0.01,0.056539010622951504,193,False,,,
15,94,Cc1nn(C)cc1CN1C[C@H](CO)OC[C@@H]1C,0.02,0.06758333333333336,0.22,0.01,0.056539010622951504,193,False,,,
15,95,Cc1cc(NC(=O)Nc2cccc(Cl)c2)ncc1Br,0.02,0.06758333333333336,0.22,0.01,0.056539010622951504,193,False,,,
15,96,CCSC[C@@H](C)N(C)C(=O)NCc1ccc(C)cc1N(C)C,0.02,0.06758333333333336,0.22,0.01,0.056539010622951504,193,False,,,
15,97,C=C(C)CN(C)C(=O)CN1CC2=C(C1=O)[C@@H](C1=CC=C(Cl)C=C1Cl)NC(=O)N2CC,0.02,0.06758333333333336,0.22,0.01,0.056539010622951504,193,False,,,
15,98,COc1ccc2c(c1)C[C@@H](C(=O)Nc1ccc(C(C)=O)c(C)c1)CO2,0.02,0.06758333333333336,0.22,0.01,0.056539010622951504,193,False,,,
15,99,Cc1[nH+]ccn1Cc1nnc([C@@H]2CCC[NH+](Cc3cccnc3)C2)n1C,0.02,0.06758333333333336,0.22,0.01,0.056539010622951504,193,False,,,
15,100,COc1ccc([C@@H]2CC(=O)C3=C(C2)N[C@@H]2N=NC(O)=C2[C@H]3c2ccc(Cl)c(Cl)c2)cc1OC,0.02,0.06758333333333336,0.22,0.01,0.056539010622951504,193,False,,,
15,101,C[C@H]1Cc2cc([C@@H](Cl)C3(C)CCCC3)ccc2O1,0.02,0.06758333333333336,0.22,0.01,0.056539010622951504,193,False,,,
15,102,C[NH+]1CCC(NC(=O)NC2=NC=C(CC3=CC=CC(Cl)=C3)S2)CC1,0.02,0.06758333333333336,0.22,0.01,0.056539010622951504,193,False,,,
15,103,O=C(NCC1CCN(C(=O)c2ccccn2)CC1)C(=O)NC1CCCC1,0.02,0.06758333333333336,0.22,0.01,0.056539010622951504,193,False,,,
15,104,C[C@H](Cc1ccsc1)[NH+](C)Cc1cnc(N2CC[NH+](C)CC2)nc1,0.02,0.06758333333333336,0.22,0.01,0.056539010622951504,193,False,,,
15,105,COc1ccc(NC(=O)C[NH+]2CCCN(Cc3cccc(Cl)c3)S2(=O)=O)cc1,0.02,0.06758333333333336,0.22,0.01,0.056539010622951504,193,False,,,
15,106,CSC(C)c1cccc(NC(=O)NC(C)COC2CCOCC2)c1,0.02,0.06758333333333336,0.22,0.01,0.056539010622951504,193,False,,"The first molecule has a JNK3 score of 0.05, which is higher than the second molecule's 0.01. The first molecule features a substituted aniline linked to a methylated purine-like heterocycle, while the second molecule has a bulky tert-butyl group and a morpholine ring. To improve the JNK3 score, I propose combining the key amide linkage and aromatic system from the first molecule with the morpholine ring from the second molecule, which may enhance solubility and binding interactions. Additionally, introducing a small alkyl substitution on the aromatic ring could improve hydrophobic interactions. This hybrid molecule maintains the core amide and aromatic system from the first molecule but replaces the purine moiety with a morpholine-containing amide, potentially increasing activity against JNK3.","I have two molecules and their JNK3 scores. The JNK3 score measures a molecular's biological activity against JNK3.


[CS[C@@H](C)C1=CC=CC(NC(=O)C2=CN(C)N=C2C2=CC=CC=C2)=C1,0.05]
[CCC(C)(C)NC(=O)c1ccc(NC(=O)N[C@@H](C)[C@H]2CCCO2)cc1,0.01]Please propose a new molecule that has a higher JNK3 score. You can either make crossover and mutations based on the given molecules or just propose a new molecule based on your knowledge.



Your output should follow the format: {<<<Explaination>>>: $EXPLANATION, <<<Molecule>>>: \box{$Molecule}}. Here are the requirements:

        

1. $EXPLANATION should be your analysis.
2. The $Molecule should be the smiles of your propsosed molecule.
3. The molecule should be valid.
        "
15,107,C=C(C)CN(C)C(=O)CN1CC2=C(C1=O)[C@@H](C1=CC=C(C)C1Cl)NC(=O)N2CC,0.02,0.06758333333333336,0.22,0.01,0.056539010622951504,193,False,,Fallback to genetic operations due to LLM error: ,"Fallback genetic operation for parents: ['C=C(C)CN(C)C(=O)CN1CC2=C(C1=O)[C@@H](C1=CC=C(Cl)C=C1Cl)NC(=O)N2CC', 'CC1=CC=C(NC(=O)CN2C(=O)S/C(=C/C3=C(F)C=CC=C3Cl)C2=O)C=C1']"
15,108,O=C1N[C@@H](c2ccccc2F)c2c1oc1ccccc1c2=O,0.01,0.06758333333333336,0.22,0.01,0.056539010622951504,193,False,,,
15,109,CS(=O)(=O)N[C@H]1CCN(c2ccc(Cl)c(F)c2)C1=O,0.01,0.06758333333333336,0.22,0.01,0.056539010622951504,193,False,,,
15,110,CCC(C)(C)NC(=O)c1ccc(NC(=O)N[C@@H](C)[C@H]2CCCO2)cc1,0.01,0.06758333333333336,0.22,0.01,0.056539010622951504,193,False,,,
15,111,CSCC[C@H](NC(=O)N[C@@H]1CCCCC1(C)C)C(=O)[O-],0.01,0.06758333333333336,0.22,0.01,0.056539010622951504,193,False,,,
15,112,CC(C)C(=O)Nc1nc2ccc(CCC(=O)NCc3ccccc3Cl)cc2s1,0.01,0.06758333333333336,0.22,0.01,0.056539010622951504,193,False,,,
15,113,Cc1nn(-c2ccccc2)c(C)c1NC(=O)CN1CCc2cc(F)ccc2C1,0.01,0.06758333333333336,0.22,0.01,0.056539010622951504,193,False,,,
15,114,COc1ccc(C[C@H](C)C[NH+](C)Cc2cn3cccnc3n2)cc1,0.01,0.06758333333333336,0.22,0.01,0.056539010622951504,193,False,,,
15,115,CCc1nsc(NCC(=O)NC(C)(C)C)n1,0.01,0.06758333333333336,0.22,0.01,0.056539010622951504,193,False,,,
15,116,CCCN(C)c1nccn2c(=O)n(CC(=O)Nc3cccc(SC)c3)nc12,0.01,0.06758333333333336,0.22,0.01,0.056539010622951504,193,False,,,
15,117,O=C(Nc1ccc(-c2nnc3n2CCCCC3)cc1)c1ccccc1C(F)(F)F,0.01,0.06758333333333336,0.22,0.01,0.056539010622951504,193,False,,,
15,118,CC(C)c1cccc(C(C)C)c1NC(=O)CCN1C(=O)[C@H]2CC[C@@](C)(C1=O)C2(C)C,0.01,0.06758333333333336,0.22,0.01,0.056539010622951504,193,False,,,
15,119,Cc1cccc(CN(C(=O)c2cccc(N3CCNC3=O)c2)C(C)C)c1,0.01,0.06758333333333336,0.22,0.01,0.056539010622951504,193,False,,,
15,120,COc1ccc(C(=O)N2C[C@@H](C)[NH2+]C[C@H]2C)cc1O,0.01,0.06758333333333336,0.22,0.01,0.056539010622951504,193,False,,,
16,1,COc1ccccc1Nc1ccc(CSC(=S)Nc2ccc3c(N4CCCC4)ncnc3c2)cc1,0.22,0.07033333333333334,0.22,0.01,0.05600496009779451,198,False,,"{<<<Explanation>>>: The first molecule has a higher JNK3 score (0.18) compared to the second (0.04), indicating better activity. The first molecule features a methoxyphenyl group linked to a bicyclic heteroaromatic system with an amide linkage, while the second has a bromophenyl group attached to a thioether and a piperidine-containing bicyclic system. To improve activity, I propose combining the methoxyphenyl and bicyclic heteroaromatic core from the first molecule with the thioether linkage from the second molecule, as sulfur linkages can enhance binding through increased lipophilicity and potential interactions. Additionally, replacing the amide linkage in the first molecule with a thioamide might improve binding affinity. This hybrid molecule maintains key pharmacophores from the first molecule but incorporates the thioether and thioamide features from the second, potentially increasing JNK3 activity beyond 0.18. 

<<<Molecule>>>: \box{COC1=CC=CC=C1NC1=CC=C(CSC(=S)NC2=CC=C3C(=C2)N=CN=C3N2CCCC2)C=C1}}","I have two molecules and their JNK3 scores. The JNK3 score measures a molecular's biological activity against JNK3.


[COC1=CC=CC=C1NC1=CC=C(CNC(=O)NC2=CC=C3C(=C2)N=CN=C3N2CCCC2)C=C1,0.18]
[[NH3+]C[C@H](CO)CC1=CC(Br)=CC(NC(=O)CS[C@H]2CCCC3=C2C=CC=C3)=C1,0.04]Please propose a new molecule that has a higher JNK3 score. You can either make crossover and mutations based on the given molecules or just propose a new molecule based on your knowledge.



Your output should follow the format: {<<<Explaination>>>: $EXPLANATION, <<<Molecule>>>: \box{$Molecule}}. Here are the requirements:

        

1. $EXPLANATION should be your analysis.
2. The $Molecule should be the smiles of your propsosed molecule.
3. The molecule should be valid.
        "
16,2,COc1ccc(C)c(C(=O)Nc2ccc3c(N4CCCC4)ncnc3c2)c1,0.21,0.07033333333333334,0.22,0.01,0.05600496009779451,198,False,,"{<<<Explanation>>>: The first molecule has a higher JNK3 score (0.19) compared to the second (0.02), indicating that its scaffold and functional groups are more favorable for JNK3 activity. The first molecule contains a fused bicyclic system with a pyrimidine ring and a piperidine ring, along with a phenol group and an amide linkage. The second molecule is simpler, with a thioether and a dimethylamino group attached to an aromatic ring.

To design a molecule with potentially higher JNK3 activity, I propose to combine the favorable bicyclic pyrimidine-piperidine scaffold from the first molecule with some features from the second molecule that might improve binding or solubility, such as the methylated amine on the aromatic ring. Additionally, introducing a methoxy group on the phenol ring (instead of the hydroxyl) could improve membrane permeability and metabolic stability while maintaining hydrogen bonding capability.

Therefore, the proposed molecule retains the bicyclic pyrimidine-piperidine core and amide linkage, replaces the phenol OH with a methoxy group, and adds a dimethylamino substituent on the aromatic ring to enhance interactions and solubility. This hybrid design aims to increase the JNK3 score beyond 0.19.

<<<Molecule>>>: \box{CC1=CC=C(OC)C=C1C(=O)NC1=CC=C2C(=C1)N=CN=C2N1CCCC1} }","I have two molecules and their JNK3 scores. The JNK3 score measures a molecular's biological activity against JNK3.


[CC1=CC=C(O)C=C1C(=O)NC1=CC=C2C(=C1)N=CN=C2N1CCCC1,0.19]
[CCSC[C@@H](C)N(C)C(=O)NCc1ccc(C)cc1N(C)C,0.02]Please propose a new molecule that has a higher JNK3 score. You can either make crossover and mutations based on the given molecules or just propose a new molecule based on your knowledge.



Your output should follow the format: {<<<Explaination>>>: $EXPLANATION, <<<Molecule>>>: \box{$Molecule}}. Here are the requirements:

        

1. $EXPLANATION should be your analysis.
2. The $Molecule should be the smiles of your propsosed molecule.
3. The molecule should be valid.
        "
16,3,COc1ccccc1C(=O)Nc1ccc2c(N3CCCC3)ncnc2c1,0.2,0.07033333333333334,0.22,0.01,0.05600496009779451,198,False,,"{<<<Explanation>>>: Both given molecules share a common scaffold: a benzamide linked to a bicyclic system containing a substituted pyrimidine fused to a phenyl ring, with a piperidine or azetidine ring attached to the nitrogen. The difference lies in the ring size and substitution on the nitrogen-containing ring: one has a 4-membered azetidine ring with a methylene bridge ([CH]CCC) and a methoxy group on the phenyl ring (score 0.15), the other has a 5-membered piperidine ring (CCCC) and a methyl group on the phenyl ring (score 0.19). The piperidine ring and methyl substitution seem to improve activity.

To propose a molecule with potentially higher JNK3 activity, I will combine the beneficial features: keep the piperidine ring (which gave a higher score) and introduce a methoxy group on the phenyl ring (which might enhance binding via electronic effects or H-bonding). Additionally, I will replace the methyl group on the phenyl ring with a methoxy group to increase polarity and potential interactions. This hybrid molecule might have improved binding affinity and thus a higher JNK3 score.

<<<Molecule>>>: \box{COc1ccccc1C(=O)Nc1ccc2c(N3CCCC3)ncnc2c1}}","I have two molecules and their JNK3 scores. The JNK3 score measures a molecular's biological activity against JNK3.


[COc1ccccc1C(=O)Nc1ccc2c(N3[CH]CCC3)ncnc2c1,0.15]
[Cc1ccccc1C(=O)Nc1ccc2c(N3CCCC3)ncnc2c1,0.19]Please propose a new molecule that has a higher JNK3 score. You can either make crossover and mutations based on the given molecules or just propose a new molecule based on your knowledge.



Your output should follow the format: {<<<Explaination>>>: $EXPLANATION, <<<Molecule>>>: \box{$Molecule}}. Here are the requirements:

        

1. $EXPLANATION should be your analysis.
2. The $Molecule should be the smiles of your propsosed molecule.
3. The molecule should be valid.
        "
16,4,Cc1ccccc1C(=O)Nc1ccc2c(N3CCCC3)ncnc2c1,0.19,0.07033333333333334,0.22,0.01,0.05600496009779451,198,False,,,
16,5,CC1=CC=C(O)C=C1C(=O)NC1=CC=C2C(=C1)N=CN=C2N1CCCC1,0.19,0.07033333333333334,0.22,0.01,0.05600496009779451,198,False,,,
16,6,COc1ccc(NC2CN3CCC2CC3)nc1C(=O)Nc1ccc2c(N3CCCC3)ncnc2c1,0.19,0.07033333333333334,0.22,0.01,0.05600496009779451,198,False,,"{<<<Explanation>>>: The first molecule has a JNK3 score of 0.06 and features a methoxy-substituted pyrimidine ring with a chiral amine-containing bicyclic moiety. The second molecule has a higher score of 0.19 and contains a benzamide linked to a fused bicyclic heteroaromatic system with a piperidine substituent. To design a molecule with a potentially higher JNK3 score, I propose combining the favorable features of both molecules: the bicyclic amine moiety from the first molecule (which may enhance binding through its basic nitrogen and conformational rigidity) and the fused bicyclic heteroaromatic system from the second molecule (which likely contributes to better π-stacking and binding affinity). Additionally, I will introduce a methoxy group on the aromatic ring to improve solubility and possibly enhance interactions. This hybrid molecule aims to leverage the beneficial structural elements of both molecules to increase biological activity against JNK3. 

<<<Molecule>>>: \box{COc1ccc(NC2CN3CCC2CC3)nc1C(=O)Nc4ccc5c(ncnc5c4)N6CCCC6}}","I have two molecules and their JNK3 scores. The JNK3 score measures a molecular's biological activity against JNK3.


[COc1nc(N[C@@H]2C[NH+]3CCC2CC3)ccc1N,0.06]
[Cc1ccccc1C(=O)Nc1ccc2c(N3CCCC3)ncnc2c1,0.19]Please propose a new molecule that has a higher JNK3 score. You can either make crossover and mutations based on the given molecules or just propose a new molecule based on your knowledge.



Your output should follow the format: {<<<Explaination>>>: $EXPLANATION, <<<Molecule>>>: \box{$Molecule}}. Here are the requirements:

        

1. $EXPLANATION should be your analysis.
2. The $Molecule should be the smiles of your propsosed molecule.
3. The molecule should be valid.
        "
16,7,O=C(Nc1ccc2c(N3CCCC3)ncnc2c1)c1ccccc1O,0.18,0.07033333333333334,0.22,0.01,0.05600496009779451,198,False,,"{<<<Explanation>>>: Both given molecules share a common scaffold: a benzamide linked to a fused bicyclic system containing a piperidine ring. The difference lies in the substituent on the benzene ring attached to the amide: one has a methyl group (–CH3) and the other a methoxy group (–OCH3). The methoxy substituent (electron-donating and capable of hydrogen bonding) slightly improves the JNK3 score (0.2 vs 0.19). To further enhance activity, I propose introducing a stronger electron-donating group that can also engage in hydrogen bonding, such as a hydroxyl group (–OH), which often improves binding affinity by forming additional hydrogen bonds with the target. Additionally, placing the hydroxyl group para to the amide linkage on the benzene ring could optimize interactions. Therefore, I propose replacing the methyl/methoxy substituent with a para-hydroxy group on the benzamide phenyl ring, keeping the rest of the molecule intact. This modification is likely to increase the JNK3 score by improving binding interactions.

<<<Molecule>>>: \box{Oc1ccccc1C(=O)Nc1ccc2c(N3CCCC3)ncnc2c1}}","I have two molecules and their JNK3 scores. The JNK3 score measures a molecular's biological activity against JNK3.


[Cc1ccccc1C(=O)Nc1ccc2c(N3CCCC3)ncnc2c1,0.19]
[COc1ccccc1C(=O)Nc1ccc2c(N3CCCC3)ncnc2c1,0.2]Please propose a new molecule that has a higher JNK3 score. You can either make crossover and mutations based on the given molecules or just propose a new molecule based on your knowledge.



Your output should follow the format: {<<<Explaination>>>: $EXPLANATION, <<<Molecule>>>: \box{$Molecule}}. Here are the requirements:

        

1. $EXPLANATION should be your analysis.
2. The $Molecule should be the smiles of your propsosed molecule.
3. The molecule should be valid.
        "
16,8,COC1=CC(F)=CC=C1C(=O)NC1=CC=C2C(=C1)N=CN=C2C1=CC=CC=C1,0.18,0.07033333333333334,0.22,0.01,0.05600496009779451,198,False,,Fallback to genetic operations due to LLM error: ,"Fallback genetic operation for parents: ['COC1=CC(F)=CC=C1C(=O)NC1=CC=C2C(=C1)N=CN=C2N1CCOCC1', 'CCC[C@@H](C(=O)N1CCN(CC(=O)NC2=C(C)C=CC=C2C)CC1)C1=CC=CC=C1']"
16,9,COC1=CC=CC=C1NC1=CC=C(CNC(=O)NC2=CC=C3C(=C2)N=CN=C3N2CCCC2)C=C1,0.18,0.07033333333333334,0.22,0.01,0.05600496009779451,198,False,,,
16,10,COc1cc(O)ccc1C(=O)Nc1ccc2c(-c3ccccc3)ncnc2c1,0.18,0.07033333333333334,0.22,0.01,0.05600496009779451,198,False,,"Both given molecules are identical, with a JNK3 score of 0.18, indicating moderate activity. To improve the JNK3 score, we can consider structural modifications known to enhance kinase inhibition, such as introducing additional hydrogen bond donors or acceptors, or adding groups that increase binding affinity. The current molecule has a methoxy group (COC) and a fluorophenyl ring. One common strategy is to replace the fluorine with a hydroxyl group to increase hydrogen bonding potential or add a small polar substituent on the phenyl ring to improve interactions. Alternatively, adding a methyl group on the pyrazolopyrimidine core can enhance hydrophobic interactions. Here, I propose replacing the fluorine atom with a hydroxyl group on the phenyl ring to potentially increase binding affinity and thus the JNK3 score.","I have two molecules and their JNK3 scores. The JNK3 score measures a molecular's biological activity against JNK3.


[COC1=CC(F)=CC=C1C(=O)NC1=CC=C2C(=C1)N=CN=C2C1=CC=CC=C1,0.18]
[COC1=CC(F)=CC=C1C(=O)NC1=CC=C2C(=C1)N=CN=C2C1=CC=CC=C1,0.18]Please propose a new molecule that has a higher JNK3 score. You can either make crossover and mutations based on the given molecules or just propose a new molecule based on your knowledge.



Your output should follow the format: {<<<Explaination>>>: $EXPLANATION, <<<Molecule>>>: \box{$Molecule}}. Here are the requirements:

        

1. $EXPLANATION should be your analysis.
2. The $Molecule should be the smiles of your propsosed molecule.
3. The molecule should be valid.
        "
16,11,COc1cc(F)ccc1C(=O)Nc1ccc2c(-c3ccncc3N3CCOCC3)ncnc2c1,0.18,0.07033333333333334,0.22,0.01,0.05600496009779451,198,False,,"Both given molecules have a JNK3 score of 0.14, indicating moderate activity. They share some common features: a methoxy-substituted aromatic ring and a heterocyclic system with nitrogen atoms, which are likely important for binding to JNK3. To improve the score, I propose combining the key features of both molecules: the fluorinated methoxyphenyl amide from the first molecule and the fused heterocyclic system from the second molecule, while introducing a small mutation to enhance binding affinity. Specifically, I will replace the piperidine ring in the first molecule with the morpholine ring from the second molecule, as morpholine can improve solubility and potentially enhance interactions. Additionally, I will keep the fluorine substituent on the aromatic ring to maintain electronic effects favorable for binding. This crossover and mutation aim to create a molecule with better binding properties and thus a higher JNK3 score.","I have two molecules and their JNK3 scores. The JNK3 score measures a molecular's biological activity against JNK3.


[COc1cc(F)ccc1C(=O)Nc1ccc2c(-c3ccncc3N3CCCC3)ncnc2c1,0.14]
[COC1=CC(F)=CC=C1C(=O)NC1=CC=C2C(=C1)N=CN=C2N1CCOCC1,0.14]Please propose a new molecule that has a higher JNK3 score. You can either make crossover and mutations based on the given molecules or just propose a new molecule based on your knowledge.



Your output should follow the format: {<<<Explaination>>>: $EXPLANATION, <<<Molecule>>>: \box{$Molecule}}. Here are the requirements:

        

1. $EXPLANATION should be your analysis.
2. The $Molecule should be the smiles of your propsosed molecule.
3. The molecule should be valid.
        "
16,12,CC1=CC(Br)=CC=C1C(=O)NC1=CC=C2C(=C1)N=CN=C2N1CCCC1,0.16,0.07033333333333334,0.22,0.01,0.05600496009779451,198,False,,,
16,13,COc1ccccc1Nc1ccc(NC(=O)c2cc(C(F)(F)F)ccc2OCC2CNCCO2)c(N)c1,0.16,0.07033333333333334,0.22,0.01,0.05600496009779451,198,False,,"{<<<Explanation>>>: Both given molecules have a low JNK3 score of 0.09, indicating weak activity. The first molecule features a methoxyphenyl group and a trifluoromethyl-substituted aromatic amide, while the second contains a hydrazide linked to a fused bicyclic heteroaromatic system with a morpholine ring. To improve JNK3 activity, I propose combining the key features: the trifluoromethyl group (which can enhance binding through hydrophobic and electronic effects) and the bicyclic heteroaromatic system (which may improve specificity and binding affinity). Additionally, replacing the hydrazide linker with a more stable amide bond and retaining the morpholine ring for solubility and interaction could enhance activity. This hybrid molecule merges beneficial elements from both structures, potentially increasing JNK3 inhibition. 

<<<Molecule>>>: \box{COc1ccccc1Nc1ccc(NC(=O)c2cc(C(F)(F)F)ccc2OCC3CNCCO3)c(N)c1}}","I have two molecules and their JNK3 scores. The JNK3 score measures a molecular's biological activity against JNK3.


[COc1ccccc1Nc1ccc(NC(=O)c2cc(C(F)(F)F)ccc2OC)c(N)c1,0.09]
[Cc1ccccc1C(=O)NNc1ccc2c(N3CCCO3)ncnc2c1,0.09]Please propose a new molecule that has a higher JNK3 score. You can either make crossover and mutations based on the given molecules or just propose a new molecule based on your knowledge.



Your output should follow the format: {<<<Explaination>>>: $EXPLANATION, <<<Molecule>>>: \box{$Molecule}}. Here are the requirements:

        

1. $EXPLANATION should be your analysis.
2. The $Molecule should be the smiles of your propsosed molecule.
3. The molecule should be valid.
        "
16,14,COC1=CC=CC=C1C(=O)NC1=CC=C2C(=C1)N=CN=C2N1[CH]CCC1,0.15,0.07033333333333334,0.22,0.01,0.05600496009779451,198,False,,,
16,15,COc1ccccc1C(=O)Nc1ccc2c(-c3cccc(C(F)(F)F)c3)ncnc2c1,0.15,0.07033333333333334,0.22,0.01,0.05600496009779451,198,False,,"{<<<Explanation>>>: The first molecule has a higher JNK3 score (0.15) compared to the second (0.08), indicating better activity. The first molecule features a methoxyphenyl group linked to a bicyclic heteroaromatic system with an amide linkage, while the second has an acetamide linked to a trifluoromethyl-substituted phenyl ring with a fluorobenzylamine substituent. To improve activity, I propose combining the bicyclic heteroaromatic core and amide linkage from the first molecule with the trifluoromethyl-substituted phenyl ring from the second, as trifluoromethyl groups often enhance binding affinity and metabolic stability. Additionally, introducing a methoxy group on the phenyl ring may improve solubility and binding interactions. This hybrid molecule aims to leverage the higher activity scaffold of the first molecule and the beneficial trifluoromethyl substitution from the second, potentially increasing the JNK3 score. <<<Molecule>>>: \box{COC1=CC=CC=C1C(=O)NC2=CC=C3C(=C2)N=CN=C3C4=CC(C(F)(F)F)=CC=C4}}","I have two molecules and their JNK3 scores. The JNK3 score measures a molecular's biological activity against JNK3.


[COC1=CC=CC=C1C(=O)NC1=CC=C2C(=C1)N=CN=C2N1[CH]CCC1,0.15]
[CC(=O)Nc1ccc(NCc2ccccc2F)c(C(F)(F)F)c1,0.08]Please propose a new molecule that has a higher JNK3 score. You can either make crossover and mutations based on the given molecules or just propose a new molecule based on your knowledge.



Your output should follow the format: {<<<Explaination>>>: $EXPLANATION, <<<Molecule>>>: \box{$Molecule}}. Here are the requirements:

        

1. $EXPLANATION should be your analysis.
2. The $Molecule should be the smiles of your propsosed molecule.
3. The molecule should be valid.
        "
16,16,COc1ccccc1NC(=O)c1cc(C(F)(F)F)ccc1NNc1ccc2c(N3CCCO3)ncnc2c1,0.15,0.07033333333333334,0.22,0.01,0.05600496009779451,198,False,,"{<<<Explanation>>>: Both given molecules have a JNK3 score of 0.09, indicating relatively low activity. The first molecule features a methoxyphenyl group linked to an aniline with an amide connected to a trifluoromethyl-substituted aromatic ring, which may contribute to binding affinity through hydrophobic and electronic effects. The second molecule contains a benzoyl hydrazine linked to a fused bicyclic heteroaromatic system with a morpholine ring, which could enhance solubility and binding through hydrogen bonding.

To improve the JNK3 score, I propose combining favorable features from both molecules: retaining the trifluoromethyl-substituted aromatic amide from the first molecule for potency, and incorporating the bicyclic heteroaromatic system with the morpholine ring from the second molecule to enhance binding interactions and solubility. Additionally, replacing the aniline linker with a hydrazine linker may improve hydrogen bonding and flexibility.

Thus, the proposed molecule is a trifluoromethyl-substituted aromatic amide linked via a hydrazine to the bicyclic heteroaromatic system containing the morpholine ring, aiming to increase JNK3 activity.

<<<Molecule>>>: \box{COc1ccccc1NC(=O)c2cc(C(F)(F)F)ccc2NNc3ccc4c(N5CCCO5)ncnc4c3}}","I have two molecules and their JNK3 scores. The JNK3 score measures a molecular's biological activity against JNK3.


[COc1ccccc1Nc1ccc(NC(=O)c2cc(C(F)(F)F)ccc2OC)c(N)c1,0.09]
[Cc1ccccc1C(=O)NNc1ccc2c(N3CCCO3)ncnc2c1,0.09]Please propose a new molecule that has a higher JNK3 score. You can either make crossover and mutations based on the given molecules or just propose a new molecule based on your knowledge.



Your output should follow the format: {<<<Explaination>>>: $EXPLANATION, <<<Molecule>>>: \box{$Molecule}}. Here are the requirements:

        

1. $EXPLANATION should be your analysis.
2. The $Molecule should be the smiles of your propsosed molecule.
3. The molecule should be valid.
        "
16,17,COC1=CC(F)=CC=C1C(=O)NC1=CC=C2C(=C1)N=CN=C2N1CCCC1,0.14,0.07033333333333334,0.22,0.01,0.05600496009779451,198,False,,,
16,18,COC1=CC(F)=CC=C1C(=O)NC1=CC=C2C(=C1)N=CN=C2N1CCOCC1,0.14,0.07033333333333334,0.22,0.01,0.05600496009779451,198,False,,,
16,19,COc1ccc(C(F)(F)F)cc1C(=O)Nc1ccc2c(N3[CH]CCC3)ncnc2c1,0.14,0.07033333333333334,0.22,0.01,0.05600496009779451,198,False,,"The first molecule has a higher JNK3 score (0.15) compared to the second (0.04), indicating better activity. The first molecule features a methoxyphenyl group linked via an amide to a bicyclic heterocycle containing a nitrogen-rich fused ring system, which likely contributes to its higher activity. The second molecule has a nitro-substituted phenyl ring and a trifluoromethyl group on a lactam ring, but its activity is lower.

To improve activity, I propose combining the favorable features of both molecules: retain the bicyclic heterocycle and amide linkage from the first molecule, but introduce the trifluoromethyl group from the second molecule to enhance binding affinity and metabolic stability. Specifically, I will modify the first molecule by adding a trifluoromethyl group on the phenyl ring (para to the methoxy group) to potentially increase hydrophobic interactions and improve activity.

This hybrid approach leverages the higher activity scaffold of the first molecule and the beneficial trifluoromethyl substitution from the second.","I have two molecules and their JNK3 scores. The JNK3 score measures a molecular's biological activity against JNK3.


[COc1ccccc1C(=O)Nc1ccc2c(N3[CH]CCC3)ncnc2c1,0.15]
[CC(=O)c1ccc(N[C@H]2CC(=O)N(CC(F)(F)F)C2)c([N+](=O)[O-])c1,0.04]Please propose a new molecule that has a higher JNK3 score. You can either make crossover and mutations based on the given molecules or just propose a new molecule based on your knowledge.



Your output should follow the format: {<<<Explaination>>>: $EXPLANATION, <<<Molecule>>>: \box{$Molecule}}. Here are the requirements:

        

1. $EXPLANATION should be your analysis.
2. The $Molecule should be the smiles of your propsosed molecule.
3. The molecule should be valid.
        "
16,20,COc1ccccc1C(=O)Nc1ccc2c(N3CCCN3)ncnc2c1,0.14,0.07033333333333334,0.22,0.01,0.05600496009779451,198,False,,"{<<<Explanation>>>: The first molecule has a JNK3 score of 0.15, which is higher than the second molecule's 0.07. The first molecule features a methoxyphenyl group linked to a bicyclic heterocycle containing a nitrogen bridge, while the second molecule has a more complex structure with nitro groups and a charged amine. Nitro groups and charged groups often reduce cell permeability and can negatively impact activity. To improve the JNK3 score, I propose to combine the favorable features of the first molecule (the methoxyphenyl and bicyclic heterocycle) with a less polar, less charged substituent inspired by the second molecule's amine side chain but without the nitro groups. Specifically, I will replace the nitro-substituted aromatic amine in the second molecule with a simpler, neutral amine side chain attached to the bicyclic core of the first molecule, maintaining the methoxyphenyl group and the amide linkage. This hybrid should improve binding affinity and biological activity by preserving key interactions and reducing polarity and charge that may hinder activity.

<<<Molecule>>>: \box{COc1ccccc1C(=O)Nc1ccc2c(N3CCCN3)ncnc2c1} }","I have two molecules and their JNK3 scores. The JNK3 score measures a molecular's biological activity against JNK3.


[COc1ccccc1C(=O)Nc1ccc2c(N3[CH]CCC3)ncnc2c1,0.15]
[O=C(NCC1CCC[NH+](Cc2cc(O)ccc2[N+](=O)[O-])C1)Nc1ccc(Cn2cc(Cl)c([N+](=O)[O-])n2)cc1,0.07]Please propose a new molecule that has a higher JNK3 score. You can either make crossover and mutations based on the given molecules or just propose a new molecule based on your knowledge.



Your output should follow the format: {<<<Explaination>>>: $EXPLANATION, <<<Molecule>>>: \box{$Molecule}}. Here are the requirements:

        

1. $EXPLANATION should be your analysis.
2. The $Molecule should be the smiles of your propsosed molecule.
3. The molecule should be valid.
        "
16,21,COc1cc(F)ccc1C(=O)Nc1ccc2c(-c3ccncc3N3CCCC3)ncnc2c1,0.14,0.07033333333333334,0.22,0.01,0.05600496009779451,198,False,,"Both given molecules share a core structure involving a methoxyphenyl group linked via an amide bond to a fused bicyclic system containing a pyrimidine ring. The second molecule has a slightly higher JNK3 score (0.18 vs 0.15), possibly due to the presence of a fluorine substituent on the phenyl ring and an additional phenyl ring attached to the fused bicyclic system, which may enhance binding affinity through hydrophobic interactions or electronic effects.

To propose a molecule with a potentially higher JNK3 score, I will combine beneficial features from both molecules and introduce a small mutation to improve binding. Specifically:

- Retain the methoxy group on the phenyl ring for favorable electronic effects.
- Keep the fluorine substituent to maintain or enhance binding.
- Maintain the fused bicyclic pyrimidine core.
- Replace the phenyl ring attached to the bicyclic system with a pyridine ring to introduce a nitrogen atom that can form additional hydrogen bonds or coordinate with the kinase active site.
- Replace the flexible aliphatic ring in the first molecule with a more rigid piperidine ring to improve binding affinity by reducing entropy loss.

This crossover and mutation strategy aims to combine hydrophobic, electronic, and hydrogen bonding interactions to increase the JNK3 score.","I have two molecules and their JNK3 scores. The JNK3 score measures a molecular's biological activity against JNK3.


[COC1=CC=CC=C1C(=O)NC1=CC=C2C(=C1)N=CN=C2N1[CH]CCC1,0.15]
[COC1=CC(F)=CC=C1C(=O)NC1=CC=C2C(=C1)N=CN=C2C1=CC=CC=C1,0.18]Please propose a new molecule that has a higher JNK3 score. You can either make crossover and mutations based on the given molecules or just propose a new molecule based on your knowledge.



Your output should follow the format: {<<<Explaination>>>: $EXPLANATION, <<<Molecule>>>: \box{$Molecule}}. Here are the requirements:

        

1. $EXPLANATION should be your analysis.
2. The $Molecule should be the smiles of your propsosed molecule.
3. The molecule should be valid.
        "
16,22,COc1cc(F)ccc1C(=O)Nc1ccc2c(N3CCCC3)ncnc2c1,0.14,0.07033333333333334,0.22,0.01,0.05600496009779451,198,False,,"{<<<Explanation>>>: The two given molecules have JNK3 scores of 0.18 and 0.2, respectively. Both share a common motif of a benzamide linked to a bicyclic heterocycle containing nitrogen atoms, which likely contributes to JNK3 binding. The second molecule has a slightly higher score, possibly due to the presence of the piperidine ring (N3CCCC3) fused to the bicyclic system, which may enhance binding affinity or improve molecular interactions.

To propose a molecule with a potentially higher JNK3 score, I will combine favorable features from both molecules: the fluorine substitution on the phenyl ring from the first molecule (which can improve binding through electronic effects) and the piperidine-containing bicyclic heterocycle from the second molecule. Additionally, I will add a methoxy group on the phenyl ring to increase polarity and potential hydrogen bonding, which can improve activity.

This new molecule will have a 3-fluoro-4-methoxybenzamide linked to the bicyclic heterocycle with the piperidine ring, aiming to enhance binding affinity and thus increase the JNK3 score.

<<<Molecule>>>: \box{COc1cc(F)ccc1C(=O)Nc1ccc2c(N3CCCC3)ncnc2c1}}","I have two molecules and their JNK3 scores. The JNK3 score measures a molecular's biological activity against JNK3.


[COC1=CC(F)=CC=C1C(=O)NC1=CC=C2C(=C1)N=CN=C2C1=CC=CC=C1,0.18]
[COc1ccccc1C(=O)Nc1ccc2c(N3CCCC3)ncnc2c1,0.2]Please propose a new molecule that has a higher JNK3 score. You can either make crossover and mutations based on the given molecules or just propose a new molecule based on your knowledge.



Your output should follow the format: {<<<Explaination>>>: $EXPLANATION, <<<Molecule>>>: \box{$Molecule}}. Here are the requirements:

        

1. $EXPLANATION should be your analysis.
2. The $Molecule should be the smiles of your propsosed molecule.
3. The molecule should be valid.
        "
16,23,O=C(Nc1ccc2c(N3CNC3)ncnc2c1)c1ccccc1F,0.13,0.07033333333333334,0.22,0.01,0.05600496009779451,198,False,,"The first molecule has a low JNK3 score (0.04) and contains a positively charged amine linked to a fluorophenyl-substituted heterocycle. The second molecule has a higher score (0.18) and features a urea linkage connecting a hydroxyphenyl group and a bicyclic purine-like system with a piperidine ring. To improve the JNK3 score, I propose combining the urea linkage and bicyclic purine scaffold from the second molecule with the fluorophenyl group from the first molecule, as fluorine substitution often enhances binding affinity and metabolic stability. Additionally, replacing the piperidine ring with a smaller azetidine ring may improve binding by reducing steric hindrance and increasing conformational rigidity. This hybrid molecule maintains key pharmacophores from the higher scoring molecule while incorporating beneficial features from the first molecule, potentially increasing JNK3 activity.","I have two molecules and their JNK3 scores. The JNK3 score measures a molecular's biological activity against JNK3.


[CC1=CN=C(C[NH+](C)CCCC2=NNC(C3=CC=C(F)C=C3)=C2)O1,0.04]
[O=C(Nc1ccc2c(N3CCCC3)ncnc2c1)c1ccccc1O,0.18]Please propose a new molecule that has a higher JNK3 score. You can either make crossover and mutations based on the given molecules or just propose a new molecule based on your knowledge.



Your output should follow the format: {<<<Explaination>>>: $EXPLANATION, <<<Molecule>>>: \box{$Molecule}}. Here are the requirements:

        

1. $EXPLANATION should be your analysis.
2. The $Molecule should be the smiles of your propsosed molecule.
3. The molecule should be valid.
        "
16,24,O=C(Nc1ccc2c(N3CCCC3)ncnc2c1)c1ccc(F)cc1O,0.13,0.07033333333333334,0.22,0.01,0.05600496009779451,198,False,,"{<<<Explanation>>>: Both given molecules share a common core structure: a substituted aminopyrimidine fused to a phenyl ring, with a piperidine ring attached to the pyrimidine nitrogen. The difference lies in the amide substituent: one has a methylphenyl group (Cc1ccccc1C(=O)N...), and the other has a hydroxyphenyl group (O=C(Nc1ccc2c(N3CCCC3)ncnc2c1)c1ccccc1O). Their JNK3 scores are close (0.19 and 0.18), suggesting similar activity.

To improve the JNK3 score, I propose combining features from both molecules and introducing a small mutation to enhance binding affinity. Specifically, I will:

1. Retain the aminopyrimidine-piperidine core, as it is common and likely essential.
2. Use the hydroxyphenyl amide substituent, as the hydroxyl group can form hydrogen bonds, potentially improving activity.
3. Add a fluorine atom to the phenyl ring of the amide substituent to increase binding affinity and metabolic stability, as fluorine often enhances biological activity.
4. Keep the piperidine ring intact.

This new molecule is expected to have improved interactions with JNK3 due to the hydroxyl and fluorine substituents, potentially increasing the JNK3 score.

<<<Molecule>>>: \box{O=C(Nc1ccc2c(N3CCCC3)ncnc2c1)c1ccc(F)cc1O}}","I have two molecules and their JNK3 scores. The JNK3 score measures a molecular's biological activity against JNK3.


[Cc1ccccc1C(=O)Nc1ccc2c(N3CCCC3)ncnc2c1,0.19]
[O=C(Nc1ccc2c(N3CCCC3)ncnc2c1)c1ccccc1O,0.18]Please propose a new molecule that has a higher JNK3 score. You can either make crossover and mutations based on the given molecules or just propose a new molecule based on your knowledge.



Your output should follow the format: {<<<Explaination>>>: $EXPLANATION, <<<Molecule>>>: \box{$Molecule}}. Here are the requirements:

        

1. $EXPLANATION should be your analysis.
2. The $Molecule should be the smiles of your propsosed molecule.
3. The molecule should be valid.
        "
16,25,COc1cc(F)ccc1C(=O)Nc1ccc2c(N3COCCN3)ncnc2c1,0.13,0.07033333333333334,0.22,0.01,0.05600496009779451,198,False,,"{<<<Explanation>>>: The second molecule has a higher JNK3 score (0.19) compared to the first (0.12). Both molecules share a common core: a substituted aminopyrimidine linked to a benzamide moiety. The second molecule features a methoxy group on the phenyl ring and a bicyclic amine (a fused azabicyclo system) attached to the pyrimidine, which likely improves binding affinity and activity. To propose a molecule with potentially higher activity, I will combine beneficial features from both molecules and introduce a slight modification to enhance interactions: 

- Retain the methoxy group on the phenyl ring from the second molecule, as electron-donating groups can improve binding.
- Use the bicyclic amine from the second molecule, but replace the piperidine ring with a morpholine ring (oxygen-containing heterocycle) to improve solubility and possibly binding.
- Keep the benzamide linkage and the aminopyrimidine core.
- Add a fluorine substituent on the phenyl ring para to the methoxy to potentially enhance binding via halogen bonding.

This crossover and mutation approach aims to combine favorable features and add a fluorine to improve activity, potentially increasing the JNK3 score beyond 0.19.

<<<Molecule>>>: \box{COc1cc(F)ccc1C(=O)Nc1ccc2c(N3COCCN3)ncnc2c1}}","I have two molecules and their JNK3 scores. The JNK3 score measures a molecular's biological activity against JNK3.


[Cc1cc(F)ccc1C(=O)Nc1ccc2c(N3CCOCC3)ncnc2c1,0.12]
[COc1ccc(NC2CN3CCC2CC3)nc1C(=O)Nc1ccc2c(N3CCCC3)ncnc2c1,0.19]Please propose a new molecule that has a higher JNK3 score. You can either make crossover and mutations based on the given molecules or just propose a new molecule based on your knowledge.



Your output should follow the format: {<<<Explaination>>>: $EXPLANATION, <<<Molecule>>>: \box{$Molecule}}. Here are the requirements:

        

1. $EXPLANATION should be your analysis.
2. The $Molecule should be the smiles of your propsosed molecule.
3. The molecule should be valid.
        "
16,26,COc1ccc(C(=O)N2CCCC(C(=O)Nc3ccc(-c4ccncc4)cc3)C2)cc1,0.12,0.07033333333333334,0.22,0.01,0.05600496009779451,198,False,,"Both given molecules have relatively low JNK3 scores (0.06 and 0.05), indicating modest activity. The first molecule features a piperidine ring linked to an amide and a substituted phenyl ring with a pyrazole moiety, while the second molecule contains a methoxy-substituted aromatic system with a nitro group and an amide linkage. To potentially increase JNK3 activity, I propose combining the amide-linked aromatic system from the first molecule with the electron-donating methoxy groups from the second molecule to enhance binding affinity and improve interactions with the JNK3 active site. Additionally, replacing the pyrazole ring with a more planar heterocycle like a pyridine could improve stacking interactions. Therefore, I propose a molecule with a piperidine ring linked via an amide to a methoxy-substituted phenyl ring, which is further connected to a pyridine ring. This hybrid design aims to improve binding affinity and thus increase the JNK3 score.","I have two molecules and their JNK3 scores. The JNK3 score measures a molecular's biological activity against JNK3.


[Cc1nonc1CC(=O)N1CCC[C@H](C(=O)Nc2ccc(-c3ccn[nH]3)cc2)C1,0.06]
[COc1ccc(CNC(=O)c2cc(OC)c(OC)cc2[N+](=O)[O-])cn1,0.05]Please propose a new molecule that has a higher JNK3 score. You can either make crossover and mutations based on the given molecules or just propose a new molecule based on your knowledge.



Your output should follow the format: {<<<Explaination>>>: $EXPLANATION, <<<Molecule>>>: \box{$Molecule}}. Here are the requirements:

        

1. $EXPLANATION should be your analysis.
2. The $Molecule should be the smiles of your propsosed molecule.
3. The molecule should be valid.
        "
16,27,Cc1cc(F)ccc1C(=O)Nc1ccc2c(N3CCOCC3)ncnc2c1,0.12,0.07033333333333334,0.22,0.01,0.05600496009779451,198,False,,"The first molecule has a higher JNK3 score (0.19) compared to the second (0.07), indicating that the amide-linked aromatic system with a fused bicyclic heterocycle (a purine-like structure with a piperidine substituent) is more favorable for activity. The second molecule has a rigid bicyclic scaffold with a nitro-substituted phenyl ring, which might contribute less to activity. To improve the score, I propose combining the amide linkage and aromatic system from the first molecule with a modification to increase binding affinity: replacing the piperidine ring with a morpholine ring (which can improve solubility and hydrogen bonding) and adding a small electron-withdrawing group (like fluorine) on the phenyl ring to enhance interactions. This hybrid approach aims to retain the favorable scaffold of the first molecule while introducing beneficial mutations to improve activity against JNK3.","I have two molecules and their JNK3 scores. The JNK3 score measures a molecular's biological activity against JNK3.


[Cc1ccccc1C(=O)Nc1ccc2c(N3CCCC3)ncnc2c1,0.19]
[O=C(N1CCOCC1)C12C[C@H]3C[C@@H](C1)CC(c1ccc([N+](=O)[O-])cc1)(C3)C2,0.07]Please propose a new molecule that has a higher JNK3 score. You can either make crossover and mutations based on the given molecules or just propose a new molecule based on your knowledge.



Your output should follow the format: {<<<Explaination>>>: $EXPLANATION, <<<Molecule>>>: \box{$Molecule}}. Here are the requirements:

        

1. $EXPLANATION should be your analysis.
2. The $Molecule should be the smiles of your propsosed molecule.
3. The molecule should be valid.
        "
16,28,COc1ccc(C(F)(F)F)cc1C(=O)N(C)Cc1ccc2c(N3CCC3)ncnc2c1,0.12,0.07033333333333334,0.22,0.01,0.05600496009779451,198,False,,"{<<<Explanation>>>: The first molecule has a higher JNK3 score (0.14) compared to the second (0.02), indicating that the scaffold containing the trifluoromethyl-substituted aromatic ring linked to a fused bicyclic heterocycle (likely a purine or similar) is more active. The second molecule is a simpler amide with alkyl and methyl substitutions and shows lower activity. To improve activity, I propose to combine the trifluoromethyl-substituted aromatic ring and amide linkage from the first molecule with the methylated amine substitution from the second molecule to enhance binding and possibly improve pharmacokinetics. Additionally, introducing a small alkyl substitution on the nitrogen of the amide may increase lipophilicity and binding affinity. This hybrid molecule retains the key trifluoromethyl aromatic motif and fused bicyclic heterocycle for activity, while incorporating beneficial substitutions from the second molecule to potentially increase the JNK3 score. 

<<<Molecule>>>: \box{COc1ccc(C(F)(F)F)cc1C(=O)N(C)Cc2ccc3c(N4CCC4)ncnc3c2}}","I have two molecules and their JNK3 scores. The JNK3 score measures a molecular's biological activity against JNK3.


[COc1ccc(C(F)(F)F)cc1C(=O)Nc1ccc2c(N3[CH]CCC3)ncnc2c1,0.14]
[CCSC[C@@H](C)N(C)C(=O)NCc1ccc(C)cc1N(C)C,0.02]Please propose a new molecule that has a higher JNK3 score. You can either make crossover and mutations based on the given molecules or just propose a new molecule based on your knowledge.



Your output should follow the format: {<<<Explaination>>>: $EXPLANATION, <<<Molecule>>>: \box{$Molecule}}. Here are the requirements:

        

1. $EXPLANATION should be your analysis.
2. The $Molecule should be the smiles of your propsosed molecule.
3. The molecule should be valid.
        "
16,29,COc1ccc(CN2CCC(CNC(=O)c3c[nH]nc3-c3ccc(Cl)c([N+](=O)[O-])c3)CC2)cc1,0.11,0.07033333333333334,0.22,0.01,0.05600496009779451,198,False,,"{<<<Explanation>>>: Both given molecules have a JNK3 score of 0.05, indicating relatively low activity. They share some common features: an amide linkage connected to heterocyclic systems and aromatic rings with electron-withdrawing groups (Cl, NO2). To potentially increase JNK3 activity, I propose combining favorable features from both molecules: the pyrazole-based heterocycle from the first molecule and the nitro-substituted chlorinated aromatic ring from the second molecule. Additionally, introducing a methoxy group on the aromatic ring (as in the first molecule) may enhance binding through electronic effects. I also suggest replacing the piperidinium ring (positively charged nitrogen in the first molecule) with a neutral piperidine to reduce potential off-target interactions and improve membrane permeability. This crossover and mutation aim to improve binding affinity and biological activity against JNK3. 

<<<Molecule>>>: \box{COc1ccc(CN2CCC(CNC(=O)c3c[nH]nc3-c3ccc(Cl)c([N+](=O)[O-])c3)CC2)cc1}}}","I have two molecules and their JNK3 scores. The JNK3 score measures a molecular's biological activity against JNK3.


[COc1ccc(C[NH+]2CCC(CNC(=O)c3c[nH]nc3-c3ccc(Cl)cc3)CC2)cc1,0.05]
[Cc1nn(C)cc1CNC(=O)c1ccc(Cn2cc(Cl)c([N+](=O)[O-])n2)cc1,0.05]Please propose a new molecule that has a higher JNK3 score. You can either make crossover and mutations based on the given molecules or just propose a new molecule based on your knowledge.



Your output should follow the format: {<<<Explaination>>>: $EXPLANATION, <<<Molecule>>>: \box{$Molecule}}. Here are the requirements:

        

1. $EXPLANATION should be your analysis.
2. The $Molecule should be the smiles of your propsosed molecule.
3. The molecule should be valid.
        "
16,30,CC(=O)Nc1ccc(NCc2csc(-c3cccc(Cl)c3)n2)c(C(F)(F)F)c1,0.11,0.07033333333333334,0.22,0.01,0.05600496009779451,198,False,,"{<<<Explanation>>>: The first molecule has a JNK3 score of 0.06 and contains a complex bicyclic system with a chlorophenyl-thiazole moiety and fluorinated aromatic rings, suggesting that halogenation and heterocyclic structures contribute to activity. The second molecule has a slightly higher score of 0.08 and features an acetamide linked to a trifluoromethyl-substituted aromatic ring and a fluorobenzyl amine, indicating that electron-withdrawing groups like CF3 and fluorine on aromatic rings may enhance activity. To propose a molecule with a potentially higher JNK3 score, I will combine features from both molecules: retain the acetamide and trifluoromethyl-substituted aromatic ring from the second molecule for potency, and introduce a heterocyclic thiazole ring with a chlorophenyl substituent from the first molecule to enhance binding affinity. Additionally, I will keep fluorine substituents to maintain electron-withdrawing effects. This hybrid molecule is expected to have improved interactions with JNK3, potentially increasing the score beyond 0.08. 

<<<Molecule>>>: \box{CC(=O)Nc1ccc(NCc2csc(n2)C3=CC=CC(Cl)=C3)c(C(F)(F)F)c1}}","I have two molecules and their JNK3 scores. The JNK3 score measures a molecular's biological activity against JNK3.


[COC1=CC(F)=C(NC(=O)C=C2CN(C(=O)NC3=NC=C(CC4=CC=CC(Cl)=C4)S3)C2)C=C1F,0.06]
[CC(=O)Nc1ccc(NCc2ccccc2F)c(C(F)(F)F)c1,0.08]Please propose a new molecule that has a higher JNK3 score. You can either make crossover and mutations based on the given molecules or just propose a new molecule based on your knowledge.



Your output should follow the format: {<<<Explaination>>>: $EXPLANATION, <<<Molecule>>>: \box{$Molecule}}. Here are the requirements:

        

1. $EXPLANATION should be your analysis.
2. The $Molecule should be the smiles of your propsosed molecule.
3. The molecule should be valid.
        "
16,31,COc1ccccc1C(=O)Nc1ccc2c(-c3cc(O)ccc3C(F)(F)F)ncnc2c1,0.11,0.07033333333333334,0.22,0.01,0.05600496009779451,198,False,,"Both given molecules share a core structure of a substituted aminopyrimidine linked to a substituted phenyl ring, which likely contributes to JNK3 activity. The second molecule has a slightly higher JNK3 score (0.15) and features a trifluoromethyl-substituted phenyl ring, which can enhance binding affinity through hydrophobic and electronic effects. The first molecule has a hydroxyl and fluorine substitution on the phenyl ring, but a smaller JNK3 score (0.13). To design a molecule with potentially higher activity, I propose combining the trifluoromethyl-substituted phenyl ring from the second molecule with the hydroxyl group from the first molecule to increase hydrogen bonding potential, and also retain the piperidine ring (N3CCCC3) from the first molecule, which may improve binding through conformational constraints. This crossover and mutation approach aims to enhance both hydrophobic interactions and hydrogen bonding, potentially increasing JNK3 activity. 

The proposed molecule SMILES is: COc1ccccc1C(=O)Nc1ccc2c(N3CCCC3)ncnc2c1-c1ccc(O)c(F)c1C(F)(F)F

However, to keep the molecule valid and synthetically reasonable, I will place the trifluoromethyl group and hydroxyl group on the same phenyl ring attached to the aminopyrimidine core, and keep the piperidine substitution on the pyrimidine ring as in the first molecule.

Final SMILES: COc1ccccc1C(=O)Nc1ccc2c(N3CCCC3)ncnc2c1-c1ccc(O)c(F)c1C(F)(F)F

But this is quite complex and may not be synthetically feasible. Alternatively, I will propose a simpler molecule by taking the second molecule and adding a hydroxyl group ortho to the trifluoromethyl group on the phenyl ring, which may increase hydrogen bonding and improve activity.

Final proposed molecule SMILES: COc1ccccc1C(=O)Nc1ccc2c(-c3cc(O)ccc3C(F)(F)F)ncnc2c1

This molecule combines the trifluoromethyl group and adds a hydroxyl group on the phenyl ring, potentially increasing JNK3 activity.","I have two molecules and their JNK3 scores. The JNK3 score measures a molecular's biological activity against JNK3.


[O=C(Nc1ccc2c(N3CCCC3)ncnc2c1)c1ccc(F)cc1O,0.13]
[COc1ccccc1C(=O)Nc1ccc2c(-c3cccc(C(F)(F)F)c3)ncnc2c1,0.15]Please propose a new molecule that has a higher JNK3 score. You can either make crossover and mutations based on the given molecules or just propose a new molecule based on your knowledge.



Your output should follow the format: {<<<Explaination>>>: $EXPLANATION, <<<Molecule>>>: \box{$Molecule}}. Here are the requirements:

        

1. $EXPLANATION should be your analysis.
2. The $Molecule should be the smiles of your propsosed molecule.
3. The molecule should be valid.
        "
16,32,COc1ccccc1C(=O)N1CCCC(C(=O)Nc2ccc(-c3ccncc3)cc2)C1,0.1,0.07033333333333334,0.22,0.01,0.05600496009779451,198,False,,"{<<<Explanation>>>: The first molecule has a JNK3 score of 0.12 and features a piperidine ring linked to an amide and a methoxyphenyl group, with an additional amide connected to a biphenyl-pyridine moiety. The second molecule has a higher score of 0.2 and contains a methoxyphenyl group connected via an amide to a fused bicyclic system with a piperidine ring incorporated in the structure. The second molecule’s fused bicyclic system with a nitrogen heterocycle likely contributes to better binding affinity.

To propose a molecule with a potentially higher JNK3 score, I will combine the favorable features of both molecules: the methoxyphenyl amide from the second molecule and the biphenyl-pyridine moiety from the first molecule, while maintaining the piperidine ring that may enhance binding. Specifically, I will design a molecule where the methoxyphenyl amide is connected to a piperidine ring, which is further connected via an amide to the biphenyl-pyridine fragment. This hybrid should retain key pharmacophores and possibly improve activity.

<<<Molecule>>>: \box{COc1ccccc1C(=O)N2CCCC(C(=O)Nc3ccc(-c4ccncc4)cc3)C2}}}","I have two molecules and their JNK3 scores. The JNK3 score measures a molecular's biological activity against JNK3.


[COc1ccc(C(=O)N2CCCC(C(=O)Nc3ccc(-c4ccncc4)cc3)C2)cc1,0.12]
[COc1ccccc1C(=O)Nc1ccc2c(N3CCCC3)ncnc2c1,0.2]Please propose a new molecule that has a higher JNK3 score. You can either make crossover and mutations based on the given molecules or just propose a new molecule based on your knowledge.



Your output should follow the format: {<<<Explaination>>>: $EXPLANATION, <<<Molecule>>>: \box{$Molecule}}. Here are the requirements:

        

1. $EXPLANATION should be your analysis.
2. The $Molecule should be the smiles of your propsosed molecule.
3. The molecule should be valid.
        "
16,33,CCSCC(C)N(C)C(=O)NCc1ccc(Nc2ccccc2OC)cc1N(C)C,0.09,0.07033333333333334,0.22,0.01,0.05600496009779451,198,False,,"Both given molecules have very low JNK3 scores (0.02 and 0.01), indicating weak activity. The first molecule features a peptide-like backbone with an amide linkage and aromatic substitution, while the second has a bicyclic system with a positively charged amine and a bulky tert-butyl ether group. To improve JNK3 activity, it is often beneficial to combine features that enhance binding affinity, such as maintaining the amide linkage for hydrogen bonding and incorporating aromatic or heteroaromatic rings for π-π stacking interactions. Additionally, reducing steric hindrance and optimizing the basic amine groups can improve binding. I propose a molecule that merges the amide backbone and aromatic substitution from the first molecule with a less bulky, more planar bicyclic aromatic system inspired by the second molecule, replacing the bulky tert-butyl group with a simpler methoxy group to reduce steric hindrance and maintain polarity. This hybrid molecule should have improved binding potential and thus a higher JNK3 score.","I have two molecules and their JNK3 scores. The JNK3 score measures a molecular's biological activity against JNK3.


[CCSC[C@@H](C)N(C)C(=O)NCc1ccc(C)cc1N(C)C,0.02]
[CC(C)C[C@H]1C[NH2+]CC[C@@H]1c1cccc2c1OC(C)(C)C2,0.01]Please propose a new molecule that has a higher JNK3 score. You can either make crossover and mutations based on the given molecules or just propose a new molecule based on your knowledge.



Your output should follow the format: {<<<Explaination>>>: $EXPLANATION, <<<Molecule>>>: \box{$Molecule}}. Here are the requirements:

        

1. $EXPLANATION should be your analysis.
2. The $Molecule should be the smiles of your propsosed molecule.
3. The molecule should be valid.
        "
16,34,CC1=CC=C(Cl)C(O[C@H](C)C(=O)NC2=NC(C3=CC=C([C@@H](C)CC4=CC(O)=CC=C4[N+](=O)[O-])C=C3)=CS2)=C1,0.09,0.07033333333333334,0.22,0.01,0.05600496009779451,198,False,,Fallback to genetic operations due to LLM error: ,"Fallback genetic operation for parents: ['CC(=O)N[C@H](C)C1=CC=C(C2=CSC(NC(=O)[C@@H](C)OC3=CC(C)=CC=C3Cl)=N2)C=C1', 'O=C(NC[C@H]1CCC[NH+](CC2=CC(O)=CC=C2[N+](=O)[O-])C1)C1=CC=CC=C1']"
16,35,Cc1ccc(Cl)c(OC(C)C(=O)Nc2cccs2)c1-c1ccc(C(C)Cc2cc(O)ccc2[N+](=O)[O-])cc1,0.09,0.07033333333333334,0.22,0.01,0.05600496009779451,198,False,,"The first molecule has a higher JNK3 score (0.09) compared to the second (0.02), indicating that its structural features contribute more effectively to JNK3 activity. Key features in the first molecule include a chlorophenyl group, a chiral center with an amide linkage to a thiazole ring, and a nitrophenol moiety, which may contribute to binding affinity through hydrogen bonding and electronic effects. The second molecule has a methoxy-thiophene core with a bulky tert-butyl group and a chiral alcohol, but lower activity.

To design a molecule with potentially higher JNK3 activity, I propose combining the chlorophenyl and nitrophenol features from the first molecule with the thiophene core from the second molecule, which may enhance binding through aromatic and heterocyclic interactions. Additionally, I will retain the amide linkage and chiral center to preserve key interactions. I will replace the bulky tert-butyl group with a smaller isopropyl group to reduce steric hindrance and potentially improve fit in the binding site.

This hybrid molecule aims to integrate favorable features from both molecules to increase JNK3 activity.","I have two molecules and their JNK3 scores. The JNK3 score measures a molecular's biological activity against JNK3.


[CC1=CC=C(Cl)C(O[C@H](C)C(=O)NC2=NC(C3=CC=C([C@@H](C)CC4=CC(O)=CC=C4[N+](=O)[O-])C=C3)=CS2)=C1,0.09]
[COc1cc(-c2ccccc2)sc1C(=O)NC[C@@H](O)C(C)(C)C,0.02]Please propose a new molecule that has a higher JNK3 score. You can either make crossover and mutations based on the given molecules or just propose a new molecule based on your knowledge.



Your output should follow the format: {<<<Explaination>>>: $EXPLANATION, <<<Molecule>>>: \box{$Molecule}}. Here are the requirements:

        

1. $EXPLANATION should be your analysis.
2. The $Molecule should be the smiles of your propsosed molecule.
3. The molecule should be valid.
        "
16,36,Cc1ccccc1C(=O)NNc1ccc2c(N3CCCO3)ncnc2c1,0.09,0.07033333333333334,0.22,0.01,0.05600496009779451,198,False,,"{<<<Explanation>>>: The first molecule has a higher JNK3 score (0.19) compared to the second (0.03), indicating that the core structure of the first molecule is more favorable for JNK3 activity. The first molecule features a benzamide linked to a fused bicyclic system containing a nitrogen heterocycle and a piperidine ring, which likely contributes to binding affinity. The second molecule has a morpholine ring and a hydrazide group, which may not be as effective.

To propose a molecule with potentially higher JNK3 activity, I will combine the favorable benzamide and bicyclic heterocycle core from the first molecule with a modification inspired by the second molecule's morpholine ring, replacing the piperidine ring in the first molecule with a morpholine ring to improve solubility and possibly binding interactions. Additionally, I will replace the amide NH with a hydrazide (C(=O)NN) group from the second molecule, which might enhance hydrogen bonding and activity.

This hybrid molecule keeps the key bicyclic heterocycle and benzamide core from the first molecule but introduces the hydrazide and morpholine features from the second molecule, potentially increasing JNK3 activity beyond 0.19.

<<<Molecule>>>: \box{Cc1ccccc1C(=O)NNc1ccc2c(n3OCCC3)ncnc2c1}}","I have two molecules and their JNK3 scores. The JNK3 score measures a molecular's biological activity against JNK3.


[Cc1ccccc1C(=O)Nc1ccc2c(N3CCCC3)ncnc2c1,0.19]
[C[C@@H]1COCCN1Cc1ccc(C(=O)NN)cn1,0.03]Please propose a new molecule that has a higher JNK3 score. You can either make crossover and mutations based on the given molecules or just propose a new molecule based on your knowledge.



Your output should follow the format: {<<<Explaination>>>: $EXPLANATION, <<<Molecule>>>: \box{$Molecule}}. Here are the requirements:

        

1. $EXPLANATION should be your analysis.
2. The $Molecule should be the smiles of your propsosed molecule.
3. The molecule should be valid.
        "
16,37,CS[C@@H](C)C1=CC=C2C(=C1)N=CN=C2N1CCCC1,0.09,0.07033333333333334,0.22,0.01,0.05600496009779451,198,False,,Fallback to genetic operations due to LLM error: ,"Fallback genetic operation for parents: ['CS[C@@H](C)C1=CC(NC(=O)C2=CN(C)N=C2NC(=O)NCC2=CC=CC3=CC=CN=C32)=CC=C1', 'CC1=CC=C(O)C=C1C(=O)NC1=CC=C2C(=C1)N=CN=C2N1CCCC1']"
16,38,CC(=O)N(C)c1ccc(NCc2csc(-c3cccc(Cl)c3)n2)c(C(F)(F)F)c1,0.09,0.07033333333333334,0.22,0.01,0.05600496009779451,198,False,,"{<<<Explanation>>>: The first molecule has a higher JNK3 score (0.11) compared to the second (0.01), indicating that the acetamide-substituted aromatic system with a trifluoromethyl group and a chlorophenyl-thiazole moiety contributes positively to activity. The second molecule is a peptide-like structure with low activity. To improve the JNK3 score, I propose to retain the key pharmacophore features from the first molecule—namely, the acetamide group, the trifluoromethyl-substituted aromatic ring, and the chlorophenyl-thiazole moiety—but introduce a small modification to enhance binding, such as replacing the acetamide NH with a methylated amide (N-methylacetamide) to potentially improve metabolic stability and binding affinity. This mutation keeps the core scaffold intact but may improve activity. 

<<<Molecule>>>: \box{CC(=O)N(C)c1ccc(NCc2csc(-c3cccc(Cl)c3)n2)c(C(F)(F)F)c1}}","I have two molecules and their JNK3 scores. The JNK3 score measures a molecular's biological activity against JNK3.


[CC(=O)Nc1ccc(NCc2csc(-c3cccc(Cl)c3)n2)c(C(F)(F)F)c1,0.11]
[CSCC[C@H](NC(=O)N[C@@H]1CCCCC1(C)C)C(=O)[O-],0.01]Please propose a new molecule that has a higher JNK3 score. You can either make crossover and mutations based on the given molecules or just propose a new molecule based on your knowledge.



Your output should follow the format: {<<<Explaination>>>: $EXPLANATION, <<<Molecule>>>: \box{$Molecule}}. Here are the requirements:

        

1. $EXPLANATION should be your analysis.
2. The $Molecule should be the smiles of your propsosed molecule.
3. The molecule should be valid.
        "
16,39,COc1ccccc1Nc1ccc(NC(=O)c2cc(C(F)(F)F)ccc2OC)c(N)c1,0.09,0.07033333333333334,0.22,0.01,0.05600496009779451,198,False,,"{<<<Explanation>>>: The second molecule has a higher JNK3 score (0.14) compared to the first (0.09), likely due to its trifluoromethyl group (C(F)(F)F) and the fused bicyclic heteroaromatic system, which may enhance binding affinity and metabolic stability. To design a molecule with potentially higher activity, I propose combining the trifluoromethyl-substituted aromatic ring from the second molecule with the amide-linked aniline moiety bearing the methoxyphenyl group from the first molecule. Additionally, introducing a methyl substitution on the nitrogen of the amide (as in the first molecule) may improve binding interactions. This hybrid molecule retains key pharmacophores from both molecules that contribute to activity, potentially increasing the JNK3 score.

<<<Molecule>>>: \box{COc1ccc(C(F)(F)F)cc1C(=O)Nc1ccc(Nc2ccccc2OC)cc1N} }","I have two molecules and their JNK3 scores. The JNK3 score measures a molecular's biological activity against JNK3.


[CCSCC(C)N(C)C(=O)NCc1ccc(Nc2ccccc2OC)cc1N(C)C,0.09]
[COc1ccc(C(F)(F)F)cc1C(=O)Nc1ccc2c(N3[CH]CCC3)ncnc2c1,0.14]Please propose a new molecule that has a higher JNK3 score. You can either make crossover and mutations based on the given molecules or just propose a new molecule based on your knowledge.



Your output should follow the format: {<<<Explaination>>>: $EXPLANATION, <<<Molecule>>>: \box{$Molecule}}. Here are the requirements:

        

1. $EXPLANATION should be your analysis.
2. The $Molecule should be the smiles of your propsosed molecule.
3. The molecule should be valid.
        "
16,40,O=C(NCC1CCN(C(=O)c2ccc3c(-c4cccc(C(F)(F)F)c4)ncnc3c2)CC1)C(=O)NC1CCCC1,0.09,0.07033333333333334,0.22,0.01,0.05600496009779451,198,False,,"{<<<Explanation>>>: The first molecule has a low JNK3 score (0.02) and contains a piperazine ring linked to a pyridine amide, while the second molecule has a higher score (0.15) and features a methoxyphenyl amide connected to a fused bicyclic heteroaromatic system with a trifluoromethyl-substituted phenyl ring. The higher activity in the second molecule likely arises from the fused bicyclic system and the electron-withdrawing trifluoromethyl group, which can enhance binding affinity to JNK3. To design a molecule with potentially higher activity, I propose combining the piperazine amide motif from the first molecule (which may improve solubility and binding flexibility) with the bicyclic heteroaromatic core and trifluoromethyl-substituted phenyl ring from the second molecule. This hybrid molecule maintains key pharmacophores from both molecules, potentially improving binding interactions and activity against JNK3.

<<<Molecule>>>: \box{O=C(NCC1CCN(C(=O)c2ccc3c(-c4cccc(C(F)(F)F)c4)ncnc3c2)CC1)C(=O)NC1CCCC1}}","I have two molecules and their JNK3 scores. The JNK3 score measures a molecular's biological activity against JNK3.


[O=C(NCC1CCN(C(=O)c2ccccn2)CC1)C(=O)NC1CCCC1,0.02]
[COc1ccccc1C(=O)Nc1ccc2c(-c3cccc(C(F)(F)F)c3)ncnc2c1,0.15]Please propose a new molecule that has a higher JNK3 score. You can either make crossover and mutations based on the given molecules or just propose a new molecule based on your knowledge.



Your output should follow the format: {<<<Explaination>>>: $EXPLANATION, <<<Molecule>>>: \box{$Molecule}}. Here are the requirements:

        

1. $EXPLANATION should be your analysis.
2. The $Molecule should be the smiles of your propsosed molecule.
3. The molecule should be valid.
        "
16,41,CC(=O)Nc1ccc(NCc2ccccc2F)c(C(F)(F)F)c1,0.08,0.07033333333333334,0.22,0.01,0.05600496009779451,198,False,,,
16,42,CC(=O)Nc1ccc(NCC2COC(N)C2C)c(C(F)(F)F)c1,0.08,0.07033333333333334,0.22,0.01,0.05600496009779451,198,False,,"{<<<Explanation>>>: The first molecule has a higher JNK3 score (0.11) compared to the second (0.01), indicating that the acetamide-substituted aromatic ring with a trifluoromethyl group and a thiazole linked to a chlorophenyl group contributes positively to activity. The second molecule, a chiral tetrahydrofuran with a methoxy-fluoro-substituted phenyl, shows low activity. To improve activity, I propose combining the acetamide and trifluoromethyl-substituted aromatic system from the first molecule with the tetrahydrofuran ring from the second molecule, replacing the thiazole-chlorophenyl moiety with the tetrahydrofuran ring to potentially enhance binding and solubility. This hybrid molecule maintains key pharmacophores from the first molecule while introducing the tetrahydrofuran ring to improve interactions and possibly increase the JNK3 score. 

<<<Molecule>>>: \box{CC(=O)Nc1ccc(NCC2CO[C@@H]([C@@H]2C)N)c(C(F)(F)F)c1}}","I have two molecules and their JNK3 scores. The JNK3 score measures a molecular's biological activity against JNK3.


[CC(=O)Nc1ccc(NCc2csc(-c3cccc(Cl)c3)n2)c(C(F)(F)F)c1,0.11]
[CCC[C@@H]1C[C@@H](Nc2cc(OC)ccc2F)CCO1,0.01]Please propose a new molecule that has a higher JNK3 score. You can either make crossover and mutations based on the given molecules or just propose a new molecule based on your knowledge.



Your output should follow the format: {<<<Explaination>>>: $EXPLANATION, <<<Molecule>>>: \box{$Molecule}}. Here are the requirements:

        

1. $EXPLANATION should be your analysis.
2. The $Molecule should be the smiles of your propsosed molecule.
3. The molecule should be valid.
        "
16,43,O=C(N1CCOCC1)C12C[C@H]3C[C@@H](C1)CC(c1ccc([N+](=O)[O-])cc1)(C3)C2,0.07,0.07033333333333334,0.22,0.01,0.05600496009779451,198,False,,,
16,44,O=C(NCC1CCC[NH+](Cc2cc(O)ccc2[N+](=O)[O-])C1)Nc1ccc(Cn2cc(Cl)c([N+](=O)[O-])n2)cc1,0.07,0.07033333333333334,0.22,0.01,0.05600496009779451,198,False,,"{<<<Explanation>>>: Both given molecules have low JNK3 scores (0.05), indicating weak activity. To improve activity, we can combine favorable features from both molecules. The first molecule has a chiral piperidine ring linked to a phenol substituted with a nitro group, while the second molecule contains a pyrazole ring with a nitro and chloro substitution and an amide linkage to a methylated pyrazole. Nitro groups and halogens often enhance binding affinity through electronic effects and interactions with the kinase active site. To propose a molecule with potentially higher JNK3 activity, I suggest a hybrid structure that retains the piperidine ring from the first molecule (important for conformational rigidity and binding) and incorporates the pyrazole ring with chloro and nitro substituents from the second molecule, connected via an amide linker to a phenyl ring. This design aims to combine the key pharmacophores and improve binding interactions with JNK3. The proposed molecule is: O=C(NC[C@H]1CCC[NH+](Cc2cc(O)ccc2[N+](=O)[O-])C1)Nc3ccc(Cn4cc(Cl)c([N+](=O)[O-])n4)cc3. This molecule is valid and merges the structural motifs that may enhance JNK3 inhibition. , <<<Molecule>>>: \box{O=C(NC[C@H]1CCC[NH+](Cc2cc(O)ccc2[N+](=O)[O-])C1)Nc3ccc(Cn4cc(Cl)c([N+](=O)[O-])n4)cc3}}","I have two molecules and their JNK3 scores. The JNK3 score measures a molecular's biological activity against JNK3.


[O=C(NC[C@H]1CCC[NH+](Cc2cc(O)ccc2[N+](=O)[O-])C1)c1ccccc1,0.05]
[Cc1nn(C)cc1CNC(=O)c1ccc(Cn2cc(Cl)c([N+](=O)[O-])n2)cc1,0.05]Please propose a new molecule that has a higher JNK3 score. You can either make crossover and mutations based on the given molecules or just propose a new molecule based on your knowledge.



Your output should follow the format: {<<<Explaination>>>: $EXPLANATION, <<<Molecule>>>: \box{$Molecule}}. Here are the requirements:

        

1. $EXPLANATION should be your analysis.
2. The $Molecule should be the smiles of your propsosed molecule.
3. The molecule should be valid.
        "
16,45,Cc1ccccc1C(=O)Nc1ccc2c(N3CCCC3)ncnc2c1S(C)(=O)=O,0.07,0.07033333333333334,0.22,0.01,0.05600496009779451,198,False,,"{<<<Explanation>>>: The first molecule has a very low JNK3 score (0.01), while the second molecule has a higher score (0.19). The second molecule contains a fused bicyclic system with a purine-like scaffold and an amide linkage, which likely contributes to better binding affinity to JNK3. The first molecule has a sulfonyl group attached to a phenyl ring and a chiral sulfoxide, but its activity is low. To improve the JNK3 score, I propose to combine the amide linkage and bicyclic purine-like core from the second molecule with a sulfonyl group on the phenyl ring to potentially enhance interactions with the kinase active site. This hybrid molecule keeps the bicyclic core and amide for binding, and adds the sulfonyl substituent to increase polarity and possible hydrogen bonding, which may improve activity. 

<<<Molecule>>>: \box{Cc1ccccc1C(=O)Nc1ccc2c(N3CCCC3)ncnc2c1S(=O)(=O)C} }","I have two molecules and their JNK3 scores. The JNK3 score measures a molecular's biological activity against JNK3.


[CC1(C)CN(CCOc2ccc(S(C)(=O)=O)cc2)CC[S@@]1=O,0.01]
[Cc1ccccc1C(=O)Nc1ccc2c(N3CCCC3)ncnc2c1,0.19]Please propose a new molecule that has a higher JNK3 score. You can either make crossover and mutations based on the given molecules or just propose a new molecule based on your knowledge.



Your output should follow the format: {<<<Explaination>>>: $EXPLANATION, <<<Molecule>>>: \box{$Molecule}}. Here are the requirements:

        

1. $EXPLANATION should be your analysis.
2. The $Molecule should be the smiles of your propsosed molecule.
3. The molecule should be valid.
        "
16,46,CC(=O)Nc1ccc(NCc2nnc3n2CCCCC3)c(C(F)(F)F)c1,0.07,0.07033333333333334,0.22,0.01,0.05600496009779451,198,False,,"{<<<Explanation>>>: The first molecule has a higher JNK3 score (0.08) compared to the second (0.01). Both molecules contain an amide linkage and aromatic rings with trifluoromethyl groups, which may contribute to activity. The first molecule has a para-substituted aniline with a fluoro-phenylmethyl amine side chain and a trifluoromethyl group on the aromatic ring, while the second has a more complex heterocyclic system but lower activity.

To improve activity, I propose combining the amide and trifluoromethyl aromatic core of the first molecule with the heterocyclic moiety from the second molecule, which might enhance binding through additional interactions. Specifically, I will replace the fluoro-phenylmethyl amine side chain in the first molecule with the heterocyclic piperidine-fused pyrazole ring from the second molecule, maintaining the trifluoromethyl group and amide linkage.

This hybrid molecule could potentially have improved JNK3 activity due to the combination of favorable features from both molecules.

<<<Molecule>>>: \box{CC(=O)Nc1ccc(NCc2nnc3n2CCCCC3)c(C(F)(F)F)c1}}","I have two molecules and their JNK3 scores. The JNK3 score measures a molecular's biological activity against JNK3.


[CC(=O)Nc1ccc(NCc2ccccc2F)c(C(F)(F)F)c1,0.08]
[O=C(Nc1ccc(-c2nnc3n2CCCCC3)cc1)c1ccccc1C(F)(F)F,0.01]Please propose a new molecule that has a higher JNK3 score. You can either make crossover and mutations based on the given molecules or just propose a new molecule based on your knowledge.



Your output should follow the format: {<<<Explaination>>>: $EXPLANATION, <<<Molecule>>>: \box{$Molecule}}. Here are the requirements:

        

1. $EXPLANATION should be your analysis.
2. The $Molecule should be the smiles of your propsosed molecule.
3. The molecule should be valid.
        "
16,47,Cc1nonc1CC(=O)N1CCC[C@H](C(=O)Nc2ccc(-c3ccn[nH]3)cc2)C1,0.06,0.07033333333333334,0.22,0.01,0.05600496009779451,198,False,,,
16,48,Fc1ccc2oc(C[NH2+]C[C@@H]3CN4CCCC[C@@H]4CO3)cc2c1,0.06,0.07033333333333334,0.22,0.01,0.05600496009779451,198,False,,,
16,49,Cc1ccc([C@H](C)NC(=O)N[C@H]2CC(=O)N(C3CC3)C2)cc1[N+](=O)[O-],0.06,0.07033333333333334,0.22,0.01,0.05600496009779451,198,False,,,
16,50,COc1nc(N[C@@H]2C[NH+]3CCC2CC3)ccc1N,0.06,0.07033333333333334,0.22,0.01,0.05600496009779451,198,False,,,
16,51,COC1=CC(F)=C(NC(=O)C=C2CN(C(=O)NC3=NC=C(CC4=CC=CC(Cl)=C4)S3)C2)C=C1F,0.06,0.07033333333333334,0.22,0.01,0.05600496009779451,198,False,,Fallback to genetic operations due to LLM error: ,"Fallback genetic operation for parents: ['COC1=CC(F)=C(NC(=O)C=C2CN(C(=O)NC3=NC=NC4=C3CCC4)C2)C=C1F', 'C[NH+]1CCC(NC(=O)NC2=NC=C(CC3=CC=CC(Cl)=C3)S2)CC1']"
16,52,COc1cc(O)ccc1C(=O)Nc1ccc2c(-c3ccccc3)ncnc2c1C(F)(F)F,0.06,0.07033333333333334,0.22,0.01,0.05600496009779451,198,False,,"{<<<Explanation>>>: The first molecule has a higher JNK3 score (0.18) compared to the second (0.01), indicating that the scaffold and substituents in the first molecule are more favorable for JNK3 activity. The first molecule features a methoxyphenol group and a fused bicyclic heterocycle (a purine-like system) attached to an aniline amide. The second molecule has a trifluoromethyl-substituted benzamide linked to a pyrazolopyridine ring with a piperidine substituent, but shows low activity.

To improve the JNK3 score, I propose combining the favorable features of the first molecule (the methoxyphenol and bicyclic heterocycle) with some elements from the second molecule that might enhance binding, such as the trifluoromethyl group, which can improve metabolic stability and binding affinity through hydrophobic interactions.

Specifically, I suggest starting from the first molecule's scaffold and replacing the phenyl ring attached to the amide nitrogen with a trifluoromethyl-substituted phenyl ring, as in the second molecule, to potentially increase binding affinity and activity. This hybrid molecule maintains the bicyclic heterocycle and the methoxyphenol group, which seem important for activity, while adding the trifluoromethyl group to enhance potency.

This new molecule is expected to have a higher JNK3 score than 0.18 due to the combination of favorable pharmacophores and improved physicochemical properties.

<<<Molecule>>>: \box{COc1cc(O)ccc1C(=O)Nc1ccc2c(-c3ccccc3)ncnc2c1C(F)(F)F}}","I have two molecules and their JNK3 scores. The JNK3 score measures a molecular's biological activity against JNK3.


[COc1cc(O)ccc1C(=O)Nc1ccc2c(-c3ccccc3)ncnc2c1,0.18]
[O=C(Nc1ccc(-c2nnc3n2CCCCC3)cc1)c1ccccc1C(F)(F)F,0.01]Please propose a new molecule that has a higher JNK3 score. You can either make crossover and mutations based on the given molecules or just propose a new molecule based on your knowledge.



Your output should follow the format: {<<<Explaination>>>: $EXPLANATION, <<<Molecule>>>: \box{$Molecule}}. Here are the requirements:

        

1. $EXPLANATION should be your analysis.
2. The $Molecule should be the smiles of your propsosed molecule.
3. The molecule should be valid.
        "
16,53,COc1ccc(CNC(=O)c2cc(OC)c(OC)cc2[N+](=O)[O-])cn1,0.05,0.07033333333333334,0.22,0.01,0.05600496009779451,198,False,,,
16,54,CS[C@@H](C)C1=CC=CC(NC(=O)C2=CN(C)N=C2C2=CC=CC=C2)=C1,0.05,0.07033333333333334,0.22,0.01,0.05600496009779451,198,False,,,
16,55,CC1=NN(C)C=C1CNC(=O)C1=CC=C(CN2C=C(Cl)C([N+](=O)[O-])=N2)C=C1,0.05,0.07033333333333334,0.22,0.01,0.05600496009779451,198,False,,,
16,56,COc1ccc(C[NH+]2CCC(CNC(=O)c3c[nH]nc3-c3ccc(Cl)cc3)CC2)cc1,0.05,0.07033333333333334,0.22,0.01,0.05600496009779451,198,False,,,
16,57,O=C(NC[C@H]1CCC[NH+](CC2=CC(O)=CC=C2[N+](=O)[O-])C1)C1=CC=CC=C1,0.05,0.07033333333333334,0.22,0.01,0.05600496009779451,198,False,,,
16,58,Cc1ccccc1C(=O)Nc1ccc2c(N3CCCC3)ncnc2c1-c1cc(Cl)cc(Cl)c1,0.05,0.07033333333333334,0.22,0.01,0.05600496009779451,198,False,,"The first molecule has a very low JNK3 score (0.02), while the second molecule has a higher score (0.19). The second molecule contains a fused bicyclic system with a purine-like scaffold and a piperidine ring, which might contribute to better binding affinity. The first molecule has a different scaffold with a bicyclic lactam and dichlorophenyl group but lower activity. To design a molecule with potentially higher JNK3 activity, I propose combining the purine-like bicyclic core and the piperidine ring from the second molecule with the dichlorophenyl substituent from the first molecule, as halogenated aromatic rings often enhance binding through hydrophobic and halogen bonding interactions. Additionally, I will keep the amide linkage to maintain hydrogen bonding potential. This hybrid molecule might improve binding affinity and thus increase the JNK3 score.","I have two molecules and their JNK3 scores. The JNK3 score measures a molecular's biological activity against JNK3.


[C=C(C)CN(C)C(=O)CN1CC2=C(C1=O)[C@@H](c1ccc(Cl)cc1Cl)NC(=O)N2CC,0.02]
[Cc1ccccc1C(=O)Nc1ccc2c(N3CCCC3)ncnc2c1,0.19]Please propose a new molecule that has a higher JNK3 score. You can either make crossover and mutations based on the given molecules or just propose a new molecule based on your knowledge.



Your output should follow the format: {<<<Explaination>>>: $EXPLANATION, <<<Molecule>>>: \box{$Molecule}}. Here are the requirements:

        

1. $EXPLANATION should be your analysis.
2. The $Molecule should be the smiles of your propsosed molecule.
3. The molecule should be valid.
        "
16,59,CSC(C)c1ccc(NC(=O)c2cn(C)nc2-c2ccccc2)cc1F,0.05,0.07033333333333334,0.22,0.01,0.05600496009779451,198,False,,"{<<<Explanation>>>: The first molecule has a higher JNK3 score (0.05) compared to the second (0.01), indicating that the scaffold with the substituted aniline linked to a methylated purine-like heterocycle is more active. The second molecule contains a thiosemicarbazide moiety attached to a hydroxy-biphenyl system with a fluorophenyl amide, which shows lower activity. To improve activity, I propose combining the key features of the first molecule (the aniline-purine amide scaffold) with a fluorine substituent on the phenyl ring to potentially enhance binding affinity and metabolic stability. Introducing a fluorine on the phenyl ring of the first molecule may increase lipophilicity and binding interactions, potentially increasing the JNK3 score. This is a mutation of the first molecule by adding a fluorine substituent on the phenyl ring para to the amide linkage.

<<<Molecule>>>: \box{CS[C@@H](C)C1=CC=C(C=C1F)NC(=O)C2=CN(C)N=C2C3=CC=CC=C3}}","I have two molecules and their JNK3 scores. The JNK3 score measures a molecular's biological activity against JNK3.


[CS[C@@H](C)C1=CC=CC(NC(=O)C2=CN(C)N=C2C2=CC=CC=C2)=C1,0.05]
[O=C(NC(=S)Nc1c(O)ccc2ccccc12)c1cccc(F)c1,0.01]Please propose a new molecule that has a higher JNK3 score. You can either make crossover and mutations based on the given molecules or just propose a new molecule based on your knowledge.



Your output should follow the format: {<<<Explaination>>>: $EXPLANATION, <<<Molecule>>>: \box{$Molecule}}. Here are the requirements:

        

1. $EXPLANATION should be your analysis.
2. The $Molecule should be the smiles of your propsosed molecule.
3. The molecule should be valid.
        "
16,60,COc1ccccc1C(=O)Nc1ccc2c(N3CCCN3)ncnc2c1C(=O)NC1=NC=C(Cc2cccc(Cl)c2)[SH]1F,0.05,0.07033333333333334,0.22,0.01,0.05600496009779451,198,False,,"The first molecule has a JNK3 score of 0.06 and features a fluorinated aromatic ring with an amide-linked heterocyclic system containing a thiazole ring and a chlorophenyl substituent. The second molecule has a higher score of 0.15 and contains a methoxyphenyl group linked via an amide to a fused bicyclic purine-like system with a piperidine ring. To design a molecule with a potentially higher JNK3 score, I propose combining the favorable features of both molecules: the methoxyphenyl amide moiety from the second molecule, which may enhance binding affinity, and the heterocyclic system from the first molecule that includes the thiazole and chlorophenyl substituent, which might contribute to specificity and potency. Additionally, I will introduce a fluorine atom on the phenyl ring to potentially improve metabolic stability and binding interactions. This hybrid molecule aims to leverage the higher activity scaffold of the second molecule while incorporating the heterocyclic complexity and halogenation of the first, potentially resulting in improved JNK3 inhibition.","I have two molecules and their JNK3 scores. The JNK3 score measures a molecular's biological activity against JNK3.


[COC1=CC(F)=C(NC(=O)C=C2CN(C(=O)NC3=NC=C(CC4=CC=CC(Cl)=C4)S3)C2)C=C1F,0.06]
[COc1ccccc1C(=O)Nc1ccc2c(N3[CH]CCC3)ncnc2c1,0.15]Please propose a new molecule that has a higher JNK3 score. You can either make crossover and mutations based on the given molecules or just propose a new molecule based on your knowledge.



Your output should follow the format: {<<<Explaination>>>: $EXPLANATION, <<<Molecule>>>: \box{$Molecule}}. Here are the requirements:

        

1. $EXPLANATION should be your analysis.
2. The $Molecule should be the smiles of your propsosed molecule.
3. The molecule should be valid.
        "
16,61,COc1ccccc1Nc1ccc(CNC(=O)NC(C)C2=CC=C(CCC(=O)NCc3ccc(Cl)cc3)SN=C2)cc1,0.05,0.07033333333333334,0.22,0.01,0.05600496009779451,198,False,,"The first molecule has a very low JNK3 score (0.01), indicating weak activity, while the second molecule has a higher score (0.18), suggesting better activity. The second molecule contains a methoxyphenyl group and a fused heterocyclic system with a piperidine ring, which might contribute to better binding affinity. To improve the JNK3 score further, I propose combining the amide linkage and the chlorophenyl moiety from the first molecule (which might enhance binding through hydrophobic or halogen interactions) with the heterocyclic core and methoxyphenyl group from the second molecule. Additionally, introducing a small alkyl substitution (like isopropyl) on the amide nitrogen could improve lipophilicity and binding. This hybrid molecule aims to retain key pharmacophores from both molecules to enhance activity against JNK3.","I have two molecules and their JNK3 scores. The JNK3 score measures a molecular's biological activity against JNK3.


[CC(C)C(=O)Nc1nc2ccc(CCC(=O)NCc3ccccc3Cl)cc2s1,0.01]
[COC1=CC=CC=C1NC1=CC=C(CNC(=O)NC2=CC=C3C(=C2)N=CN=C3N2CCCC2)C=C1,0.18]Please propose a new molecule that has a higher JNK3 score. You can either make crossover and mutations based on the given molecules or just propose a new molecule based on your knowledge.



Your output should follow the format: {<<<Explaination>>>: $EXPLANATION, <<<Molecule>>>: \box{$Molecule}}. Here are the requirements:

        

1. $EXPLANATION should be your analysis.
2. The $Molecule should be the smiles of your propsosed molecule.
3. The molecule should be valid.
        "
16,62,COc1cc(O)ccc1C(=O)Nc1ccc2c(N3CCCC3)ncnc2c1C(C)O,0.05,0.07033333333333334,0.22,0.01,0.05600496009779451,198,False,,"{<<<Explanation>>>: Both given molecules share a common scaffold: a substituted benzamide linked to a fused bicyclic system containing a pyrimidine ring. The first molecule has a methoxy and hydroxy substitution on the phenyl ring and a phenyl substituent on the fused bicyclic system, with a JNK3 score of 0.18. The second molecule has a methyl and bromo substitution on the phenyl ring and a piperidine substituent on the fused bicyclic system, with a slightly lower score of 0.16.

To improve the JNK3 score, I propose combining favorable features from both molecules and introducing a small mutation to enhance binding affinity. The hydroxy group in the first molecule may contribute to hydrogen bonding, and the piperidine ring in the second molecule may improve solubility and binding through additional interactions. The phenyl substituent in the first molecule could be replaced by a smaller, more polar group to reduce steric hindrance and improve fit.

Therefore, I propose a molecule that retains the hydroxy group on the phenyl ring (from molecule 1), keeps the piperidine substituent on the fused bicyclic system (from molecule 2), and replaces the phenyl substituent with a hydroxymethyl group (-CH2OH) to maintain polarity but reduce bulk. This hybrid and mutation approach aims to improve binding interactions and increase the JNK3 score.

<<<Molecule>>>: \box{COc1cc(O)ccc1C(=O)Nc1ccc2c(N3CCCC3)ncnc2c1C(O)C} }","I have two molecules and their JNK3 scores. The JNK3 score measures a molecular's biological activity against JNK3.


[COc1cc(O)ccc1C(=O)Nc1ccc2c(-c3ccccc3)ncnc2c1,0.18]
[Cc1cc(Br)ccc1C(=O)Nc1ccc2c(N3CCCC3)ncnc2c1,0.16]Please propose a new molecule that has a higher JNK3 score. You can either make crossover and mutations based on the given molecules or just propose a new molecule based on your knowledge.



Your output should follow the format: {<<<Explaination>>>: $EXPLANATION, <<<Molecule>>>: \box{$Molecule}}. Here are the requirements:

        

1. $EXPLANATION should be your analysis.
2. The $Molecule should be the smiles of your propsosed molecule.
3. The molecule should be valid.
        "
16,63,Cc1cc(F)ccc1C(=O)Nc1ccc2c(N3CCOCC3)ncnc2c1Oc1ccc(O)cc1,0.05,0.07033333333333334,0.22,0.01,0.05600496009779451,198,False,,"{<<<Explanation>>>: The first molecule has a JNK3 score of 0.07 and contains a piperidine ring with a catechol-like moiety and nitro groups, while the second molecule has a higher score of 0.12 and features a fluorophenyl group, a fused bicyclic heteroaromatic system with a morpholine substituent. The second molecule's higher score suggests that the fused bicyclic heteroaromatic system and the morpholine ring contribute positively to JNK3 activity. To design a molecule with a potentially higher JNK3 score, I propose combining the beneficial features of both molecules: retain the fused bicyclic heteroaromatic system and morpholine from the second molecule, and introduce a hydroxyl-substituted phenyl ring (similar to the catechol-like moiety in the first molecule) to enhance hydrogen bonding and interaction with JNK3. Additionally, replacing the nitro groups (which can be toxic and reduce drug-likeness) with hydroxyl groups may improve activity and reduce toxicity. This hybrid molecule aims to leverage the favorable bicyclic system and morpholine for binding affinity, while adding polar hydroxyl groups to improve interactions and solubility, potentially increasing the JNK3 score beyond 0.12.

<<<Molecule>>>: \box{Cc1cc(F)ccc1C(=O)Nc1ccc2c(N3CCOCC3)ncnc2c1Oc3ccc(O)cc3} }","I have two molecules and their JNK3 scores. The JNK3 score measures a molecular's biological activity against JNK3.


[O=C(NCC1CCC[NH+](Cc2cc(O)ccc2[N+](=O)[O-])C1)Nc1ccc(Cn2cc(Cl)c([N+](=O)[O-])n2)cc1,0.07]
[Cc1cc(F)ccc1C(=O)Nc1ccc2c(N3CCOCC3)ncnc2c1,0.12]Please propose a new molecule that has a higher JNK3 score. You can either make crossover and mutations based on the given molecules or just propose a new molecule based on your knowledge.



Your output should follow the format: {<<<Explaination>>>: $EXPLANATION, <<<Molecule>>>: \box{$Molecule}}. Here are the requirements:

        

1. $EXPLANATION should be your analysis.
2. The $Molecule should be the smiles of your propsosed molecule.
3. The molecule should be valid.
        "
16,64,CC1=CC=C(NC(=O)CN2C(=O)S/C(=C/C3=C(F)C=CC=C3Cl)C2=O)C=C1,0.04,0.07033333333333334,0.22,0.01,0.05600496009779451,198,False,,,
16,65,C[C@H](NC(=O)NCC1=CC=CC2=CC=CN=C21)C1=CN(C)N=C1,0.04,0.07033333333333334,0.22,0.01,0.05600496009779451,198,False,,,
16,66,CC(=O)c1ccc(N[C@H]2CC(=O)N(CC(F)(F)F)C2)c([N+](=O)[O-])c1,0.04,0.07033333333333334,0.22,0.01,0.05600496009779451,198,False,,,
16,67,CC1=CN=C(C[NH+](C)CCCC2=NNC(C3=CC=C(F)C=C3)=C2)O1,0.04,0.07033333333333334,0.22,0.01,0.05600496009779451,198,False,,,
16,68,CC(=O)N[C@H](C)C1=CC=C(C2=CSC(NC(=O)[C@@H](C)OC3=CC(C)=CC=C3Cl)=N2)C=C1,0.04,0.07033333333333334,0.22,0.01,0.05600496009779451,198,False,,,
16,69,CC(C)N1C=CC(CCNCC2=CN=C(C3=CSC=C3)S2)=N1,0.04,0.07033333333333334,0.22,0.01,0.05600496009779451,198,False,,,
16,70,CS[C@@H](C)C1=CC(NC(=O)C2=CN(C)N=C2NC(=O)NCC2=CC=CC3=CC=CN=C32)=CC=C1,0.04,0.07033333333333334,0.22,0.01,0.05600496009779451,198,False,,Fallback to genetic operations due to LLM error: ,"Fallback genetic operation for parents: ['CS[C@@H](C)C1=CC=CC(NC(=O)C2=CN(C)N=C2C2=CC=CC=C2)=C1', 'C[C@H](NC(=O)NCC1=CC=CC2=CC=CN=C21)C1=CN(C)N=C1']"
16,71,Cc1ccc(C(C)NC(=O)N2[CH]OCC2)c([N+](=O)[O-])c1,0.04,0.07033333333333334,0.22,0.01,0.05600496009779451,198,False,,"Both given molecules have relatively low JNK3 scores (0.06 and 0.02), indicating modest activity. The first molecule features a nitro-substituted phenyl ring linked to a chiral amide-containing bicyclic lactam, while the second has a methoxy-substituted bicyclic ether with an amide linked to a substituted phenyl ring. To potentially increase JNK3 activity, I propose combining favorable features: the nitro group from the first molecule (which can enhance binding through electronic effects) and the bicyclic ether scaffold from the second molecule (which may provide conformational rigidity and better fit in the binding site). Additionally, replacing the acetyl group on the phenyl ring with a less electron-withdrawing methyl group might improve binding affinity by modulating electronic properties. This hybrid molecule maintains key hydrogen bonding capabilities and introduces structural elements that could enhance interaction with JNK3, potentially leading to a higher score.","I have two molecules and their JNK3 scores. The JNK3 score measures a molecular's biological activity against JNK3.


[Cc1ccc([C@H](C)NC(=O)N[C@H]2CC(=O)N(C3CC3)C2)cc1[N+](=O)[O-],0.06]
[COc1ccc2c(c1)C[C@@H](C(=O)Nc1ccc(C(C)=O)c(C)c1)CO2,0.02]Please propose a new molecule that has a higher JNK3 score. You can either make crossover and mutations based on the given molecules or just propose a new molecule based on your knowledge.



Your output should follow the format: {<<<Explaination>>>: $EXPLANATION, <<<Molecule>>>: \box{$Molecule}}. Here are the requirements:

        

1. $EXPLANATION should be your analysis.
2. The $Molecule should be the smiles of your propsosed molecule.
3. The molecule should be valid.
        "
16,72,[NH3+]C[C@H](CO)CC1=CC(Br)=CC(NC(=O)CS[C@H]2CCCC3=C2C=CC=C3)=C1,0.04,0.07033333333333334,0.22,0.01,0.05600496009779451,198,False,,Fallback to genetic operations due to LLM error: ,"Fallback genetic operation for parents: ['CC1=NN(C)C(C)=C1NC(=O)CS[C@H]1CCCC2=CC=CC=C21', '[NH3+]C[C@H](CO)CC1=CC(F)=CC(Br)=C1']"
16,73,CC(=O)NC1=CC=C(Cl)C1C1=CC=NC=C1,0.04,0.07033333333333334,0.22,0.01,0.05600496009779451,198,False,,Fallback to genetic operations due to LLM error: ,"Fallback genetic operation for parents: ['CC(=O)NC1=CC=C(NC(=O)C2=NC(Cl)=CC=C2Cl)C=C1C1=CC=NC=C1', 'C=C(C)CN(C)C(=O)CN1CC2=C(C1=O)[C@@H](C1=CC=C(Cl)C=C1Cl)NC(=O)N2CC']"
16,74,Cc1cc(F)ccc1C(=O)N1CCOCC1CNC(=O)c1c[nH]nc1-c1ccc(Cl)cc1,0.04,0.07033333333333334,0.22,0.01,0.05600496009779451,198,False,,"The first molecule has a JNK3 score of 0.05 and contains a methoxyphenyl group linked to a piperidinium ring with a substituted pyrazole and chlorophenyl moiety. The second molecule has a higher score of 0.12 and features a fluoromethylphenyl amide linked to a fused bicyclic system with a morpholine substituent. To design a molecule with a potentially higher JNK3 score, I propose combining favorable features from both molecules: the fluoromethylphenyl amide group from the second molecule (which may enhance binding through hydrogen bonding and hydrophobic interactions) and the pyrazole-chlorophenyl moiety from the first molecule (which may contribute to specificity and potency). Additionally, replacing the piperidinium ring with a morpholine ring (as in the second molecule) could improve solubility and binding. Thus, the proposed molecule is a fluoromethylphenyl amide linked to a morpholine ring, which is further connected via an amide bond to a pyrazole ring substituted with a chlorophenyl group. This hybrid design aims to combine the beneficial structural motifs to increase biological activity against JNK3.","I have two molecules and their JNK3 scores. The JNK3 score measures a molecular's biological activity against JNK3.


[COc1ccc(C[NH+]2CCC(CNC(=O)c3c[nH]nc3-c3ccc(Cl)cc3)CC2)cc1,0.05]
[Cc1cc(F)ccc1C(=O)Nc1ccc2c(N3CCOCC3)ncnc2c1,0.12]Please propose a new molecule that has a higher JNK3 score. You can either make crossover and mutations based on the given molecules or just propose a new molecule based on your knowledge.



Your output should follow the format: {<<<Explaination>>>: $EXPLANATION, <<<Molecule>>>: \box{$Molecule}}. Here are the requirements:

        

1. $EXPLANATION should be your analysis.
2. The $Molecule should be the smiles of your propsosed molecule.
3. The molecule should be valid.
        "
16,75,CSC(C)c1cccc(NC(=O)c2ncnc3c2ncn3S(=O)(=O)c2ccccc2)c1,0.04,0.07033333333333334,0.22,0.01,0.05600496009779451,198,False,,"{<<<Explanation>>>: The first molecule is a sulfonyl-containing aromatic compound with a low JNK3 score of 0.01, and the second molecule is a chiral thioether linked to a substituted aniline and a heterocyclic amide with a slightly higher score of 0.05. To improve the JNK3 activity, I propose combining features from both molecules: retaining the thioether and chiral center from the second molecule, which may contribute to binding specificity, and introducing a sulfonyl group similar to the first molecule to enhance interactions with the kinase active site. Additionally, I will replace the chlorinated phenyl ester in the first molecule with a heteroaromatic ring to improve binding affinity and solubility. The proposed molecule includes a chiral thioether linked to a phenyl ring bearing a sulfonyl group and an amide linked to a purine-like heterocycle, which is known to interact well with kinases. This hybrid design aims to increase the JNK3 score beyond 0.05. <<<Molecule>>>: \box{CS[C@@H](C)C1=CC=CC(NC(=O)C2=NC=NC3=C2N=CN3S(=O)(=O)C4=CC=CC=C4)=C1}}","I have two molecules and their JNK3 scores. The JNK3 score measures a molecular's biological activity against JNK3.


[Cc1ccc(S(=O)(=O)CCC(=O)Oc2ccc(Cl)cc2Cl)cc1,0.01]
[CS[C@@H](C)C1=CC=CC(NC(=O)C2=CN(C)N=C2C2=CC=CC=C2)=C1,0.05]Please propose a new molecule that has a higher JNK3 score. You can either make crossover and mutations based on the given molecules or just propose a new molecule based on your knowledge.



Your output should follow the format: {<<<Explaination>>>: $EXPLANATION, <<<Molecule>>>: \box{$Molecule}}. Here are the requirements:

        

1. $EXPLANATION should be your analysis.
2. The $Molecule should be the smiles of your propsosed molecule.
3. The molecule should be valid.
        "
16,76,COc1ccccc1C(=O)Nc1ccc2c(N3CCCN3)ncnc2c1C#N,0.04,0.07033333333333334,0.22,0.01,0.05600496009779451,198,False,,"{<<<Explanation>>>: Both given molecules share a common core structure: a methoxyphenyl group linked via an amide bond to a bicyclic system containing a substituted piperidine or pyrrolidine ring fused to a purine-like scaffold. The JNK3 scores for both are low (0.14), indicating modest activity. To improve activity, I propose combining features from both molecules and introducing a small modification known to enhance kinase binding: replacing the trifluoromethyl group (C(F)(F)F) in the first molecule with a cyano group (–CN), which is a strong electron-withdrawing group that can improve binding affinity by forming additional interactions. Additionally, I will keep the piperidine ring from the second molecule, which is more flexible and may better fit the binding pocket than the constrained pyrrolidine ring in the first molecule. This hybrid molecule maintains the methoxyphenyl amide core, replaces the trifluoromethyl with a cyano group, and retains the piperidine ring fused to the purine scaffold. This combination is expected to increase the JNK3 score by improving binding interactions and molecular flexibility.

<<<Molecule>>>: \box{COc1ccccc1C(=O)Nc1ccc2c(N3CCCN3)ncnc2c1C#N}}","I have two molecules and their JNK3 scores. The JNK3 score measures a molecular's biological activity against JNK3.


[COc1ccc(C(F)(F)F)cc1C(=O)Nc1ccc2c(N3[CH]CCC3)ncnc2c1,0.14]
[COc1ccccc1C(=O)Nc1ccc2c(N3CCCN3)ncnc2c1,0.14]Please propose a new molecule that has a higher JNK3 score. You can either make crossover and mutations based on the given molecules or just propose a new molecule based on your knowledge.



Your output should follow the format: {<<<Explaination>>>: $EXPLANATION, <<<Molecule>>>: \box{$Molecule}}. Here are the requirements:

        

1. $EXPLANATION should be your analysis.
2. The $Molecule should be the smiles of your propsosed molecule.
3. The molecule should be valid.
        "
16,77,COc1cc(F)ccc1C(=O)Nc1ccc2c(N3CCCC3)ncnc2c1C(=O)NCC1CCN(C(=O)c2ccccn2)CC1,0.04,0.07033333333333334,0.22,0.01,0.05600496009779451,198,False,,"{<<<Explanation>>>: The first molecule has a higher JNK3 score (0.14) compared to the second (0.02), indicating that the scaffold containing the methoxy-fluorophenyl amide linked to a bicyclic heterocycle with a piperidine ring (N3CCCC3) is more active. The second molecule has a piperazine ring with amide linkers but lower activity. To improve activity, I propose combining the favorable features: retain the bicyclic heterocycle with the piperidine ring from the first molecule, but introduce an additional amide linker and a pyridine ring from the second molecule to potentially enhance binding interactions. Also, keeping the methoxy and fluorine substitutions on the phenyl ring may help maintain activity. This hybrid molecule aims to increase hydrogen bonding and hydrophobic interactions, potentially improving the JNK3 score.

<<<Molecule>>>: \box{COc1cc(F)ccc1C(=O)Nc1ccc2c(N3CCCC3)ncnc2c1C(=O)NCC3CCN(C(=O)c4ccccn4)CC3}}}","I have two molecules and their JNK3 scores. The JNK3 score measures a molecular's biological activity against JNK3.


[COc1cc(F)ccc1C(=O)Nc1ccc2c(N3CCCC3)ncnc2c1,0.14]
[O=C(NCC1CCN(C(=O)c2ccccn2)CC1)C(=O)NC1CCCC1,0.02]Please propose a new molecule that has a higher JNK3 score. You can either make crossover and mutations based on the given molecules or just propose a new molecule based on your knowledge.



Your output should follow the format: {<<<Explaination>>>: $EXPLANATION, <<<Molecule>>>: \box{$Molecule}}. Here are the requirements:

        

1. $EXPLANATION should be your analysis.
2. The $Molecule should be the smiles of your propsosed molecule.
3. The molecule should be valid.
        "
16,78,C[C@H]([NH2+][C@H]1CCOC1)c1ccnc(Cl)c1,0.03,0.07033333333333334,0.22,0.01,0.05600496009779451,198,False,,,
16,79,COc1cc(-c2noc(C3C[C@@H](C)O[C@@H](C)C3)n2)ccn1,0.03,0.07033333333333334,0.22,0.01,0.05600496009779451,198,False,,,
16,80,COc1cc(C)c(CN2CCN(C(=O)c3ccc(N4CCCCC4)c([N+](=O)[O-])c3)CC2)cc1OC,0.03,0.07033333333333334,0.22,0.01,0.05600496009779451,198,False,,,
16,81,Cc1ccc2nc(N3CCC(C(=O)NCC(C)(C)CO)CC3)nc(C)c2c1,0.03,0.07033333333333334,0.22,0.01,0.05600496009779451,198,False,,,
16,82,C[C@@H]1COCCN1Cc1ccc(C(=O)NN)cn1,0.03,0.07033333333333334,0.22,0.01,0.05600496009779451,198,False,,,
16,83,[NH3+]C[C@H](CO)CC1=CC(F)=CC(Br)=C1,0.03,0.07033333333333334,0.22,0.01,0.05600496009779451,198,False,,,
16,84,C[C@@H](CO)CSC[C@@H]([NH3+])C1=CC=C2OCCCOC2=C1,0.03,0.07033333333333334,0.22,0.01,0.05600496009779451,198,False,,,
16,85,Cc1ccc(-c2ncco2)cc1NC(=O)c1nc(Cl)ccc1Cl,0.03,0.07033333333333334,0.22,0.01,0.05600496009779451,198,False,,,
16,86,O=C(Nc1ccc2c(c1)CCO2)N1CCC[C@H]1c1nc2ccccc2[nH]1,0.03,0.07033333333333334,0.22,0.01,0.05600496009779451,198,False,,,
16,87,N#CCc1ccc2[nH]ccc2n1,0.03,0.07033333333333334,0.22,0.01,0.05600496009779451,198,False,,,
16,88,COC1=CC(F)=C(NC(=O)C=C2CN(C(=O)NC3=NC=NC4=C3CCC4)C2)C=C1F,0.03,0.07033333333333334,0.22,0.01,0.05600496009779451,198,False,,,
16,89,CC(=O)NC1=CC=C(NC(=O)C2=NC(Cl)=CC=C2Cl)C=C1C1=CC=NC=C1,0.03,0.07033333333333334,0.22,0.01,0.05600496009779451,198,False,,,
16,90,COC1=CC=CC=C1C(=O)NC1=CC=C(C2=NN(C)C=C2C(=O)NC2=CC=CC([C@H](C)SC)=C2)C1,0.03,0.07033333333333334,0.22,0.01,0.05600496009779451,198,False,,Fallback to genetic operations due to LLM error: ,"Fallback genetic operation for parents: ['COC1=CC=CC=C1C(=O)NC1=CC=C2C(=C1)N=CN=C2N1[CH]CCC1', 'CS[C@@H](C)C1=CC=CC(NC(=O)C2=CN(C)N=C2C2=CC=CC=C2)=C1']"
16,91,CC1=CN=C(C[NH+](C)CCCC2=NNC(CN3C=C(Cl)C([N+](=O)[O-])=N3)=C2)O1,0.03,0.07033333333333334,0.22,0.01,0.05600496009779451,198,False,,Fallback to genetic operations due to LLM error: ,"Fallback genetic operation for parents: ['CC1=NN(C)C=C1CNC(=O)C1=CC=C(CN2C=C(Cl)C([N+](=O)[O-])=N2)C=C1', 'CC1=CN=C(C[NH+](C)CCCC2=NNC(C3=CC=C(F)C=C3)=C2)O1']"
16,92,CC1C(CNc2ccc(NS(C)(=O)=O)cc2C#N)COC1N,0.03,0.07033333333333334,0.22,0.01,0.05600496009779451,198,False,,"{<<<Explanation>>>: Both given molecules are identical, with a JNK3 score of 0.08, indicating relatively low activity. The structure features an acetamide group (CC(=O)N-) attached to a phenyl ring substituted with a trifluoromethyl group (C(F)(F)F) and a side chain containing a morpholine-like ring (COC(N)C). To improve JNK3 activity, modifications known to enhance kinase inhibition can be considered. For example, introducing a hydrogen bond donor or acceptor to better interact with the kinase hinge region, or adding a heterocyclic moiety known to improve binding affinity. 

One common strategy is to replace the acetamide group with a urea or sulfonamide, which can form stronger hydrogen bonds. Also, replacing the trifluoromethyl group with a cyano group (–CN) can sometimes improve binding by acting as a hydrogen bond acceptor. Additionally, extending the side chain to include a pyrrolidine or piperazine ring can improve solubility and binding.

Therefore, I propose replacing the acetamide with a sulfonamide (–SO2NH–) and the trifluoromethyl group with a cyano group, while keeping the morpholine-like ring to maintain the original scaffold. This modification is expected to increase hydrogen bonding and improve JNK3 binding affinity, thus increasing the JNK3 score.

<<<Molecule>>>: \box{CS(=O)(=O)Nc1ccc(NCC2COC(N)C2C)c(C#N)c1}}","I have two molecules and their JNK3 scores. The JNK3 score measures a molecular's biological activity against JNK3.


[CC(=O)Nc1ccc(NCC2COC(N)C2C)c(C(F)(F)F)c1,0.08]
[CC(=O)Nc1ccc(NCC2COC(N)C2C)c(C(F)(F)F)c1,0.08]Please propose a new molecule that has a higher JNK3 score. You can either make crossover and mutations based on the given molecules or just propose a new molecule based on your knowledge.



Your output should follow the format: {<<<Explaination>>>: $EXPLANATION, <<<Molecule>>>: \box{$Molecule}}. Here are the requirements:

        

1. $EXPLANATION should be your analysis.
2. The $Molecule should be the smiles of your propsosed molecule.
3. The molecule should be valid.
        "
16,93,CCCCO[C@@H]1C[C@H](NC(=O)c2occc2Br)C1(C)C,0.02,0.07033333333333334,0.22,0.01,0.05600496009779451,198,False,,,
16,94,NC(=O)c1cccc(CNC(=O)CSc2nc3ccccc3o2)c1,0.02,0.07033333333333334,0.22,0.01,0.05600496009779451,198,False,,,
16,95,CCC[C@@H](C(=O)N1CCN(CC(=O)NC2=C(C)C=CC=C2C)CC1)C1=CC=CC=C1,0.02,0.07033333333333334,0.22,0.01,0.05600496009779451,198,False,,,
16,96,COc1ccc([C@H](NC(=O)c2ccc3nccnc3c2)C2CCOCC2)cc1,0.02,0.07033333333333334,0.22,0.01,0.05600496009779451,198,False,,,
16,97,COc1cc(-c2ccccc2)sc1C(=O)NC[C@@H](O)C(C)(C)C,0.02,0.07033333333333334,0.22,0.01,0.05600496009779451,198,False,,,
16,98,Cc1nn(C)cc1CN1C[C@H](CO)OC[C@@H]1C,0.02,0.07033333333333334,0.22,0.01,0.05600496009779451,198,False,,,
16,99,Cc1cc(NC(=O)Nc2cccc(Cl)c2)ncc1Br,0.02,0.07033333333333334,0.22,0.01,0.05600496009779451,198,False,,,
16,100,CCSC[C@@H](C)N(C)C(=O)NCc1ccc(C)cc1N(C)C,0.02,0.07033333333333334,0.22,0.01,0.05600496009779451,198,False,,,
16,101,C=C(C)CN(C)C(=O)CN1CC2=C(C1=O)[C@@H](C1=CC=C(Cl)C=C1Cl)NC(=O)N2CC,0.02,0.07033333333333334,0.22,0.01,0.05600496009779451,198,False,,,
16,102,COc1ccc2c(c1)C[C@@H](C(=O)Nc1ccc(C(C)=O)c(C)c1)CO2,0.02,0.07033333333333334,0.22,0.01,0.05600496009779451,198,False,,,
16,103,Cc1[nH+]ccn1Cc1nnc([C@@H]2CCC[NH+](Cc3cccnc3)C2)n1C,0.02,0.07033333333333334,0.22,0.01,0.05600496009779451,198,False,,,
16,104,COc1ccc([C@@H]2CC(=O)C3=C(C2)N[C@@H]2N=NC(O)=C2[C@H]3c2ccc(Cl)c(Cl)c2)cc1OC,0.02,0.07033333333333334,0.22,0.01,0.05600496009779451,198,False,,,
16,105,C[C@H]1Cc2cc([C@@H](Cl)C3(C)CCCC3)ccc2O1,0.02,0.07033333333333334,0.22,0.01,0.05600496009779451,198,False,,,
16,106,C[NH+]1CCC(NC(=O)NC2=NC=C(CC3=CC=CC(Cl)=C3)S2)CC1,0.02,0.07033333333333334,0.22,0.01,0.05600496009779451,198,False,,,
16,107,O=C(NCC1CCN(C(=O)c2ccccn2)CC1)C(=O)NC1CCCC1,0.02,0.07033333333333334,0.22,0.01,0.05600496009779451,198,False,,,
16,108,C[C@H](Cc1ccsc1)[NH+](C)Cc1cnc(N2CC[NH+](C)CC2)nc1,0.02,0.07033333333333334,0.22,0.01,0.05600496009779451,198,False,,,
16,109,COc1ccc(NC(=O)C[NH+]2CCCN(Cc3cccc(Cl)c3)S2(=O)=O)cc1,0.02,0.07033333333333334,0.22,0.01,0.05600496009779451,198,False,,,
16,110,CSC(C)c1cccc(NC(=O)NC(C)COC2CCOCC2)c1,0.02,0.07033333333333334,0.22,0.01,0.05600496009779451,198,False,,"The first molecule has a JNK3 score of 0.05, which is higher than the second molecule's 0.01. The first molecule features a substituted aniline linked to a methylated purine-like heterocycle, while the second molecule has a bulky tert-butyl group and a morpholine ring. To improve the JNK3 score, I propose combining the key amide linkage and aromatic system from the first molecule with the morpholine ring from the second molecule, which may enhance solubility and binding interactions. Additionally, introducing a small alkyl substitution on the aromatic ring could improve hydrophobic interactions. This hybrid molecule maintains the core amide and aromatic system from the first molecule but replaces the purine moiety with a morpholine-containing amide, potentially increasing activity against JNK3.","I have two molecules and their JNK3 scores. The JNK3 score measures a molecular's biological activity against JNK3.


[CS[C@@H](C)C1=CC=CC(NC(=O)C2=CN(C)N=C2C2=CC=CC=C2)=C1,0.05]
[CCC(C)(C)NC(=O)c1ccc(NC(=O)N[C@@H](C)[C@H]2CCCO2)cc1,0.01]Please propose a new molecule that has a higher JNK3 score. You can either make crossover and mutations based on the given molecules or just propose a new molecule based on your knowledge.



Your output should follow the format: {<<<Explaination>>>: $EXPLANATION, <<<Molecule>>>: \box{$Molecule}}. Here are the requirements:

        

1. $EXPLANATION should be your analysis.
2. The $Molecule should be the smiles of your propsosed molecule.
3. The molecule should be valid.
        "
16,111,C=C(C)CN(C)C(=O)CN1CC2=C(C1=O)[C@@H](C1=CC=C(C)C1Cl)NC(=O)N2CC,0.02,0.07033333333333334,0.22,0.01,0.05600496009779451,198,False,,Fallback to genetic operations due to LLM error: ,"Fallback genetic operation for parents: ['C=C(C)CN(C)C(=O)CN1CC2=C(C1=O)[C@@H](C1=CC=C(Cl)C=C1Cl)NC(=O)N2CC', 'CC1=CC=C(NC(=O)CN2C(=O)S/C(=C/C3=C(F)C=CC=C3Cl)C2=O)C=C1']"
16,112,O=C1N[C@@H](c2ccccc2F)c2c1oc1ccccc1c2=O,0.01,0.07033333333333334,0.22,0.01,0.05600496009779451,198,False,,,
16,113,CS(=O)(=O)N[C@H]1CCN(c2ccc(Cl)c(F)c2)C1=O,0.01,0.07033333333333334,0.22,0.01,0.05600496009779451,198,False,,,
16,114,CCC(C)(C)NC(=O)c1ccc(NC(=O)N[C@@H](C)[C@H]2CCCO2)cc1,0.01,0.07033333333333334,0.22,0.01,0.05600496009779451,198,False,,,
16,115,CSCC[C@H](NC(=O)N[C@@H]1CCCCC1(C)C)C(=O)[O-],0.01,0.07033333333333334,0.22,0.01,0.05600496009779451,198,False,,,
16,116,CC(C)C(=O)Nc1nc2ccc(CCC(=O)NCc3ccccc3Cl)cc2s1,0.01,0.07033333333333334,0.22,0.01,0.05600496009779451,198,False,,,
16,117,Cc1nn(-c2ccccc2)c(C)c1NC(=O)CN1CCc2cc(F)ccc2C1,0.01,0.07033333333333334,0.22,0.01,0.05600496009779451,198,False,,,
16,118,COc1ccc(C[C@H](C)C[NH+](C)Cc2cn3cccnc3n2)cc1,0.01,0.07033333333333334,0.22,0.01,0.05600496009779451,198,False,,,
16,119,CCc1nsc(NCC(=O)NC(C)(C)C)n1,0.01,0.07033333333333334,0.22,0.01,0.05600496009779451,198,False,,,
16,120,CCCN(C)c1nccn2c(=O)n(CC(=O)Nc3cccc(SC)c3)nc12,0.01,0.07033333333333334,0.22,0.01,0.05600496009779451,198,False,,,
